;FLAVOR:Marlin
;TIME:1446
;Filament used: 0.970959m
;Layer height: 0.2
;MINX:101.531
;MINY:40.2
;MINZ:0.2
;MAXX:128.469
;MAXY:137.812
;MAXZ:5
;TARGET_MACHINE.NAME:Creality Ender-3 S1 Pro
;Generated with Cura_SteamEngine 5.12.0
; Ender 3 S1 Pro Start G-code
; M413 S0 ; Disable power loss recovery
G92 E0 ; Reset Extruder

; Prep surfaces before auto home for better accuracy
M140 S60
M104 S200

G28 ; Home all axes
G1 Z10.0 F3000 ; Move Z Axis up little to prevent scratching of Heat Bed
G1 X0 Y0

M190 S60
M109 S200

G1 X0.1 Y20 Z0.3 F5000.0 ; Move to start position
G1 X0.1 Y200.0 Z0.3 F1500.0 E15 ; Draw the first line
G1 X0.4 Y200.0 Z0.3 F5000.0 ; Move to side a little
G1 X0.4 Y20 Z0.3 F1500.0 E30 ; Draw the second line
G92 E0 ; Reset Extruder
G1 Z2.0 F3000 ; Move Z Axis up little to prevent scratching of Heat Bed
G1 X5 Y20 Z0.3 F5000.0 ; Move over to prevent blob squish

M82 ;absolute extrusion mode
G92 E0
G92 E0
G1 F2400 E-0.8
;LAYER_COUNT:25
;LAYER:0
M107
M204 S2000
G0 F7500 X101.997 Y47.251 Z0.2
M204 S500
;TYPE:SKIRT
G1 F2400 E0
G1 F1500 X103.05 Y45.223 E0.076
G1 X104.623 Y43.752 E0.14763
G1 X106.22 Y42.814 E0.20923
G1 X107.012 Y42.492 E0.23767
G1 X108.899 Y42.228 E0.30104
G1 X111.501 Y42.188 E0.3876
G1 X113.403 Y42.656 E0.45274
G1 X115.038 Y43.505 E0.51402
G1 X116.213 Y42.815 E0.55934
G1 X117.005 Y42.493 E0.58777
G1 X118.899 Y42.228 E0.65138
G1 X121.501 Y42.188 E0.73794
G1 X123.417 Y42.66 E0.80357
G1 X125.441 Y43.715 E0.87948
G1 X126.904 Y45.28 E0.95074
G1 X128.111 Y47.303 E1.02909
G1 X128.393 Y49.021 E1.08699
G1 X128.469 Y80.853 E2.14573
G1 X128.003 Y82.749 E2.21067
G1 X126.95 Y84.777 E2.28667
G1 X125.377 Y86.248 E2.3583
G1 X123.78 Y87.186 E2.4199
G1 X122.988 Y87.508 E2.44834
G1 X121.101 Y87.772 E2.51171
G1 X118.499 Y87.812 E2.59827
G1 X116.597 Y87.344 E2.66341
G1 X114.962 Y86.495 E2.72469
G1 X113.787 Y87.185 E2.77001
G1 X112.995 Y87.507 E2.79845
G1 X111.101 Y87.772 E2.86205
G1 X108.499 Y87.812 E2.94861
G1 X106.583 Y87.34 E3.01424
G1 X104.559 Y86.285 E3.09015
G1 X103.096 Y84.72 E3.16141
G1 X101.889 Y82.697 E3.23976
G1 X101.607 Y80.979 E3.29766
G1 X101.531 Y49.147 E4.3564
G1 X101.997 Y47.251 E4.42134
M204 S2000
G0 F7500 X102.373 Y47.394
M204 S500
G1 F1500 X103.373 Y45.468 E4.49352
G1 X104.862 Y44.076 E4.56132
G1 X106.423 Y43.159 E4.62153
G1 X107.116 Y42.881 E4.64637
G1 X108.905 Y42.628 E4.70646
G1 X111.457 Y42.589 E4.79135
G1 X113.261 Y43.033 E4.85314
G1 X115.051 Y43.962 E4.92022
G1 X116.364 Y43.186 E4.97095
G1 X117.112 Y42.882 E4.9978
G1 X118.905 Y42.628 E5.05803
G1 X121.457 Y42.589 E5.14292
G1 X123.272 Y43.036 E5.20509
G1 X125.197 Y44.039 E5.27729
G1 X126.58 Y45.519 E5.34466
G1 X127.728 Y47.443 E5.41918
G1 X127.998 Y49.086 E5.47456
G1 X128.069 Y80.807 E6.5296
G1 X127.627 Y82.606 E6.59122
G1 X126.627 Y84.532 E6.6634
G1 X125.138 Y85.924 E6.73119
G1 X123.577 Y86.841 E6.79141
G1 X122.884 Y87.119 E6.81624
G1 X121.095 Y87.372 E6.87634
G1 X118.543 Y87.411 E6.96123
G1 X116.739 Y86.967 E7.02302
G1 X114.949 Y86.038 E7.09009
G1 X113.636 Y86.814 E7.14082
G1 X112.888 Y87.118 E7.16768
G1 X111.095 Y87.372 E7.22791
G1 X108.543 Y87.411 E7.3128
G1 X106.728 Y86.964 E7.37497
G1 X104.803 Y85.961 E7.44716
G1 X103.42 Y84.481 E7.51454
G1 X102.272 Y82.557 E7.58905
G1 X102.002 Y80.914 E7.64443
G1 X101.931 Y49.193 E8.69948
G1 X102.373 Y47.394 E8.7611
M204 S2000
G0 F7500 X102.75 Y47.536
M204 S500
G1 F1500 X103.696 Y45.713 E8.82941
G1 X105.104 Y44.397 E8.89351
G1 X106.572 Y43.53 E8.95021
G1 X107.219 Y43.271 E8.97339
G1 X108.911 Y43.028 E9.03025
G1 X111.413 Y42.99 E9.11347
G1 X113.119 Y43.41 E9.17191
G1 X114.902 Y44.335 E9.23872
G1 X115.029 Y44.441 E9.24422
G1 X116.515 Y43.557 E9.30173
G1 X117.219 Y43.271 E9.327
G1 X118.911 Y43.028 E9.38385
G1 X121.413 Y42.99 E9.46708
G1 X123.127 Y43.412 E9.52579
G1 X124.953 Y44.363 E9.59427
G1 X126.259 Y45.761 E9.6579
G1 X127.345 Y47.581 E9.72839
G1 X127.603 Y49.151 E9.78131
G1 X127.669 Y80.76 E10.83263
G1 X127.25 Y82.464 E10.89099
G1 X126.304 Y84.287 E10.9593
G1 X124.896 Y85.603 E11.0234
G1 X123.428 Y86.47 E11.08011
G1 X122.781 Y86.729 E11.10329
G1 X121.089 Y86.972 E11.16014
G1 X118.587 Y87.01 E11.24337
G1 X116.881 Y86.59 E11.30181
G1 X115.098 Y85.665 E11.36861
G1 X114.971 Y85.559 E11.37412
G1 X113.485 Y86.443 E11.43162
G1 X112.781 Y86.729 E11.4569
G1 X111.089 Y86.972 E11.51375
G1 X108.587 Y87.01 E11.59698
G1 X106.873 Y86.588 E11.65569
G1 X105.047 Y85.637 E11.72416
G1 X103.741 Y84.239 E11.7878
G1 X102.655 Y82.419 E11.85829
G1 X102.397 Y80.849 E11.91121
G1 X102.331 Y49.24 E12.96253
G1 X102.75 Y47.536 E13.02089
M204 S2000
G0 F7500 X103.126 Y47.679
M204 S500
G1 F1500 X104.019 Y45.958 E13.08538
G1 X105.344 Y44.72 E13.14569
G1 X106.721 Y43.901 E13.19898
G1 X107.321 Y43.661 E13.22047
G1 X108.917 Y43.428 E13.27412
G1 X111.369 Y43.391 E13.35568
G1 X112.977 Y43.787 E13.41076
G1 X114.718 Y44.69 E13.47599
G1 X115.021 Y45.018 E13.49084
G1 X115.337 Y44.724 E13.5052
G1 X116.72 Y43.901 E13.55873
G1 X117.321 Y43.661 E13.58025
G1 X118.917 Y43.428 E13.6339
G1 X121.369 Y43.391 E13.71546
G1 X122.982 Y43.788 E13.77071
G1 X124.709 Y44.687 E13.83547
G1 X125.938 Y46.003 E13.89536
G1 X126.962 Y47.719 E13.96182
G1 X127.208 Y49.216 E14.01228
G1 X127.269 Y80.714 E15.05991
G1 X126.874 Y82.321 E15.11495
G1 X125.981 Y84.042 E15.17944
G1 X124.656 Y85.28 E15.23975
G1 X123.279 Y86.099 E15.29304
G1 X122.679 Y86.339 E15.31453
G1 X121.083 Y86.572 E15.36818
G1 X118.631 Y86.609 E15.44974
G1 X117.023 Y86.213 E15.50482
G1 X115.282 Y85.31 E15.57005
G1 X114.979 Y84.982 E15.5849
G1 X114.663 Y85.276 E15.59926
G1 X113.28 Y86.099 E15.65279
G1 X112.679 Y86.339 E15.67431
G1 X111.083 Y86.572 E15.72796
G1 X108.631 Y86.609 E15.80952
G1 X107.018 Y86.212 E15.86477
G1 X105.291 Y85.313 E15.92952
G1 X104.062 Y83.997 E15.98941
G1 X103.038 Y82.281 E16.05588
G1 X102.792 Y80.784 E16.10634
G1 X102.731 Y49.286 E17.15397
G1 X103.126 Y47.679 E17.20901
M204 S2000
G0 F7500 X103.502 Y47.822
M204 S500
G1 F1500 X104.342 Y46.203 E17.26967
G1 X105.585 Y45.042 E17.32624
G1 X106.925 Y44.245 E17.3781
G1 X107.425 Y44.05 E17.39595
G1 X108.923 Y43.828 E17.44632
G1 X111.325 Y43.792 E17.52622
G1 X112.835 Y44.164 E17.57794
G1 X114.47 Y45.012 E17.6392
G1 X115 Y45.585 E17.66516
G1 X115.579 Y45.046 E17.69147
G1 X116.925 Y44.245 E17.74357
G1 X117.425 Y44.05 E17.76142
G1 X118.923 Y43.828 E17.81178
G1 X121.325 Y43.792 E17.89168
G1 X122.837 Y44.164 E17.94347
G1 X124.465 Y45.011 E18.00451
G1 X125.617 Y46.245 E18.06066
G1 X126.579 Y47.857 E18.1231
G1 X126.813 Y49.281 E18.17109
G1 X126.869 Y80.668 E19.21503
G1 X126.498 Y82.178 E19.26675
G1 X125.658 Y83.797 E19.32741
G1 X124.415 Y84.958 E19.38398
G1 X123.075 Y85.755 E19.43584
G1 X122.575 Y85.95 E19.45369
G1 X121.077 Y86.172 E19.50406
G1 X118.675 Y86.208 E19.58396
G1 X117.165 Y85.836 E19.63568
G1 X115.53 Y84.988 E19.69694
G1 X115 Y84.415 E19.7229
G1 X114.421 Y84.954 E19.74921
G1 X113.075 Y85.755 E19.80131
G1 X112.575 Y85.95 E19.81916
G1 X111.077 Y86.172 E19.86953
G1 X108.675 Y86.208 E19.94942
G1 X107.163 Y85.836 E20.00121
G1 X105.535 Y84.989 E20.06225
G1 X104.383 Y83.755 E20.1184
G1 X103.421 Y82.143 E20.18084
G1 X103.187 Y80.719 E20.22883
G1 X103.131 Y49.332 E21.27277
G1 X103.502 Y47.822 E21.32449
M204 S2000
G0 F7500 X103.879 Y47.964
M204 S500
G1 F1500 X104.665 Y46.448 E21.38128
G1 X105.824 Y45.366 E21.43402
G1 X107.13 Y44.589 E21.48456
G1 X107.525 Y44.44 E21.49861
G1 X108.929 Y44.228 E21.54583
G1 X111.281 Y44.193 E21.62407
G1 X112.693 Y44.541 E21.67244
G1 X114.222 Y45.334 E21.72973
G1 X114.979 Y46.152 E21.76679
G1 X115.821 Y45.368 E21.80506
G1 X117.13 Y44.589 E21.85572
G1 X117.525 Y44.44 E21.86977
G1 X118.929 Y44.228 E21.91699
G1 X121.281 Y44.193 E21.99523
G1 X122.694 Y44.541 E22.04363
G1 X124.22 Y45.334 E22.10083
G1 X125.296 Y46.487 E22.15328
G1 X126.196 Y47.995 E22.21169
G1 X126.418 Y49.346 E22.25723
G1 X126.469 Y80.621 E23.29744
G1 X126.121 Y82.036 E23.34591
G1 X125.335 Y83.552 E23.4027
G1 X124.176 Y84.634 E23.45544
G1 X122.87 Y85.411 E23.50598
G1 X122.475 Y85.56 E23.52002
G1 X121.071 Y85.772 E23.56725
G1 X118.719 Y85.807 E23.64549
G1 X117.307 Y85.459 E23.69386
G1 X115.778 Y84.666 E23.75114
G1 X115.021 Y83.848 E23.78821
G1 X114.179 Y84.632 E23.82648
G1 X112.87 Y85.411 E23.87714
G1 X112.475 Y85.56 E23.89118
G1 X111.071 Y85.772 E23.93841
G1 X108.719 Y85.807 E24.01665
G1 X107.306 Y85.459 E24.06505
G1 X105.78 Y84.666 E24.12225
G1 X104.704 Y83.513 E24.1747
G1 X103.804 Y82.005 E24.23311
G1 X103.582 Y80.654 E24.27865
G1 X103.531 Y49.379 E25.31886
G1 X103.879 Y47.964 E25.36732
M204 S2000
G0 F7500 X104.255 Y48.107
M204 S500
G1 F1500 X104.988 Y46.693 E25.4203
G1 X106.063 Y45.69 E25.4692
G1 X107.335 Y44.933 E25.51843
G1 X107.624 Y44.83 E25.52864
G1 X108.989 Y44.624 E25.57455
G1 X111.237 Y44.594 E25.64933
G1 X112.551 Y44.918 E25.69434
G1 X113.976 Y45.657 E25.74773
G1 X114.959 Y46.718 E25.79583
G1 X116.063 Y45.69 E25.84601
G1 X117.335 Y44.933 E25.89524
G1 X117.624 Y44.83 E25.90544
G1 X118.989 Y44.624 E25.95136
G1 X121.237 Y44.594 E26.02613
G1 X122.551 Y44.918 E26.07115
G1 X123.975 Y45.657 E26.12451
G1 X124.975 Y46.729 E26.17327
G1 X125.813 Y48.133 E26.22765
G1 X126.023 Y49.411 E26.27073
G1 X126.069 Y80.575 E27.30725
G1 X125.745 Y81.893 E27.35239
G1 X125.012 Y83.307 E27.40536
G1 X123.937 Y84.31 E27.45426
G1 X122.665 Y85.067 E27.50349
G1 X122.376 Y85.17 E27.5137
G1 X121.011 Y85.376 E27.55961
G1 X118.763 Y85.406 E27.63439
G1 X117.449 Y85.082 E27.6794
G1 X116.024 Y84.343 E27.73279
G1 X115.041 Y83.282 E27.7809
G1 X113.937 Y84.31 E27.83107
G1 X112.665 Y85.067 E27.8803
G1 X112.376 Y85.17 E27.89051
G1 X111.011 Y85.376 E27.93642
G1 X108.763 Y85.406 E28.0112
G1 X107.449 Y85.082 E28.05621
G1 X106.025 Y84.343 E28.10957
G1 X105.025 Y83.271 E28.15833
G1 X104.187 Y81.867 E28.21271
G1 X103.977 Y80.589 E28.25579
G1 X103.931 Y49.425 E29.29231
G1 X104.255 Y48.107 E29.33745
M204 S2000
G0 F7500 X104.631 Y48.25
M204 S500
G1 F1500 X105.31 Y46.94 E29.38653
G1 X106.305 Y46.012 E29.43178
G1 X107.54 Y45.277 E29.47958
G1 X107.684 Y45.226 E29.48466
G1 X109.049 Y45.02 E29.53058
G1 X111.192 Y44.995 E29.60186
G1 X112.409 Y45.295 E29.64355
G1 X113.728 Y45.979 E29.69296
G1 X114.656 Y46.974 E29.73822
G1 X114.996 Y47.545 E29.76032
G1 X115.307 Y46.941 E29.78292
G1 X116.305 Y46.012 E29.82827
G1 X117.54 Y45.277 E29.87607
G1 X117.684 Y45.226 E29.88115
G1 X119.049 Y45.02 E29.92706
G1 X121.192 Y44.995 E29.99834
G1 X122.409 Y45.295 E30.04003
G1 X123.728 Y45.979 E30.08945
G1 X124.656 Y46.974 E30.1347
G1 X125.43 Y48.271 E30.18494
G1 X125.628 Y49.476 E30.22556
G1 X125.669 Y80.529 E31.25838
G1 X125.369 Y81.75 E31.3002
G1 X124.69 Y83.06 E31.34928
G1 X123.695 Y83.988 E31.39453
G1 X122.46 Y84.723 E31.44233
G1 X122.316 Y84.774 E31.44741
G1 X120.951 Y84.98 E31.49333
G1 X118.808 Y85.005 E31.56461
G1 X117.591 Y84.705 E31.6063
G1 X116.272 Y84.021 E31.65572
G1 X115.344 Y83.026 E31.70097
G1 X115.004 Y82.455 E31.72307
G1 X114.693 Y83.059 E31.74567
G1 X113.695 Y83.988 E31.79102
G1 X112.46 Y84.723 E31.83882
G1 X112.316 Y84.774 E31.8439
G1 X110.951 Y84.98 E31.88981
G1 X108.808 Y85.005 E31.96109
G1 X107.591 Y84.705 E32.00278
G1 X106.272 Y84.021 E32.0522
G1 X105.344 Y83.026 E32.09746
G1 X104.57 Y81.729 E32.14769
G1 X104.372 Y80.524 E32.18831
G1 X104.331 Y49.471 E33.22113
G1 X104.631 Y48.25 E33.26295
M204 S2000
G0 F7500 X105.007 Y48.393
M204 S500
G1 F1500 X105.632 Y47.187 E33.30813
G1 X106.547 Y46.334 E33.34974
G1 X107.745 Y45.621 E33.39611
G1 X109.054 Y45.42 E33.44015
G1 X111.147 Y45.396 E33.50977
G1 X112.267 Y45.672 E33.54814
G1 X113.481 Y46.301 E33.59361
G1 X114.334 Y47.216 E33.63522
G1 X115.022 Y48.37 E33.67991
G1 X115.631 Y47.187 E33.72416
G1 X116.547 Y46.334 E33.76579
G1 X117.745 Y45.621 E33.81216
G1 X119.054 Y45.42 E33.85621
G1 X121.147 Y45.396 E33.92582
G1 X122.267 Y45.672 E33.96419
G1 X123.481 Y46.301 E34.00967
G1 X124.334 Y47.216 E34.05127
G1 X125.047 Y48.411 E34.09756
G1 X125.233 Y49.541 E34.13565
G1 X125.269 Y80.483 E35.16478
G1 X124.993 Y81.607 E35.20328
G1 X124.368 Y82.813 E35.24845
G1 X123.453 Y83.666 E35.29006
G1 X122.255 Y84.379 E35.33643
G1 X120.946 Y84.58 E35.38048
G1 X118.853 Y84.604 E35.45009
G1 X117.733 Y84.328 E35.48846
G1 X116.519 Y83.699 E35.53394
G1 X115.666 Y82.784 E35.57554
G1 X114.978 Y81.63 E35.62023
G1 X114.369 Y82.813 E35.66448
G1 X113.453 Y83.666 E35.70611
G1 X112.255 Y84.379 E35.75248
G1 X110.946 Y84.58 E35.79653
G1 X108.853 Y84.604 E35.86615
G1 X107.733 Y84.328 E35.90451
G1 X106.519 Y83.699 E35.94999
G1 X105.666 Y82.784 E35.9916
G1 X104.953 Y81.589 E36.03788
G1 X104.767 Y80.459 E36.07597
G1 X104.731 Y49.517 E37.1051
G1 X105.007 Y48.393 E37.1436
M204 S2000
G0 F7500 X105.384 Y48.535
M204 S500
G1 F1500 X105.954 Y47.434 E37.18483
G1 X106.789 Y46.656 E37.22279
G1 X107.884 Y46.004 E37.26518
G1 X109.059 Y45.82 E37.30474
G1 X111.102 Y45.797 E37.37269
G1 X112.125 Y46.049 E37.40773
G1 X113.234 Y46.623 E37.44927
G1 X114.012 Y47.458 E37.48723
G1 X114.664 Y48.551 E37.52956
G1 X114.838 Y49.606 E37.56512
G1 X114.869 Y80.436 E38.59053
G1 X114.616 Y81.465 E38.62578
G1 X114.046 Y82.566 E38.66701
G1 X113.211 Y83.344 E38.70497
G1 X112.116 Y83.996 E38.74736
G1 X110.941 Y84.18 E38.78691
G1 X108.898 Y84.203 E38.85487
G1 X107.875 Y83.951 E38.88991
G1 X106.766 Y83.377 E38.93144
G1 X105.988 Y82.542 E38.9694
G1 X105.336 Y81.449 E39.01173
G1 X105.162 Y80.394 E39.0473
G1 X105.131 Y49.564 E40.07271
G1 X105.384 Y48.535 E40.10795
M204 S2000
G1 F2400 E39.30795
G0 F7500 X115.131 Y49.564
M204 S500
G1 F2400 E40.10795
G1 F1500 X115.384 Y48.535 E40.1432
G1 X115.954 Y47.434 E40.18443
G1 X116.789 Y46.656 E40.22239
G1 X117.884 Y46.004 E40.26478
G1 X119.059 Y45.82 E40.30433
G1 X121.102 Y45.797 E40.37229
G1 X122.125 Y46.049 E40.40733
G1 X123.234 Y46.623 E40.44886
G1 X124.012 Y47.458 E40.48682
G1 X124.664 Y48.551 E40.52915
G1 X124.838 Y49.606 E40.56472
G1 X124.869 Y80.436 E41.59013
G1 X124.616 Y81.465 E41.62537
G1 X124.046 Y82.566 E41.66661
G1 X123.211 Y83.344 E41.70457
G1 X122.116 Y83.996 E41.74695
G1 X120.941 Y84.18 E41.78651
G1 X118.898 Y84.203 E41.85447
G1 X117.875 Y83.951 E41.88951
G1 X116.766 Y83.377 E41.93104
G1 X115.988 Y82.542 E41.969
G1 X115.336 Y81.449 E42.01133
G1 X115.162 Y80.394 E42.04689
G1 X115.131 Y49.564 E43.0723
M204 S2000
G0 F7500 X115.531 Y49.61
M204 S500
G1 F1500 X115.76 Y48.678 E43.10422
G1 X116.276 Y47.681 E43.14156
G1 X117.031 Y46.978 E43.17587
G1 X118.023 Y46.387 E43.21428
G1 X119.063 Y46.22 E43.24931
G1 X121.058 Y46.198 E43.31567
G1 X121.982 Y46.425 E43.34732
G1 X122.987 Y46.945 E43.38495
G1 X123.69 Y47.7 E43.41927
G1 X124.281 Y48.691 E43.45764
G1 X124.443 Y49.671 E43.49068
G1 X124.469 Y80.39 E44.5124
G1 X124.24 Y81.322 E44.54432
G1 X123.724 Y82.319 E44.58166
G1 X122.969 Y83.022 E44.61597
G1 X121.977 Y83.613 E44.65437
G1 X120.937 Y83.78 E44.68941
G1 X118.942 Y83.802 E44.75577
G1 X118.018 Y83.575 E44.78741
G1 X117.013 Y83.055 E44.82505
G1 X116.31 Y82.3 E44.85936
G1 X115.719 Y81.309 E44.89774
G1 X115.557 Y80.329 E44.93077
G1 X115.531 Y49.61 E45.95249
M204 S2000
G0 F7500 X114.443 Y49.671
M204 S500
G1 F1500 X114.469 Y80.39 E46.97421
G1 X114.24 Y81.322 E47.00613
G1 X113.724 Y82.319 E47.04347
G1 X112.969 Y83.022 E47.07778
G1 X111.977 Y83.613 E47.11619
G1 X110.937 Y83.78 E47.15122
G1 X108.942 Y83.802 E47.21758
G1 X108.018 Y83.575 E47.24922
G1 X107.013 Y83.055 E47.28686
G1 X106.31 Y82.3 E47.32117
G1 X105.719 Y81.309 E47.35955
G1 X105.557 Y80.329 E47.39259
G1 X105.531 Y49.61 E48.41431
G1 X105.76 Y48.678 E48.44623
G1 X106.276 Y47.681 E48.48356
G1 X107.031 Y46.978 E48.51788
G1 X108.023 Y46.387 E48.55628
G1 X109.063 Y46.22 E48.59132
G1 X111.058 Y46.198 E48.65767
G1 X111.982 Y46.425 E48.68932
G1 X112.987 Y46.945 E48.72696
G1 X113.69 Y47.7 E48.76127
G1 X114.281 Y48.691 E48.79964
G1 X114.443 Y49.671 E48.83268
M204 S2000
G0 F7500 X114.048 Y49.736
M204 S500
G1 F1500 X114.069 Y80.344 E49.85071
G1 X113.864 Y81.179 E49.8793
G1 X113.401 Y82.074 E49.91282
G1 X112.73 Y82.698 E49.9433
G1 X111.838 Y83.23 E49.97784
G1 X110.933 Y83.38 E50.00835
G1 X108.99 Y83.401 E50.07298
G1 X108.157 Y83.197 E50.1015
G1 X107.258 Y82.732 E50.13517
G1 X106.634 Y82.061 E50.16564
G1 X106.102 Y81.169 E50.20019
G1 X105.952 Y80.264 E50.2307
G1 X105.931 Y49.656 E51.24873
G1 X106.136 Y48.821 E51.27732
G1 X106.599 Y47.926 E51.31084
G1 X107.27 Y47.302 E51.34131
G1 X108.162 Y46.77 E51.37586
G1 X109.067 Y46.62 E51.40637
G1 X111.01 Y46.599 E51.471
G1 X111.843 Y46.803 E51.49952
G1 X112.742 Y47.268 E51.53319
G1 X113.366 Y47.939 E51.56366
G1 X113.898 Y48.831 E51.59821
G1 X114.048 Y49.736 E51.62872
M204 S2000
G0 F7500 X113.653 Y49.802
M204 S500
G1 F1500 X113.669 Y80.298 E52.64302
G1 X113.488 Y81.036 E52.66829
G1 X113.078 Y81.829 E52.69798
G1 X112.491 Y82.374 E52.72463
G1 X111.698 Y82.847 E52.75534
G1 X110.867 Y82.985 E52.78335
G1 X109.038 Y83 E52.84419
G1 X108.296 Y82.819 E52.86959
G1 X107.503 Y82.409 E52.89928
G1 X106.958 Y81.822 E52.92592
G1 X106.485 Y81.029 E52.95664
G1 X106.347 Y80.198 E52.98465
G1 X106.331 Y49.702 E53.99895
G1 X106.512 Y48.964 E54.02423
G1 X106.922 Y48.171 E54.05392
G1 X107.509 Y47.626 E54.08056
G1 X108.302 Y47.153 E54.11127
G1 X109.133 Y47.015 E54.13929
G1 X110.962 Y47 E54.20012
G1 X111.704 Y47.181 E54.22553
G1 X112.497 Y47.591 E54.25522
G1 X113.042 Y48.178 E54.28186
G1 X113.515 Y48.971 E54.31257
G1 X113.653 Y49.802 E54.34059
M204 S2000
G0 F7500 X113.258 Y49.868
M204 S500
G1 F1500 X113.269 Y80.248 E55.35103
G1 X113.11 Y80.897 E55.37326
G1 X112.755 Y81.584 E55.39898
G1 X112.252 Y82.05 E55.42178
G1 X111.558 Y82.464 E55.44866
G1 X110.801 Y82.59 E55.47418
G1 X109.086 Y82.6 E55.53123
G1 X108.435 Y82.441 E55.55351
G1 X107.748 Y82.086 E55.57923
G1 X107.282 Y81.583 E55.60204
G1 X106.868 Y80.889 E55.62892
G1 X106.742 Y80.132 E55.65444
G1 X106.731 Y49.752 E56.66489
G1 X106.89 Y49.103 E56.68711
G1 X107.245 Y48.416 E56.71283
G1 X107.748 Y47.95 E56.73564
G1 X108.442 Y47.536 E56.76251
G1 X109.199 Y47.41 E56.78804
G1 X110.914 Y47.4 E56.84508
G1 X111.565 Y47.559 E56.86737
G1 X112.252 Y47.914 E56.89309
G1 X112.718 Y48.417 E56.91589
G1 X113.132 Y49.111 E56.94277
G1 X113.258 Y49.868 E56.9683
M204 S2000
G0 F7500 X112.863 Y49.934
M204 S500
G1 F1500 X112.869 Y80.198 E57.97488
G1 X112.732 Y80.758 E57.99406
G1 X112.432 Y81.338 E58.01578
G1 X112.013 Y81.726 E58.03477
G1 X111.418 Y82.081 E58.05781
G1 X110.735 Y82.195 E58.08084
G1 X109.135 Y82.2 E58.13406
G1 X108.574 Y82.063 E58.15327
G1 X107.994 Y81.763 E58.17499
G1 X107.606 Y81.344 E58.19398
G1 X107.251 Y80.749 E58.21702
G1 X107.137 Y80.066 E58.24006
G1 X107.131 Y49.802 E59.24664
G1 X107.268 Y49.242 E59.26581
G1 X107.568 Y48.662 E59.28753
G1 X107.987 Y48.274 E59.30653
G1 X108.582 Y47.919 E59.32957
G1 X109.265 Y47.805 E59.3526
G1 X110.865 Y47.8 E59.40582
G1 X111.426 Y47.937 E59.42503
G1 X112.006 Y48.237 E59.44674
G1 X112.394 Y48.656 E59.46574
G1 X112.749 Y49.251 E59.48878
G1 X112.863 Y49.934 E59.51181
M204 S2000
G0 F7500 X112.468 Y50
M204 S500
G1 F1500 X112.469 Y80.148 E60.51454
G1 X112.354 Y80.619 E60.53067
G1 X112.109 Y81.092 E60.54838
G1 X111.771 Y81.405 E60.5637
G1 X111.28 Y81.698 E60.58272
G1 X110.669 Y81.8 E60.60333
G1 X109.184 Y81.8 E60.65272
G1 X108.713 Y81.685 E60.66884
G1 X108.24 Y81.44 E60.68656
G1 X107.927 Y81.102 E60.70188
G1 X107.634 Y80.611 E60.7209
G1 X107.532 Y80 E60.7415
G1 X107.531 Y49.852 E61.74423
G1 X107.646 Y49.381 E61.76035
G1 X107.891 Y48.908 E61.77807
G1 X108.229 Y48.595 E61.79339
G1 X108.72 Y48.302 E61.81241
G1 X109.331 Y48.2 E61.83301
G1 X110.816 Y48.2 E61.88241
G1 X111.287 Y48.315 E61.89853
G1 X111.76 Y48.56 E61.91625
G1 X112.073 Y48.898 E61.93157
G1 X112.366 Y49.389 E61.95059
G1 X112.468 Y50 E61.97119
M204 S2000
G0 F7500 X112.068 Y50
M204 S500
G1 F1500 X112.069 Y80.098 E62.97225
G1 X111.976 Y80.48 E62.98533
G1 X111.786 Y80.846 E62.99905
G1 X111.529 Y81.084 E63.0107
G1 X111.142 Y81.315 E63.02569
G1 X110.669 Y81.4 E63.04167
G1 X109.234 Y81.4 E63.0894
G1 X108.852 Y81.307 E63.10248
G1 X108.486 Y81.117 E63.11619
G1 X108.248 Y80.86 E63.12784
G1 X108.017 Y80.473 E63.14283
G1 X107.932 Y80 E63.15882
G1 X107.931 Y49.902 E64.15988
G1 X108.024 Y49.52 E64.17296
G1 X108.214 Y49.154 E64.18667
G1 X108.471 Y48.916 E64.19832
G1 X108.858 Y48.685 E64.21331
G1 X109.331 Y48.6 E64.2293
G1 X110.766 Y48.6 E64.27702
G1 X111.148 Y48.693 E64.2901
G1 X111.514 Y48.883 E64.30382
G1 X111.752 Y49.14 E64.31547
G1 X111.983 Y49.527 E64.33046
G1 X112.068 Y50 E64.34644
M204 S2000
G0 F7500 X111.668 Y50
M204 S500
G1 F1500 X111.669 Y80.049 E65.34588
G1 X111.599 Y80.338 E65.35577
G1 X111.462 Y80.601 E65.36563
G1 X111.324 Y80.74 E65.37214
G1 X110.997 Y80.935 E65.38481
G1 X110.669 Y81 E65.39593
G1 X109.283 Y81 E65.44203
G1 X108.994 Y80.93 E65.45192
G1 X108.731 Y80.793 E65.46178
G1 X108.592 Y80.655 E65.46829
G1 X108.397 Y80.328 E65.48096
G1 X108.332 Y80 E65.49208
G1 X108.331 Y49.951 E66.49151
G1 X108.401 Y49.662 E66.5014
G1 X108.538 Y49.399 E66.51127
G1 X108.676 Y49.26 E66.51778
G1 X109.003 Y49.065 E66.53044
G1 X109.331 Y49 E66.54156
G1 X110.717 Y49 E66.58766
G1 X111.006 Y49.07 E66.59755
G1 X111.269 Y49.207 E66.60742
G1 X111.408 Y49.345 E66.61393
G1 X111.603 Y49.672 E66.62659
G1 X111.668 Y50 E66.63772
M204 S2000
G0 F7500 X110.868 Y50
M204 S500
G1 F1500 X110.869 Y80 E67.63552
G1 X110.83 Y80.119 E67.63968
G1 X110.669 Y80.2 E67.64568
G1 X109.332 Y80.2 E67.69015
G1 X109.213 Y80.161 E67.69431
G1 X109.132 Y80 E67.70031
G1 X109.131 Y50 E68.69811
G1 X109.17 Y49.881 E68.70228
G1 X109.331 Y49.8 E68.70827
G1 X110.668 Y49.8 E68.75274
G1 X110.787 Y49.839 E68.7569
G1 X110.868 Y50 E68.7629
M204 S2000
G0 F7500 X111.225 Y49.82
M204 S500
G1 F1500 X111.064 Y49.55 E68.77335
G1 X110.912 Y49.459 E68.77925
G1 X110.668 Y49.4 E68.7876
G1 X109.331 Y49.4 E68.83207
G1 X109.151 Y49.443 E68.83822
G1 X108.881 Y49.604 E68.84868
G1 X108.79 Y49.756 E68.85457
G1 X108.731 Y50 E68.86292
G1 X108.732 Y80 E69.86072
G1 X108.775 Y80.18 E69.86688
G1 X108.936 Y80.45 E69.87733
G1 X109.088 Y80.541 E69.88323
G1 X109.332 Y80.6 E69.89157
G1 X110.669 Y80.6 E69.93604
G1 X110.849 Y80.557 E69.9422
G1 X111.119 Y80.396 E69.95265
G1 X111.21 Y80.244 E69.95855
G1 X111.269 Y80 E69.9669
G1 X111.268 Y50 E70.9647
G1 X111.225 Y49.82 E70.97086
M204 S2000
G1 F2400 E70.17086
G0 F7500 X111.333 Y49.819
G0 X115.931 Y49.656
M204 S500
G1 F2400 E70.97086
G1 F1500 X116.136 Y48.821 E70.99945
G1 X116.599 Y47.926 E71.03297
G1 X117.27 Y47.302 E71.06344
G1 X118.162 Y46.77 E71.09799
G1 X119.067 Y46.62 E71.1285
G1 X121.01 Y46.599 E71.19313
G1 X121.843 Y46.803 E71.22165
G1 X122.742 Y47.268 E71.25532
G1 X123.366 Y47.939 E71.28579
G1 X123.898 Y48.831 E71.32034
G1 X124.048 Y49.736 E71.35085
G1 X124.069 Y80.344 E72.36887
G1 X123.864 Y81.179 E72.39747
G1 X123.401 Y82.074 E72.43099
G1 X122.73 Y82.698 E72.46146
G1 X121.838 Y83.23 E72.49601
G1 X120.933 Y83.38 E72.52652
G1 X118.99 Y83.401 E72.59115
G1 X118.157 Y83.197 E72.61967
G1 X117.258 Y82.732 E72.65333
G1 X116.634 Y82.061 E72.68381
G1 X116.102 Y81.169 E72.71835
G1 X115.952 Y80.264 E72.74886
G1 X115.931 Y49.656 E73.76689
M204 S2000
G0 F7500 X116.331 Y49.702
M204 S500
G1 F1500 X116.512 Y48.964 E73.79216
G1 X116.922 Y48.171 E73.82186
G1 X117.509 Y47.626 E73.8485
G1 X118.302 Y47.153 E73.87921
G1 X119.133 Y47.015 E73.90723
G1 X120.962 Y47 E73.96806
G1 X121.704 Y47.181 E73.99346
G1 X122.497 Y47.591 E74.02316
G1 X123.042 Y48.178 E74.0498
G1 X123.515 Y48.971 E74.08051
G1 X123.653 Y49.802 E74.10853
G1 X123.669 Y80.298 E75.12283
G1 X123.488 Y81.036 E75.1481
G1 X123.078 Y81.829 E75.17779
G1 X122.491 Y82.374 E75.20443
G1 X121.698 Y82.847 E75.23514
G1 X120.867 Y82.985 E75.26316
G1 X119.038 Y83 E75.324
G1 X118.296 Y82.819 E75.3494
G1 X117.503 Y82.409 E75.37909
G1 X116.958 Y81.822 E75.40573
G1 X116.485 Y81.029 E75.43644
G1 X116.347 Y80.198 E75.46446
G1 X116.331 Y49.702 E76.47876
M204 S2000
G0 F7500 X116.731 Y49.752
M204 S500
G1 F1500 X116.89 Y49.103 E76.50099
G1 X117.245 Y48.416 E76.52671
G1 X117.748 Y47.95 E76.54951
G1 X118.442 Y47.536 E76.57639
G1 X119.199 Y47.41 E76.60191
G1 X120.914 Y47.4 E76.65896
G1 X121.565 Y47.559 E76.68125
G1 X122.252 Y47.914 E76.70697
G1 X122.718 Y48.417 E76.72977
G1 X123.132 Y49.111 E76.75665
G1 X123.258 Y49.868 E76.78217
G1 X123.269 Y80.248 E77.79262
G1 X123.11 Y80.897 E77.81484
G1 X122.755 Y81.584 E77.84056
G1 X122.252 Y82.05 E77.86337
G1 X121.558 Y82.464 E77.89024
G1 X120.801 Y82.59 E77.91577
G1 X119.086 Y82.6 E77.97281
G1 X118.435 Y82.441 E77.9951
G1 X117.748 Y82.086 E78.02082
G1 X117.282 Y81.583 E78.04363
G1 X116.868 Y80.889 E78.0705
G1 X116.742 Y80.132 E78.09603
G1 X116.731 Y49.752 E79.10647
M204 S2000
G0 F7500 X117.131 Y49.802
M204 S500
G1 F1500 X117.268 Y49.242 E79.12565
G1 X117.568 Y48.662 E79.14736
G1 X117.987 Y48.274 E79.16636
G1 X118.582 Y47.919 E79.1894
G1 X119.265 Y47.805 E79.21243
G1 X120.865 Y47.8 E79.26565
G1 X121.426 Y47.937 E79.28486
G1 X122.006 Y48.237 E79.30658
G1 X122.394 Y48.656 E79.32557
G1 X122.749 Y49.251 E79.34861
G1 X122.863 Y49.934 E79.37164
G1 X122.869 Y80.198 E80.37823
G1 X122.732 Y80.758 E80.3974
G1 X122.432 Y81.338 E80.41912
G1 X122.013 Y81.726 E80.43812
G1 X121.418 Y82.081 E80.46116
G1 X120.735 Y82.195 E80.48419
G1 X119.135 Y82.2 E80.53741
G1 X118.574 Y82.063 E80.55662
G1 X117.994 Y81.763 E80.57833
G1 X117.606 Y81.344 E80.59733
G1 X117.251 Y80.749 E80.62037
G1 X117.137 Y80.066 E80.6434
G1 X117.131 Y49.802 E81.64999
M204 S2000
G0 F7500 X117.531 Y49.852
M204 S500
G1 F1500 X117.646 Y49.381 E81.66611
G1 X117.891 Y48.908 E81.68383
G1 X118.229 Y48.595 E81.69915
G1 X118.72 Y48.302 E81.71817
G1 X119.331 Y48.2 E81.73877
G1 X120.816 Y48.2 E81.78816
G1 X121.287 Y48.315 E81.80429
G1 X121.76 Y48.56 E81.82201
G1 X122.073 Y48.898 E81.83733
G1 X122.366 Y49.389 E81.85635
G1 X122.468 Y50 E81.87695
G1 X122.469 Y80.148 E82.87968
G1 X122.354 Y80.619 E82.8958
G1 X122.109 Y81.092 E82.91352
G1 X121.771 Y81.405 E82.92884
G1 X121.28 Y81.698 E82.94786
G1 X120.669 Y81.8 E82.96846
G1 X119.184 Y81.8 E83.01785
G1 X118.713 Y81.685 E83.03398
G1 X118.24 Y81.44 E83.0517
G1 X117.927 Y81.102 E83.06702
G1 X117.634 Y80.611 E83.08603
G1 X117.532 Y80 E83.10664
G1 X117.531 Y49.852 E84.10936
M204 S2000
G0 F7500 X117.931 Y49.902
M204 S500
G1 F1500 X118.024 Y49.52 E84.12244
G1 X118.214 Y49.154 E84.13616
G1 X118.471 Y48.916 E84.14781
G1 X118.858 Y48.685 E84.1628
G1 X119.331 Y48.6 E84.17878
G1 X120.766 Y48.6 E84.22651
G1 X121.148 Y48.693 E84.23959
G1 X121.514 Y48.883 E84.2533
G1 X121.752 Y49.14 E84.26495
G1 X121.983 Y49.527 E84.27994
G1 X122.068 Y50 E84.29593
G1 X122.069 Y80.098 E85.29699
G1 X121.976 Y80.48 E85.31007
G1 X121.786 Y80.846 E85.32378
G1 X121.529 Y81.084 E85.33543
G1 X121.142 Y81.315 E85.35042
G1 X120.669 Y81.4 E85.36641
G1 X119.234 Y81.4 E85.41414
G1 X118.852 Y81.307 E85.42721
G1 X118.486 Y81.117 E85.44093
G1 X118.248 Y80.86 E85.45258
G1 X118.017 Y80.473 E85.46757
G1 X117.932 Y80 E85.48355
G1 X117.931 Y49.902 E86.48462
M204 S2000
G0 F7500 X118.331 Y49.951
M204 S500
G1 F1500 X118.401 Y49.662 E86.49451
G1 X118.538 Y49.399 E86.50437
G1 X118.676 Y49.26 E86.51088
G1 X119.003 Y49.065 E86.52355
G1 X119.331 Y49 E86.53467
G1 X120.717 Y49 E86.58077
G1 X121.006 Y49.07 E86.59066
G1 X121.269 Y49.207 E86.60052
G1 X121.408 Y49.345 E86.60703
G1 X121.603 Y49.672 E86.6197
G1 X121.668 Y50 E86.63082
G1 X121.669 Y80.049 E87.63025
G1 X121.599 Y80.338 E87.64014
G1 X121.462 Y80.601 E87.65001
G1 X121.324 Y80.74 E87.65652
G1 X120.997 Y80.935 E87.66918
G1 X120.669 Y81 E87.6803
G1 X119.283 Y81 E87.7264
G1 X118.994 Y80.93 E87.73629
G1 X118.731 Y80.793 E87.74616
G1 X118.592 Y80.655 E87.75267
G1 X118.397 Y80.328 E87.76533
G1 X118.332 Y80 E87.77646
G1 X118.331 Y49.951 E88.77589
M204 S2000
G0 F7500 X119.131 Y50
M204 S500
G1 F1500 X119.132 Y80 E89.77369
G1 X119.213 Y80.161 E89.77969
G1 X119.332 Y80.2 E89.78385
G1 X120.669 Y80.2 E89.82832
G1 X120.83 Y80.119 E89.83432
G1 X120.869 Y80 E89.83848
G1 X120.868 Y50 E90.83629
G1 X120.787 Y49.839 E90.84228
G1 X120.668 Y49.8 E90.84645
G1 X119.331 Y49.8 E90.89091
G1 X119.17 Y49.881 E90.89691
G1 X119.131 Y50 E90.90107
M204 S2000
G0 F7500 X118.731 Y50
M204 S500
G1 F1500 X118.732 Y80 E91.89888
G1 X118.775 Y80.18 E91.90503
G1 X118.936 Y80.45 E91.91549
G1 X119.088 Y80.541 E91.92138
G1 X119.332 Y80.6 E91.92973
G1 X120.669 Y80.6 E91.9742
G1 X120.849 Y80.557 E91.98035
G1 X121.119 Y80.396 E91.99081
G1 X121.21 Y80.244 E91.9967
G1 X121.269 Y80 E92.00505
G1 X121.268 Y50 E93.00286
G1 X121.225 Y49.82 E93.00901
G1 X121.064 Y49.55 E93.01947
G1 X120.912 Y49.459 E93.02536
G1 X120.668 Y49.4 E93.03371
G1 X119.331 Y49.4 E93.07818
G1 X119.151 Y49.443 E93.08433
G1 X118.881 Y49.604 E93.09479
G1 X118.79 Y49.756 E93.10068
G1 X118.731 Y50 E93.10903
M204 S2000
G1 F2400 E92.30903
G0 F7500 X118.667 Y50.001
G0 X118.679 Y80.653
G0 X118.899 Y92.228
M204 S500
G1 F2400 E93.10903
G1 F1500 X121.501 Y92.188 E93.19558
G1 X123.417 Y92.66 E93.26121
G1 X125.441 Y93.715 E93.33713
G1 X126.904 Y95.28 E93.40838
G1 X128.111 Y97.303 E93.48673
G1 X128.393 Y99.021 E93.54464
G1 X128.469 Y130.853 E94.60338
G1 X128.003 Y132.749 E94.66832
G1 X126.95 Y134.777 E94.74432
G1 X125.377 Y136.248 E94.81595
G1 X123.78 Y137.186 E94.87755
G1 X122.988 Y137.508 E94.90599
G1 X121.101 Y137.772 E94.96936
G1 X118.499 Y137.812 E95.05591
G1 X116.597 Y137.344 E95.12106
G1 X114.962 Y136.495 E95.18234
G1 X113.787 Y137.185 E95.22766
G1 X112.995 Y137.507 E95.25609
G1 X111.101 Y137.772 E95.3197
G1 X108.499 Y137.812 E95.40625
G1 X106.583 Y137.34 E95.47189
G1 X104.559 Y136.285 E95.5478
G1 X103.096 Y134.72 E95.61905
G1 X101.889 Y132.697 E95.69741
G1 X101.607 Y130.979 E95.75531
G1 X101.531 Y99.147 E96.81405
G1 X101.997 Y97.251 E96.87899
G1 X103.05 Y95.223 E96.95499
G1 X104.623 Y93.752 E97.02662
G1 X106.22 Y92.814 E97.08822
G1 X107.012 Y92.492 E97.11666
G1 X108.899 Y92.228 E97.18003
G1 X111.501 Y92.188 E97.26658
G1 X113.403 Y92.656 E97.33173
G1 X115.038 Y93.505 E97.39301
G1 X116.213 Y92.815 E97.43833
G1 X117.005 Y92.493 E97.46676
G1 X118.899 Y92.228 E97.53037
M204 S2000
G0 F7500 X118.905 Y92.628
M204 S500
G1 F1500 X121.457 Y92.589 E97.61526
G1 X123.272 Y93.036 E97.67743
G1 X125.197 Y94.039 E97.74963
G1 X126.58 Y95.519 E97.817
G1 X127.728 Y97.443 E97.89152
G1 X127.998 Y99.086 E97.9469
G1 X128.069 Y130.807 E99.00194
G1 X127.627 Y132.606 E99.06356
G1 X126.627 Y134.532 E99.13574
G1 X125.138 Y135.924 E99.20353
G1 X123.577 Y136.841 E99.26375
G1 X122.884 Y137.119 E99.28858
G1 X121.095 Y137.372 E99.34868
G1 X118.543 Y137.411 E99.43357
G1 X116.739 Y136.967 E99.49536
G1 X114.949 Y136.038 E99.56244
G1 X113.636 Y136.814 E99.61316
G1 X112.888 Y137.118 E99.64002
G1 X111.095 Y137.372 E99.70025
G1 X108.543 Y137.411 E99.78514
G1 X106.728 Y136.964 E99.84731
G1 X104.803 Y135.961 E99.9195
G1 X103.42 Y134.481 E99.98688
G1 X102.272 Y132.557 E100.06139
G1 X102.002 Y130.914 E100.11677
G1 X101.931 Y99.193 E101.17182
G1 X102.373 Y97.394 E101.23344
G1 X103.373 Y95.468 E101.30561
G1 X104.862 Y94.076 E101.37341
G1 X106.423 Y93.159 E101.43362
G1 X107.116 Y92.881 E101.45846
G1 X108.905 Y92.628 E101.51855
G1 X111.457 Y92.589 E101.60344
G1 X113.261 Y93.033 E101.66524
G1 X115.051 Y93.962 E101.73231
G1 X116.364 Y93.186 E101.78304
G1 X117.112 Y92.882 E101.80989
G1 X118.905 Y92.628 E101.87012
M204 S2000
G0 F7500 X118.911 Y93.028
M204 S500
G1 F1500 X121.413 Y92.99 E101.95335
G1 X123.127 Y93.412 E102.01206
G1 X124.953 Y94.363 E102.08054
G1 X126.259 Y95.761 E102.14417
G1 X127.345 Y97.581 E102.21466
G1 X127.603 Y99.151 E102.26758
G1 X127.669 Y130.76 E103.3189
G1 X127.25 Y132.464 E103.37726
G1 X126.304 Y134.287 E103.44557
G1 X124.896 Y135.603 E103.50967
G1 X123.428 Y136.47 E103.56638
G1 X122.781 Y136.729 E103.58956
G1 X121.089 Y136.972 E103.64641
G1 X118.587 Y137.01 E103.72964
G1 X116.881 Y136.59 E103.78808
G1 X115.098 Y135.665 E103.85488
G1 X114.971 Y135.559 E103.86039
G1 X113.485 Y136.443 E103.91789
G1 X112.781 Y136.729 E103.94317
G1 X111.089 Y136.972 E104.00002
G1 X108.587 Y137.01 E104.08325
G1 X106.873 Y136.588 E104.14196
G1 X105.047 Y135.637 E104.21044
G1 X103.741 Y134.239 E104.27407
G1 X102.655 Y132.419 E104.34456
G1 X102.397 Y130.849 E104.39748
G1 X102.331 Y99.24 E105.4488
G1 X102.75 Y97.536 E105.50716
G1 X103.696 Y95.713 E105.57547
G1 X105.104 Y94.397 E105.63957
G1 X106.572 Y93.53 E105.69628
G1 X107.219 Y93.271 E105.71946
G1 X108.911 Y93.028 E105.77631
G1 X111.413 Y92.99 E105.85954
G1 X113.119 Y93.41 E105.91797
G1 X114.902 Y94.335 E105.98478
G1 X115.029 Y94.441 E105.99028
G1 X116.515 Y93.557 E106.04779
G1 X117.219 Y93.271 E106.07307
G1 X118.911 Y93.028 E106.12992
M204 S2000
G0 F7500 X118.917 Y93.428
M204 S500
G1 F1500 X121.369 Y93.391 E106.21148
G1 X122.982 Y93.788 E106.26673
G1 X124.709 Y94.687 E106.33149
G1 X125.938 Y96.003 E106.39138
G1 X126.962 Y97.719 E106.45784
G1 X127.208 Y99.216 E106.5083
G1 X127.269 Y130.714 E107.55593
G1 X126.874 Y132.321 E107.61097
G1 X125.981 Y134.042 E107.67546
G1 X124.656 Y135.28 E107.73577
G1 X123.279 Y136.099 E107.78906
G1 X122.679 Y136.339 E107.81055
G1 X121.083 Y136.572 E107.8642
G1 X118.631 Y136.609 E107.94576
G1 X117.023 Y136.213 E108.00084
G1 X115.282 Y135.31 E108.06607
G1 X114.979 Y134.982 E108.08092
G1 X114.663 Y135.276 E108.09528
G1 X113.28 Y136.099 E108.14881
G1 X112.679 Y136.339 E108.17033
G1 X111.083 Y136.572 E108.22398
G1 X108.631 Y136.609 E108.30554
G1 X107.018 Y136.212 E108.36079
G1 X105.291 Y135.313 E108.42555
G1 X104.062 Y133.997 E108.48544
G1 X103.038 Y132.281 E108.5519
G1 X102.792 Y130.784 E108.60236
G1 X102.731 Y99.286 E109.64999
G1 X103.126 Y97.679 E109.70503
G1 X104.019 Y95.958 E109.76952
G1 X105.344 Y94.72 E109.82983
G1 X106.721 Y93.901 E109.88312
G1 X107.321 Y93.661 E109.90461
G1 X108.917 Y93.428 E109.95826
G1 X111.369 Y93.391 E110.03982
G1 X112.977 Y93.787 E110.0949
G1 X114.718 Y94.69 E110.16013
G1 X115.021 Y95.018 E110.17498
G1 X115.337 Y94.724 E110.18934
G1 X116.72 Y93.901 E110.24287
G1 X117.321 Y93.661 E110.26439
G1 X118.917 Y93.428 E110.31804
M204 S2000
G0 F7500 X118.923 Y93.828
M204 S500
G1 F1500 X121.325 Y93.792 E110.39794
G1 X122.837 Y94.164 E110.44972
G1 X124.465 Y95.011 E110.51076
G1 X125.617 Y96.245 E110.56691
G1 X126.579 Y97.857 E110.62935
G1 X126.813 Y99.281 E110.67734
G1 X126.869 Y130.668 E111.72128
G1 X126.498 Y132.178 E111.773
G1 X125.658 Y133.797 E111.83366
G1 X124.415 Y134.958 E111.89023
G1 X123.075 Y135.755 E111.94209
G1 X122.575 Y135.95 E111.95994
G1 X121.077 Y136.172 E112.01031
G1 X118.675 Y136.208 E112.09021
G1 X117.165 Y135.836 E112.14193
G1 X115.53 Y134.988 E112.20319
G1 X115 Y134.415 E112.22915
G1 X114.421 Y134.954 E112.25546
G1 X113.075 Y135.755 E112.30756
G1 X112.575 Y135.95 E112.32541
G1 X111.077 Y136.172 E112.37578
G1 X108.675 Y136.208 E112.45568
G1 X107.163 Y135.836 E112.50747
G1 X105.535 Y134.989 E112.5685
G1 X104.383 Y133.755 E112.62465
G1 X103.421 Y132.143 E112.68709
G1 X103.187 Y130.719 E112.73509
G1 X103.131 Y99.332 E113.77902
G1 X103.502 Y97.822 E113.83074
G1 X104.342 Y96.203 E113.8914
G1 X105.585 Y95.042 E113.94798
G1 X106.925 Y94.245 E113.99983
G1 X107.425 Y94.05 E114.01768
G1 X108.923 Y93.828 E114.06805
G1 X111.325 Y93.792 E114.14795
G1 X112.835 Y94.164 E114.19967
G1 X114.47 Y95.012 E114.26093
G1 X115 Y95.585 E114.28689
G1 X115.579 Y95.046 E114.3132
G1 X116.925 Y94.245 E114.3653
G1 X117.425 Y94.05 E114.38315
G1 X118.923 Y93.828 E114.43352
M204 S2000
G0 F7500 X118.929 Y94.228
M204 S500
G1 F1500 X121.281 Y94.193 E114.51175
G1 X122.694 Y94.541 E114.56015
G1 X124.22 Y95.334 E114.61735
G1 X125.296 Y96.487 E114.66981
G1 X126.196 Y97.995 E114.72822
G1 X126.418 Y99.346 E114.77375
G1 X126.469 Y130.621 E115.81397
G1 X126.121 Y132.036 E115.86243
G1 X125.335 Y133.552 E115.91923
G1 X124.176 Y134.634 E115.97196
G1 X122.87 Y135.411 E116.02251
G1 X122.475 Y135.56 E116.03655
G1 X121.071 Y135.772 E116.08378
G1 X118.719 Y135.807 E116.16201
G1 X117.307 Y135.459 E116.21038
G1 X115.778 Y134.666 E116.26767
G1 X115.021 Y133.848 E116.30474
G1 X114.179 Y134.632 E116.343
G1 X112.87 Y135.411 E116.39367
G1 X112.475 Y135.56 E116.40771
G1 X111.071 Y135.772 E116.45494
G1 X108.719 Y135.807 E116.53317
G1 X107.306 Y135.459 E116.58157
G1 X105.78 Y134.666 E116.63877
G1 X104.704 Y133.513 E116.69123
G1 X103.804 Y132.005 E116.74964
G1 X103.582 Y130.654 E116.79517
G1 X103.531 Y99.379 E117.83538
G1 X103.879 Y97.964 E117.88385
G1 X104.665 Y96.448 E117.94065
G1 X105.824 Y95.366 E117.99338
G1 X107.13 Y94.589 E118.04393
G1 X107.525 Y94.44 E118.05797
G1 X108.929 Y94.228 E118.10519
G1 X111.281 Y94.193 E118.18343
G1 X112.693 Y94.541 E118.2318
G1 X114.222 Y95.334 E118.28909
G1 X114.979 Y96.152 E118.32616
G1 X115.821 Y95.368 E118.36442
G1 X117.13 Y94.589 E118.41509
G1 X117.525 Y94.44 E118.42913
G1 X118.929 Y94.228 E118.47635
M204 S2000
G0 F7500 X118.989 Y94.624
M204 S500
G1 F1500 X121.237 Y94.594 E118.55113
G1 X122.551 Y94.918 E118.59614
G1 X123.975 Y95.657 E118.6495
G1 X124.975 Y96.729 E118.69826
G1 X125.813 Y98.133 E118.75265
G1 X126.023 Y99.411 E118.79572
G1 X126.069 Y130.575 E119.83224
G1 X125.745 Y131.893 E119.87738
G1 X125.012 Y133.307 E119.93036
G1 X123.937 Y134.31 E119.97926
G1 X122.665 Y135.067 E120.02849
G1 X122.376 Y135.17 E120.03869
G1 X121.011 Y135.376 E120.08461
G1 X118.763 Y135.406 E120.15938
G1 X117.449 Y135.082 E120.2044
G1 X116.024 Y134.343 E120.25779
G1 X115.041 Y133.282 E120.30589
G1 X113.937 Y134.31 E120.35607
G1 X112.665 Y135.067 E120.4053
G1 X112.376 Y135.17 E120.4155
G1 X111.011 Y135.376 E120.46142
G1 X108.763 Y135.406 E120.53619
G1 X107.449 Y135.082 E120.58121
G1 X106.025 Y134.343 E120.63457
G1 X105.025 Y133.271 E120.68333
G1 X104.187 Y131.867 E120.73771
G1 X103.977 Y130.589 E120.78078
G1 X103.931 Y99.425 E121.8173
G1 X104.255 Y98.107 E121.86245
G1 X104.988 Y96.693 E121.91542
G1 X106.063 Y95.69 E121.96432
G1 X107.335 Y94.933 E122.01355
G1 X107.624 Y94.83 E122.02376
G1 X108.989 Y94.624 E122.06967
G1 X111.237 Y94.594 E122.14445
G1 X112.551 Y94.918 E122.18946
G1 X113.976 Y95.657 E122.24285
G1 X114.959 Y96.718 E122.29096
G1 X116.063 Y95.69 E122.34113
G1 X117.335 Y94.933 E122.39036
G1 X117.624 Y94.83 E122.40057
G1 X118.989 Y94.624 E122.44648
M204 S2000
G0 F7500 X119.049 Y95.02
M204 S500
G1 F1500 X121.192 Y94.995 E122.51776
G1 X122.409 Y95.295 E122.55945
G1 X123.728 Y95.979 E122.60887
G1 X124.656 Y96.974 E122.65412
G1 X125.43 Y98.271 E122.70436
G1 X125.628 Y99.476 E122.74497
G1 X125.669 Y130.529 E123.7778
G1 X125.369 Y131.75 E123.81962
G1 X124.69 Y133.06 E123.8687
G1 X123.695 Y133.988 E123.91395
G1 X122.46 Y134.723 E123.96175
G1 X122.316 Y134.774 E123.96683
G1 X120.951 Y134.98 E124.01275
G1 X118.808 Y135.005 E124.08403
G1 X117.591 Y134.705 E124.12572
G1 X116.272 Y134.021 E124.17513
G1 X115.344 Y133.026 E124.22039
G1 X115.004 Y132.455 E124.24249
G1 X114.693 Y133.059 E124.26509
G1 X113.695 Y133.988 E124.31044
G1 X112.46 Y134.723 E124.35824
G1 X112.316 Y134.774 E124.36332
G1 X110.951 Y134.98 E124.40923
G1 X108.808 Y135.005 E124.48051
G1 X107.591 Y134.705 E124.5222
G1 X106.272 Y134.021 E124.57162
G1 X105.344 Y133.026 E124.61687
G1 X104.57 Y131.729 E124.66711
G1 X104.372 Y130.524 E124.70773
G1 X104.331 Y99.471 E125.74055
G1 X104.631 Y98.25 E125.78237
G1 X105.31 Y96.94 E125.83145
G1 X106.305 Y96.012 E125.8767
G1 X107.54 Y95.277 E125.9245
G1 X107.684 Y95.226 E125.92958
G1 X109.049 Y95.02 E125.9755
G1 X111.192 Y94.995 E126.04678
G1 X112.409 Y95.295 E126.08847
G1 X113.728 Y95.979 E126.13789
G1 X114.656 Y96.974 E126.18314
G1 X114.996 Y97.545 E126.20524
G1 X115.307 Y96.941 E126.22784
G1 X116.305 Y96.012 E126.27319
G1 X117.54 Y95.277 E126.32099
G1 X117.684 Y95.226 E126.32607
G1 X119.049 Y95.02 E126.37198
M204 S2000
G0 F7500 X119.054 Y95.42
M204 S500
G1 F1500 X121.147 Y95.396 E126.4416
G1 X122.267 Y95.672 E126.47997
G1 X123.481 Y96.301 E126.52544
G1 X124.334 Y97.216 E126.56705
G1 X125.047 Y98.411 E126.61333
G1 X125.233 Y99.541 E126.65142
G1 X125.269 Y130.483 E127.68056
G1 X124.993 Y131.607 E127.71905
G1 X124.368 Y132.813 E127.76423
G1 X123.453 Y133.666 E127.80584
G1 X122.255 Y134.379 E127.8522
G1 X120.946 Y134.58 E127.89625
G1 X118.853 Y134.604 E127.96587
G1 X117.733 Y134.328 E128.00424
G1 X116.519 Y133.699 E128.04971
G1 X115.666 Y132.784 E128.09132
G1 X114.978 Y131.63 E128.136
G1 X114.369 Y132.813 E128.18026
G1 X113.453 Y133.666 E128.22189
G1 X112.255 Y134.379 E128.26826
G1 X110.946 Y134.58 E128.31231
G1 X108.853 Y134.604 E128.38192
G1 X107.733 Y134.328 E128.42029
G1 X106.519 Y133.699 E128.46576
G1 X105.666 Y132.784 E128.50737
G1 X104.953 Y131.589 E128.55365
G1 X104.767 Y130.459 E128.59174
G1 X104.731 Y99.517 E129.62088
G1 X105.007 Y98.393 E129.65937
G1 X105.632 Y97.187 E129.70455
G1 X106.547 Y96.334 E129.74616
G1 X107.745 Y95.621 E129.79253
G1 X109.054 Y95.42 E129.83658
G1 X111.147 Y95.396 E129.90619
G1 X112.267 Y95.672 E129.94456
G1 X113.481 Y96.301 E129.99003
G1 X114.334 Y97.216 E130.03164
G1 X115.022 Y98.37 E130.07633
G1 X115.631 Y97.187 E130.12058
G1 X116.547 Y96.334 E130.16221
G1 X117.745 Y95.621 E130.20858
G1 X119.054 Y95.42 E130.25263
M204 S2000
G0 F7500 X119.059 Y95.82
M204 S500
G1 F1500 X121.102 Y95.797 E130.32058
G1 X122.125 Y96.049 E130.35563
G1 X123.234 Y96.623 E130.39716
G1 X124.012 Y97.458 E130.43512
G1 X124.664 Y98.551 E130.47745
G1 X124.838 Y99.606 E130.51301
G1 X124.869 Y130.436 E131.53842
G1 X124.616 Y131.465 E131.57367
G1 X124.046 Y132.566 E131.6149
G1 X123.211 Y133.344 E131.65286
G1 X122.116 Y133.996 E131.69525
G1 X120.941 Y134.18 E131.7348
G1 X118.898 Y134.203 E131.80276
G1 X117.875 Y133.951 E131.8378
G1 X116.766 Y133.377 E131.87933
G1 X115.988 Y132.542 E131.91729
G1 X115.336 Y131.449 E131.95962
G1 X115.162 Y130.394 E131.99519
G1 X115.131 Y99.564 E133.0206
G1 X115.384 Y98.535 E133.05584
G1 X115.954 Y97.434 E133.09708
G1 X116.789 Y96.656 E133.13504
G1 X117.884 Y96.004 E133.17742
G1 X119.059 Y95.82 E133.21698
M204 S2000
G1 F2400 E132.41698
G0 F7500 X114.664 Y98.551
M204 S500
G1 F2400 E133.21698
G1 F1500 X114.838 Y99.606 E133.25254
G1 X114.869 Y130.436 E134.27795
G1 X114.616 Y131.465 E134.3132
G1 X114.046 Y132.566 E134.35443
G1 X113.211 Y133.344 E134.39239
G1 X112.116 Y133.996 E134.43478
G1 X110.941 Y134.18 E134.47434
G1 X108.898 Y134.203 E134.54229
G1 X107.875 Y133.951 E134.57733
G1 X106.766 Y133.377 E134.61887
G1 X105.988 Y132.542 E134.65683
G1 X105.336 Y131.449 E134.69916
G1 X105.162 Y130.394 E134.73472
G1 X105.131 Y99.564 E135.76013
G1 X105.384 Y98.535 E135.79537
G1 X105.954 Y97.434 E135.83661
G1 X106.789 Y96.656 E135.87457
G1 X107.884 Y96.004 E135.91696
G1 X109.059 Y95.82 E135.95651
G1 X111.102 Y95.797 E136.02447
G1 X112.125 Y96.049 E136.05951
G1 X113.234 Y96.623 E136.10104
G1 X114.012 Y97.458 E136.139
G1 X114.664 Y98.551 E136.18133
M204 S2000
G0 F7500 X114.281 Y98.691
M204 S500
G1 F1500 X114.443 Y99.671 E136.21437
G1 X114.469 Y130.39 E137.23609
G1 X114.24 Y131.322 E137.26801
G1 X113.724 Y132.319 E137.30535
G1 X112.969 Y133.022 E137.33966
G1 X111.977 Y133.613 E137.37806
G1 X110.937 Y133.78 E137.4131
G1 X108.942 Y133.802 E137.47946
G1 X108.018 Y133.575 E137.5111
G1 X107.013 Y133.055 E137.54874
G1 X106.31 Y132.3 E137.58305
G1 X105.719 Y131.309 E137.62143
G1 X105.557 Y130.329 E137.65446
G1 X105.531 Y99.61 E138.67618
G1 X105.76 Y98.678 E138.7081
G1 X106.276 Y97.681 E138.74544
G1 X107.031 Y96.978 E138.77975
G1 X108.023 Y96.387 E138.81816
G1 X109.063 Y96.22 E138.85319
G1 X111.058 Y96.198 E138.91955
G1 X111.982 Y96.425 E138.9512
G1 X112.987 Y96.945 E138.98883
G1 X113.69 Y97.7 E139.02314
G1 X114.281 Y98.691 E139.06152
M204 S2000
G0 F7500 X113.898 Y98.831
M204 S500
G1 F1500 X114.048 Y99.736 E139.09203
G1 X114.069 Y130.344 E140.11006
G1 X113.864 Y131.179 E140.13866
G1 X113.401 Y132.074 E140.17217
G1 X112.73 Y132.698 E140.20265
G1 X111.838 Y133.23 E140.23719
G1 X110.933 Y133.38 E140.2677
G1 X108.99 Y133.401 E140.33233
G1 X108.157 Y133.197 E140.36086
G1 X107.258 Y132.732 E140.39452
G1 X106.634 Y132.061 E140.425
G1 X106.102 Y131.169 E140.45954
G1 X105.952 Y130.264 E140.49005
G1 X105.931 Y99.656 E141.50808
G1 X106.136 Y98.821 E141.53667
G1 X106.599 Y97.926 E141.57019
G1 X107.27 Y97.302 E141.60067
G1 X108.162 Y96.77 E141.63521
G1 X109.067 Y96.62 E141.66572
G1 X111.01 Y96.599 E141.73035
G1 X111.843 Y96.803 E141.75887
G1 X112.742 Y97.268 E141.79254
G1 X113.366 Y97.939 E141.82301
G1 X113.898 Y98.831 E141.85756
M204 S2000
G0 F7500 X113.515 Y98.971
M204 S500
G1 F1500 X113.653 Y99.802 E141.88558
G1 X113.669 Y130.298 E142.89988
G1 X113.488 Y131.036 E142.92515
G1 X113.078 Y131.829 E142.95484
G1 X112.491 Y132.374 E142.98148
G1 X111.698 Y132.847 E143.01219
G1 X110.867 Y132.985 E143.04021
G1 X109.038 Y133 E143.10105
G1 X108.296 Y132.819 E143.12645
G1 X107.503 Y132.409 E143.15614
G1 X106.958 Y131.822 E143.18278
G1 X106.485 Y131.029 E143.21349
G1 X106.347 Y130.198 E143.24151
G1 X106.331 Y99.702 E144.25581
G1 X106.512 Y98.964 E144.28109
G1 X106.922 Y98.171 E144.31078
G1 X107.509 Y97.626 E144.33742
G1 X108.302 Y97.153 E144.36813
G1 X109.133 Y97.015 E144.39615
G1 X110.962 Y97 E144.45698
G1 X111.704 Y97.181 E144.48238
G1 X112.497 Y97.591 E144.51208
G1 X113.042 Y98.178 E144.53872
G1 X113.515 Y98.971 E144.56943
M204 S2000
G0 F7500 X113.132 Y99.111
M204 S500
G1 F1500 X113.258 Y99.868 E144.59495
G1 X113.269 Y130.248 E145.6054
G1 X113.11 Y130.897 E145.62762
G1 X112.755 Y131.584 E145.65334
G1 X112.252 Y132.05 E145.67615
G1 X111.558 Y132.464 E145.70302
G1 X110.801 Y132.59 E145.72855
G1 X109.086 Y132.6 E145.78559
G1 X108.435 Y132.441 E145.80788
G1 X107.748 Y132.086 E145.8336
G1 X107.282 Y131.583 E145.85641
G1 X106.868 Y130.889 E145.88328
G1 X106.742 Y130.132 E145.90881
G1 X106.731 Y99.752 E146.91925
G1 X106.89 Y99.103 E146.94147
G1 X107.245 Y98.416 E146.96719
G1 X107.748 Y97.95 E146.99
G1 X108.442 Y97.536 E147.01688
G1 X109.199 Y97.41 E147.0424
G1 X110.914 Y97.4 E147.09944
G1 X111.565 Y97.559 E147.12173
G1 X112.252 Y97.914 E147.14745
G1 X112.718 Y98.417 E147.17026
G1 X113.132 Y99.111 E147.19714
M204 S2000
G0 F7500 X112.749 Y99.251
M204 S500
G1 F1500 X112.863 Y99.934 E147.22017
G1 X112.869 Y130.198 E148.22675
G1 X112.732 Y130.758 E148.24593
G1 X112.432 Y131.338 E148.26765
G1 X112.013 Y131.726 E148.28664
G1 X111.418 Y132.081 E148.30968
G1 X110.735 Y132.195 E148.33272
G1 X109.135 Y132.2 E148.38593
G1 X108.574 Y132.063 E148.40514
G1 X107.994 Y131.763 E148.42686
G1 X107.606 Y131.344 E148.44585
G1 X107.251 Y130.749 E148.4689
G1 X107.137 Y130.066 E148.49193
G1 X107.131 Y99.802 E149.49851
G1 X107.268 Y99.242 E149.51769
G1 X107.568 Y98.662 E149.5394
G1 X107.987 Y98.274 E149.5584
G1 X108.582 Y97.919 E149.58144
G1 X109.265 Y97.805 E149.60447
G1 X110.865 Y97.8 E149.65769
G1 X111.426 Y97.937 E149.6769
G1 X112.006 Y98.237 E149.69862
G1 X112.394 Y98.656 E149.71761
G1 X112.749 Y99.251 E149.74065
M204 S2000
G0 F7500 X112.366 Y99.389
M204 S500
G1 F1500 X112.468 Y100 E149.76126
G1 X112.469 Y130.148 E150.76398
G1 X112.354 Y130.619 E150.78011
G1 X112.109 Y131.092 E150.79783
G1 X111.771 Y131.405 E150.81315
G1 X111.28 Y131.698 E150.83217
G1 X110.669 Y131.8 E150.85277
G1 X109.184 Y131.8 E150.90216
G1 X108.713 Y131.685 E150.91829
G1 X108.24 Y131.44 E150.936
G1 X107.927 Y131.102 E150.95132
G1 X107.634 Y130.611 E150.97034
G1 X107.532 Y130 E150.99095
G1 X107.531 Y99.852 E151.99367
G1 X107.646 Y99.381 E152.0098
G1 X107.891 Y98.908 E152.02752
G1 X108.229 Y98.595 E152.04284
G1 X108.72 Y98.302 E152.06185
G1 X109.331 Y98.2 E152.08246
G1 X110.816 Y98.2 E152.13185
G1 X111.287 Y98.315 E152.14797
G1 X111.76 Y98.56 E152.16569
G1 X112.073 Y98.898 E152.18101
G1 X112.366 Y99.389 E152.20003
M204 S2000
G0 F7500 X111.983 Y99.527
M204 S500
G1 F1500 X112.068 Y100 E152.21601
G1 X112.069 Y130.098 E153.21708
G1 X111.976 Y130.48 E153.23015
G1 X111.786 Y130.846 E153.24387
G1 X111.529 Y131.084 E153.25552
G1 X111.142 Y131.315 E153.27051
G1 X110.669 Y131.4 E153.2865
G1 X109.234 Y131.4 E153.33422
G1 X108.852 Y131.307 E153.3473
G1 X108.486 Y131.117 E153.36102
G1 X108.248 Y130.86 E153.37267
G1 X108.017 Y130.473 E153.38766
G1 X107.932 Y130 E153.40364
G1 X107.931 Y99.902 E154.4047
G1 X108.024 Y99.52 E154.41778
G1 X108.214 Y99.154 E154.4315
G1 X108.471 Y98.916 E154.44315
G1 X108.858 Y98.685 E154.45814
G1 X109.331 Y98.6 E154.47412
G1 X110.766 Y98.6 E154.52185
G1 X111.148 Y98.693 E154.53493
G1 X111.514 Y98.883 E154.54864
G1 X111.752 Y99.14 E154.56029
G1 X111.983 Y99.527 E154.57528
M204 S2000
G0 F7500 X111.603 Y99.672
M204 S500
G1 F1500 X111.668 Y100 E154.5864
G1 X111.669 Y130.049 E155.58584
G1 X111.599 Y130.338 E155.59573
G1 X111.462 Y130.601 E155.60559
G1 X111.324 Y130.74 E155.6121
G1 X110.997 Y130.935 E155.62477
G1 X110.669 Y131 E155.63589
G1 X109.283 Y131 E155.68199
G1 X108.994 Y130.93 E155.69188
G1 X108.731 Y130.793 E155.70174
G1 X108.592 Y130.655 E155.70826
G1 X108.397 Y130.328 E155.72092
G1 X108.332 Y130 E155.73204
G1 X108.331 Y99.951 E156.73147
G1 X108.401 Y99.662 E156.74136
G1 X108.538 Y99.399 E156.75123
G1 X108.676 Y99.26 E156.75774
G1 X109.003 Y99.065 E156.77041
G1 X109.331 Y99 E156.78153
G1 X110.717 Y99 E156.82763
G1 X111.006 Y99.07 E156.83752
G1 X111.269 Y99.207 E156.84738
G1 X111.408 Y99.345 E156.85389
G1 X111.603 Y99.672 E156.86656
M204 S2000
G0 F7500 X110.868 Y100
M204 S500
G1 F1500 X110.869 Y130 E157.86436
G1 X110.83 Y130.119 E157.86853
G1 X110.669 Y130.2 E157.87452
G1 X109.332 Y130.2 E157.91899
G1 X109.213 Y130.161 E157.92315
G1 X109.132 Y130 E157.92915
G1 X109.131 Y100 E158.92695
G1 X109.17 Y99.881 E158.93112
G1 X109.331 Y99.8 E158.93711
G1 X110.668 Y99.8 E158.98158
G1 X110.787 Y99.839 E158.98575
G1 X110.868 Y100 E158.99174
M204 S2000
G0 F7500 X111.225 Y99.82
M204 S500
G1 F1500 X111.064 Y99.55 E159.0022
G1 X110.912 Y99.459 E159.00809
G1 X110.668 Y99.4 E159.01644
G1 X109.331 Y99.4 E159.06091
G1 X109.151 Y99.443 E159.06706
G1 X108.881 Y99.604 E159.07752
G1 X108.79 Y99.756 E159.08341
G1 X108.731 Y100 E159.09176
G1 X108.732 Y130 E160.08956
G1 X108.775 Y130.18 E160.09572
G1 X108.936 Y130.45 E160.10617
G1 X109.088 Y130.541 E160.11207
G1 X109.332 Y130.6 E160.12041
G1 X110.669 Y130.6 E160.16488
G1 X110.849 Y130.557 E160.17104
G1 X111.119 Y130.396 E160.18149
G1 X111.21 Y130.244 E160.18739
G1 X111.269 Y130 E160.19574
G1 X111.268 Y100 E161.19354
G1 X111.225 Y99.82 E161.1997
M204 S2000
G1 F2400 E160.3997
G0 F7500 X111.333 Y99.819
G0 X115.76 Y98.678
M204 S500
G1 F2400 E161.1997
G1 F1500 X116.276 Y97.681 E161.23703
G1 X117.031 Y96.978 E161.27135
G1 X118.023 Y96.387 E161.30975
G1 X119.063 Y96.22 E161.34478
G1 X121.058 Y96.198 E161.41114
G1 X121.982 Y96.425 E161.44279
G1 X122.987 Y96.945 E161.48042
G1 X123.69 Y97.7 E161.51474
G1 X124.281 Y98.691 E161.55311
G1 X124.443 Y99.671 E161.58615
G1 X124.469 Y130.39 E162.60787
G1 X124.24 Y131.322 E162.63979
G1 X123.724 Y132.319 E162.67713
G1 X122.969 Y133.022 E162.71144
G1 X121.977 Y133.613 E162.74985
G1 X120.937 Y133.78 E162.78488
G1 X118.942 Y133.802 E162.85124
G1 X118.018 Y133.575 E162.88288
G1 X117.013 Y133.055 E162.92052
G1 X116.31 Y132.3 E162.95483
G1 X115.719 Y131.309 E162.99321
G1 X115.557 Y130.329 E163.02625
G1 X115.531 Y99.61 E164.04796
G1 X115.76 Y98.678 E164.07988
M204 S2000
G0 F7500 X116.136 Y98.821
M204 S500
G1 F1500 X116.599 Y97.926 E164.1134
G1 X117.27 Y97.302 E164.14388
G1 X118.162 Y96.77 E164.17842
G1 X119.067 Y96.62 E164.20893
G1 X121.01 Y96.599 E164.27356
G1 X121.843 Y96.803 E164.30208
G1 X122.742 Y97.268 E164.33575
G1 X123.366 Y97.939 E164.36622
G1 X123.898 Y98.831 E164.40077
G1 X124.048 Y99.736 E164.43128
G1 X124.069 Y130.344 E165.44931
G1 X123.864 Y131.179 E165.4779
G1 X123.401 Y132.074 E165.51142
G1 X122.73 Y132.698 E165.54189
G1 X121.838 Y133.23 E165.57644
G1 X120.933 Y133.38 E165.60695
G1 X118.99 Y133.401 E165.67158
G1 X118.157 Y133.197 E165.7001
G1 X117.258 Y132.732 E165.73377
G1 X116.634 Y132.061 E165.76424
G1 X116.102 Y131.169 E165.79879
G1 X115.952 Y130.264 E165.8293
G1 X115.931 Y99.656 E166.84732
G1 X116.136 Y98.821 E166.87592
M204 S2000
G0 F7500 X116.512 Y98.964
M204 S500
G1 F1500 X116.922 Y98.171 E166.90561
G1 X117.509 Y97.626 E166.93225
G1 X118.302 Y97.153 E166.96296
G1 X119.133 Y97.015 E166.99098
G1 X120.962 Y97 E167.05182
G1 X121.704 Y97.181 E167.07722
G1 X122.497 Y97.591 E167.10691
G1 X123.042 Y98.178 E167.13355
G1 X123.515 Y98.971 E167.16426
G1 X123.653 Y99.802 E167.19228
G1 X123.669 Y130.298 E168.20658
G1 X123.488 Y131.036 E168.23186
G1 X123.078 Y131.829 E168.26155
G1 X122.491 Y132.374 E168.28819
G1 X121.698 Y132.847 E168.3189
G1 X120.867 Y132.985 E168.34692
G1 X119.038 Y133 E168.40775
G1 X118.296 Y132.819 E168.43316
G1 X117.503 Y132.409 E168.46285
G1 X116.958 Y131.822 E168.48949
G1 X116.485 Y131.029 E168.5202
G1 X116.347 Y130.198 E168.54822
G1 X116.331 Y99.702 E169.56252
G1 X116.512 Y98.964 E169.58779
M204 S2000
G0 F7500 X116.89 Y99.103
M204 S500
G1 F1500 X117.245 Y98.416 E169.61351
G1 X117.748 Y97.95 E169.63632
G1 X118.442 Y97.536 E169.6632
G1 X119.199 Y97.41 E169.68872
G1 X120.914 Y97.4 E169.74576
G1 X121.565 Y97.559 E169.76805
G1 X122.252 Y97.914 E169.79377
G1 X122.718 Y98.417 E169.81658
G1 X123.132 Y99.111 E169.84345
G1 X123.258 Y99.868 E169.86898
G1 X123.269 Y130.248 E170.87942
G1 X123.11 Y130.897 E170.90165
G1 X122.755 Y131.584 E170.92737
G1 X122.252 Y132.05 E170.95017
G1 X121.558 Y132.464 E170.97705
G1 X120.801 Y132.59 E171.00257
G1 X119.086 Y132.6 E171.05962
G1 X118.435 Y132.441 E171.0819
G1 X117.748 Y132.086 E171.10762
G1 X117.282 Y131.583 E171.13043
G1 X116.868 Y130.889 E171.15731
G1 X116.742 Y130.132 E171.18283
G1 X116.731 Y99.752 E172.19328
G1 X116.89 Y99.103 E172.2155
M204 S2000
G0 F7500 X117.268 Y99.242
M204 S500
G1 F1500 X117.568 Y98.662 E172.23722
G1 X117.987 Y98.274 E172.25621
G1 X118.582 Y97.919 E172.27926
G1 X119.265 Y97.805 E172.30229
G1 X120.865 Y97.8 E172.3555
G1 X121.426 Y97.937 E172.37471
G1 X122.006 Y98.237 E172.39643
G1 X122.394 Y98.656 E172.41542
G1 X122.749 Y99.251 E172.43847
G1 X122.863 Y99.934 E172.4615
G1 X122.869 Y130.198 E173.46808
G1 X122.732 Y130.758 E173.48726
G1 X122.432 Y131.338 E173.50898
G1 X122.013 Y131.726 E173.52797
G1 X121.418 Y132.081 E173.55101
G1 X120.735 Y132.195 E173.57405
G1 X119.135 Y132.2 E173.62726
G1 X118.574 Y132.063 E173.64647
G1 X117.994 Y131.763 E173.66819
G1 X117.606 Y131.344 E173.68718
G1 X117.251 Y130.749 E173.71023
G1 X117.137 Y130.066 E173.73326
G1 X117.131 Y99.802 E174.73984
G1 X117.268 Y99.242 E174.75902
M204 S2000
G0 F7500 X117.646 Y99.381
M204 S500
G1 F1500 X117.891 Y98.908 E174.77673
G1 X118.229 Y98.595 E174.79206
G1 X118.72 Y98.302 E174.81107
G1 X119.331 Y98.2 E174.83168
G1 X120.816 Y98.2 E174.88107
G1 X121.287 Y98.315 E174.89719
G1 X121.76 Y98.56 E174.91491
G1 X122.073 Y98.898 E174.93023
G1 X122.366 Y99.389 E174.94925
G1 X122.468 Y100 E174.96985
G1 X122.469 Y130.148 E175.97258
G1 X122.354 Y130.619 E175.98871
G1 X122.109 Y131.092 E176.00642
G1 X121.771 Y131.405 E176.02174
G1 X121.28 Y131.698 E176.04076
G1 X120.669 Y131.8 E176.06136
G1 X119.184 Y131.8 E176.11076
G1 X118.713 Y131.685 E176.12688
G1 X118.24 Y131.44 E176.1446
G1 X117.927 Y131.102 E176.15992
G1 X117.634 Y130.611 E176.17894
G1 X117.532 Y130 E176.19954
G1 X117.531 Y99.852 E177.20227
G1 X117.646 Y99.381 E177.21839
M204 S2000
G0 F7500 X118.024 Y99.52
M204 S500
G1 F1500 X117.931 Y99.902 E177.23147
G1 X117.932 Y130 E178.23253
G1 X118.017 Y130.473 E178.24852
G1 X118.248 Y130.86 E178.26351
G1 X118.486 Y131.117 E178.27516
G1 X118.852 Y131.307 E178.28887
G1 X119.234 Y131.4 E178.30195
G1 X120.669 Y131.4 E178.34968
G1 X121.142 Y131.315 E178.36566
G1 X121.529 Y131.084 E178.38065
G1 X121.786 Y130.846 E178.3923
G1 X121.976 Y130.48 E178.40602
G1 X122.069 Y130.098 E178.4191
G1 X122.068 Y100 E179.42016
G1 X121.983 Y99.527 E179.43614
G1 X121.752 Y99.14 E179.45113
G1 X121.514 Y98.883 E179.46278
G1 X121.148 Y98.693 E179.4765
G1 X120.766 Y98.6 E179.48958
G1 X119.331 Y98.6 E179.5373
G1 X118.858 Y98.685 E179.55329
G1 X118.471 Y98.916 E179.56828
G1 X118.214 Y99.154 E179.57993
G1 X118.024 Y99.52 E179.59364
M204 S2000
G0 F7500 X118.401 Y99.662
M204 S500
G1 F1500 X118.331 Y99.951 E179.60353
G1 X118.332 Y130 E180.60297
G1 X118.397 Y130.328 E180.61409
G1 X118.592 Y130.655 E180.62675
G1 X118.731 Y130.793 E180.63327
G1 X118.994 Y130.93 E180.64313
G1 X119.283 Y131 E180.65302
G1 X120.669 Y131 E180.69912
G1 X120.997 Y130.935 E180.71024
G1 X121.324 Y130.74 E180.7229
G1 X121.462 Y130.601 E180.72942
G1 X121.599 Y130.338 E180.73928
G1 X121.669 Y130.049 E180.74917
G1 X121.668 Y100 E181.74861
G1 X121.603 Y99.672 E181.75973
G1 X121.408 Y99.345 E181.77239
G1 X121.269 Y99.207 E181.7789
G1 X121.006 Y99.07 E181.78877
G1 X120.717 Y99 E181.79866
G1 X119.331 Y99 E181.84476
G1 X119.003 Y99.065 E181.85588
G1 X118.676 Y99.26 E181.86854
G1 X118.538 Y99.399 E181.87506
G1 X118.401 Y99.662 E181.88492
M204 S2000
G0 F7500 X119.17 Y99.881
M204 S500
G1 F1500 X119.331 Y99.8 E181.89091
G1 X120.668 Y99.8 E181.93538
G1 X120.787 Y99.839 E181.93955
G1 X120.868 Y100 E181.94554
G1 X120.869 Y130 E182.94335
G1 X120.83 Y130.119 E182.94751
G1 X120.669 Y130.2 E182.95351
G1 X119.332 Y130.2 E182.99797
G1 X119.213 Y130.161 E183.00214
G1 X119.132 Y130 E183.00813
G1 X119.131 Y100 E184.00594
G1 X119.17 Y99.881 E184.0101
M204 S2000
G0 F7500 X118.79 Y99.756
M204 S500
G1 F1500 X118.881 Y99.604 E184.01599
G1 X119.151 Y99.443 E184.02645
G1 X119.331 Y99.4 E184.03261
G1 X120.668 Y99.4 E184.07707
G1 X120.912 Y99.459 E184.08542
G1 X121.064 Y99.55 E184.09132
G1 X121.225 Y99.82 E184.10177
G1 X121.268 Y100 E184.10793
G1 X121.269 Y130 E185.10573
G1 X121.21 Y130.244 E185.11408
G1 X121.119 Y130.396 E185.11997
G1 X120.849 Y130.557 E185.13043
G1 X120.669 Y130.6 E185.13658
G1 X119.332 Y130.6 E185.18105
G1 X119.088 Y130.541 E185.1894
G1 X118.936 Y130.45 E185.19529
G1 X118.775 Y130.18 E185.20575
G1 X118.732 Y130 E185.2119
G1 X118.731 Y100 E186.20971
G1 X118.79 Y99.756 E186.21806
M204 S2000
G1 F2400 E185.41806
;MESH:Weather_station_stand.STL(3)
G0 F7500 X118.79 Y99.335
G0 X110.245 Y80.665
G0 X110 Y79.332
M204 S500
;TYPE:WALL-INNER
G1 F2400 E186.21806
G1 F1115.2 X109.998 Y50.67 E187.50025
M204 S2000
G1 F2400 E186.70025
G0 F7500 X110 Y79.49
G0 X110 Y79.8
M204 S500
;TYPE:WALL-OUTER
G1 F2400 E187.50025
G1 F1500 X110.468 Y79.8 E187.51582
G1 X110.468 Y50.2 E188.50032
G1 X109.528 Y50.2 E188.53158
G1 X109.532 Y79.8 E189.51608
G1 X110 Y79.8 E189.53165
M204 S2000
G1 F2400 E188.73165
;MESH:Weather_station_stand.STL(2)
G0 F7500 X110 Y79.49
G0 X110.258 Y79.332
G0 X111.333 Y79.331
G0 X118.667 Y79.333
G0 X120 Y79.332
M204 S500
;TYPE:WALL-INNER
G1 F2400 E189.53165
G1 F1115.2 X119.998 Y50.67 E190.81384
M204 S2000
G1 F2400 E190.01384
G0 F7500 X119.842 Y67.515
G0 X119.53 Y67.515
M204 S500
;TYPE:WALL-OUTER
G1 F2400 E190.81384
G1 F1500 X119.532 Y79.8 E191.22244
G1 X120.468 Y79.8 E191.25357
G1 X120.468 Y50.2 E192.23807
G1 X119.528 Y50.2 E192.26933
G1 X119.53 Y67.515 E192.84523
M204 S2000
G1 F2400 E192.04523
;MESH:Weather_station_stand.STL(1)
G0 F7500 X119.842 Y67.515
G0 X119.998 Y79.57
G0 X119.998 Y80.665
G0 X119.998 Y99.335
G0 X119.998 Y100.67
M204 S500
;TYPE:WALL-INNER
G1 F2400 E192.84523
G1 F1115.2 X120 Y129.332 E194.12742
M204 S2000
G1 F2400 E193.32742
G0 F7500 X119.842 Y115.17
G0 X119.53 Y115.17
M204 S500
;TYPE:WALL-OUTER
G1 F2400 E194.12742
G1 F1500 X119.532 Y129.8 E194.61402
G1 X120.468 Y129.8 E194.64515
G1 X120.468 Y100.2 E195.62965
G1 X119.528 Y100.2 E195.66092
G1 X119.53 Y115.17 E196.15882
M204 S2000
G1 F2400 E195.35882
;MESH:Weather_station_stand.STL
G0 F7500 X119.842 Y115.17
G0 X119.742 Y129.332
G0 X118.667 Y129.333
G0 X111.333 Y129.331
G0 X110 Y129.332
M204 S500
;TYPE:WALL-INNER
G1 F2400 E196.15882
G1 F1115.2 X109.998 Y100.67 E197.44101
M204 S2000
G1 F2400 E196.64101
G0 F7500 X110 Y129.49
G0 X110 Y129.8
M204 S500
;TYPE:WALL-OUTER
G1 F2400 E197.44101
G1 F1500 X110.468 Y129.8 E197.45658
G1 X110.468 Y100.2 E198.44108
G1 X109.528 Y100.2 E198.47234
G1 X109.532 Y129.8 E199.45684
G1 X110 Y129.8 E199.47241
M104 S200
M204 S2000
G1 F2400 E198.67241
;MESH:NONMESH
G0 F300 Z0.4
G0 F7500 X110 Y129.49
G0 X110 Y100.43
G0 X110 Y99.335
G0 X110 Y80.665
G0 X110 Y79.4
;TIME_ELAPSED:256.923470
;LAYER:1
M106 S85
M204 S500
;TYPE:WALL-INNER
;MESH:Weather_station_stand.STL(3)
G1 F2400 E199.47241
G1 F1650 X110.58 Y79.4 E199.4917
G1 X110.58 Y50.6 E200.44959
G1 X109.416 Y50.6 E200.4883
G1 X109.416 Y79.4 E201.4462
G1 X110 Y79.4 E201.46562
M204 S2000
G0 F8250 X110 Y79.8
M204 S500
;TYPE:WALL-OUTER
G1 F1650 X110.98 Y79.8 E201.49822
G1 X110.98 Y50.2 E202.48272
G1 X109.016 Y50.2 E202.54804
G1 X109.016 Y79.8 E203.53254
G1 X110 Y79.8 E203.56527
M204 S2000
G0 F8250 X110 Y79.029
M204 S500
;TYPE:SKIN
G1 F1564 X109.787 Y79.029 E203.57274
G1 X109.787 Y50.971 E204.55728
G1 X110.209 Y50.971 E204.57209
G1 X110.209 Y79.029 E205.55663
G1 X110 Y79.029 E205.56396
M204 S2000
G1 F2400 E204.76396
;MESH:Weather_station_stand.STL(2)
G0 F8250 X110 Y79.3
G0 X110.408 Y79.228
G0 X110.771 Y69.344
G0 X111.846 Y69.343
G0 X118.154 Y69.345
G0 X119.416 Y69.344
M204 S500
;TYPE:WALL-INNER
G1 F2400 E205.56396
G1 F1650 X119.416 Y79.4 E205.89842
G1 X120.58 Y79.4 E205.93714
G1 X120.58 Y50.6 E206.89503
G1 X119.416 Y50.6 E206.93375
G1 X119.416 Y69.344 E207.55717
M204 S2000
G1 F2400 E206.75717
G0 F8250 X119.329 Y75.744
G0 X119.016 Y75.744
M204 S500
;TYPE:WALL-OUTER
G1 F2400 E207.55717
G1 F1650 X119.016 Y79.8 E207.69208
G1 X120.98 Y79.8 E207.7574
G1 X120.98 Y50.2 E208.7419
G1 X119.016 Y50.2 E208.80722
G1 X119.016 Y75.744 E209.65682
M204 S2000
G1 F2400 E208.85682
G0 F8250 X119.329 Y75.744
G0 X119.516 Y63.408
G0 X119.787 Y63.408
M204 S500
;TYPE:SKIN
G1 F2400 E209.65682
G1 F1564 X119.787 Y50.971 E210.09323
G1 X120.209 Y50.971 E210.10804
G1 X120.209 Y79.029 E211.09257
G1 X119.787 Y79.029 E211.10738
G1 X119.787 Y63.408 E211.65551
M204 S2000
G1 F2400 E210.85551
;MESH:Weather_station_stand.STL(1)
G0 F8250 X119.516 Y63.408
G0 X119.416 Y79.57
G0 X119.416 Y80.665
G0 X119.416 Y99.335
G0 X119.416 Y116.424
M204 S500
;TYPE:WALL-INNER
G1 F2400 E211.65551
G1 F1650 X119.416 Y129.4 E212.0871
G1 X120.58 Y129.4 E212.12581
G1 X120.58 Y100.6 E213.0837
G1 X119.416 Y100.6 E213.12242
G1 X119.416 Y116.424 E213.64873
M204 S2000
G1 F2400 E212.84873
G0 F8250 X119.329 Y120.824
G0 X119.016 Y120.824
M204 S500
;TYPE:WALL-OUTER
G1 F2400 E213.64873
G1 F1650 X119.016 Y129.8 E213.94727
G1 X120.98 Y129.8 E214.01259
G1 X120.98 Y100.2 E214.99709
G1 X119.016 Y100.2 E215.06242
G1 X119.016 Y120.824 E215.74837
M204 S2000
G1 F2400 E214.94837
G0 F8250 X119.329 Y120.824
G0 X119.516 Y112.343
G0 X119.787 Y112.343
M204 S500
;TYPE:SKIN
G1 F2400 E215.74837
G1 F1564 X119.787 Y100.971 E216.14741
G1 X120.209 Y100.971 E216.16222
G1 X120.209 Y129.029 E217.14676
G1 X119.787 Y129.029 E217.16157
G1 X119.787 Y112.343 E217.74707
M204 S2000
G1 F2400 E216.94707
;MESH:Weather_station_stand.STL
G0 F8250 X119.516 Y112.343
G0 X119.229 Y129.4
G0 X118.154 Y129.401
G0 X111.846 Y129.399
G0 X110 Y129.4
M204 S500
;TYPE:WALL-INNER
G1 F2400 E217.74707
G1 F1650 X110.58 Y129.4 E217.76636
G1 X110.58 Y100.6 E218.72425
G1 X109.416 Y100.6 E218.76297
G1 X109.416 Y129.4 E219.72086
G1 X110 Y129.4 E219.74028
M204 S2000
G0 F8250 X110 Y129.8
M204 S500
;TYPE:WALL-OUTER
G1 F1650 X110.98 Y129.8 E219.77288
G1 X110.98 Y100.2 E220.75738
G1 X109.016 Y100.2 E220.8227
G1 X109.016 Y129.8 E221.8072
G1 X110 Y129.8 E221.83993
M204 S2000
G0 F8250 X110 Y129.029
M204 S500
;TYPE:SKIN
G1 F1564 X109.787 Y129.029 E221.8474
G1 X109.787 Y100.971 E222.83194
G1 X110.209 Y100.971 E222.84675
G1 X110.209 Y129.029 E223.83129
G1 X110 Y129.029 E223.83862
M204 S2000
G1 F2400 E223.03862
;MESH:NONMESH
G0 F300 Z0.6
G0 F8250 X110 Y129.3
G0 X110.408 Y129.228
G0 X110.408 Y100.772
G0 X110 Y100.43
G0 X110 Y99.335
G0 X110 Y80.665
G0 X110 Y79.4
;TIME_ELAPSED:290.183880
;LAYER:2
M106 S170
M204 S500
;TYPE:WALL-INNER
;MESH:Weather_station_stand.STL(3)
G1 F2400 E223.83862
G1 F1800 X110.888 Y79.4 E223.86816
G1 X110.888 Y50.6 E224.82605
G1 X109.108 Y50.6 E224.88525
G1 X109.108 Y79.4 E225.84314
G1 X110 Y79.4 E225.87281
M204 S2000
G0 F9000 X110 Y79.8
M204 S500
;TYPE:WALL-OUTER
G1 F1800 X111.288 Y79.8 E225.91565
G1 X111.288 Y50.2 E226.90015
G1 X108.708 Y50.2 E226.98596
G1 X108.708 Y79.8 E227.97046
G1 X110 Y79.8 E228.01343
M204 S2000
G1 F2400 E227.21343
G0 F9000 X110 Y79.49
G0 X109.998 Y79.2
G0 X109.998 Y80.665
G0 X107.858 Y80.653
G0 X107.846 Y51.491
G0 X109.998 Y51.49
M204 S500
;TYPE:SKIN
G1 F2400 E228.01343
G1 F1090.9 X109.998 Y78.51 E229.49627
M204 S2000
G0 F9000 X110 Y79.04
M204 S500
G1 F1800 X109.468 Y79.04 E229.51397
G1 X109.468 Y50.96 E230.44791
G1 X110.528 Y50.96 E230.48317
G1 X110.528 Y79.04 E231.41711
G1 X110 Y79.04 E231.43467
M204 S2000
G1 F2400 E230.63467
;MESH:Weather_station_stand.STL(2)
G0 F9000 X110 Y79.3
G0 X110.716 Y79.228
G0 X111.079 Y74.272
G0 X112.154 Y74.271
G0 X117.846 Y74.273
G0 X119.108 Y74.272
M204 S500
;TYPE:WALL-INNER
G1 F2400 E231.43467
G1 F1800 X119.108 Y79.4 E231.60523
G1 X120.888 Y79.4 E231.66443
G1 X120.888 Y50.6 E232.62232
G1 X119.108 Y50.6 E232.68153
G1 X119.108 Y74.272 E233.46886
M204 S2000
G1 F2400 E232.66886
G0 F9000 X118.991 Y79.52
G0 X118.762 Y79.8
M204 S500
;TYPE:WALL-OUTER
G1 F2400 E233.46886
G1 F1800 X121.288 Y79.8 E233.55288
G1 X121.288 Y50.2 E234.53738
G1 X118.708 Y50.2 E234.62319
G1 X118.708 Y79.8 E235.60769
G1 X118.762 Y79.8 E235.60948
M204 S2000
G1 F2400 E234.80948
G0 F9000 X118.991 Y79.52
G0 X119.208 Y68.512
G0 X119.468 Y68.512
M204 S500
;TYPE:SKIN
G1 F2400 E235.60948
G1 F1800 X119.468 Y50.96 E236.19327
G1 X120.528 Y50.96 E236.22852
G1 X120.528 Y79.04 E237.16247
G1 X119.468 Y79.04 E237.19772
G1 X119.468 Y68.512 E237.54788
M204 S2000
G1 F2400 E236.74788
G0 F9000 X119.208 Y68.512
G0 X119.308 Y51.49
G0 X119.998 Y51.49
M204 S500
G1 F2400 E237.54788
G1 F1090.9 X119.998 Y78.51 E239.03072
M204 S2000
G1 F2400 E238.23072
;MESH:Weather_station_stand.STL(1)
G0 F9000 X119.998 Y80.665
G0 X119.998 Y99.335
G0 X119.108 Y119.812
M204 S500
;TYPE:WALL-INNER
G1 F2400 E239.03072
G1 F1800 X119.108 Y129.4 E239.34962
G1 X120.888 Y129.4 E239.40882
G1 X120.888 Y100.6 E240.36671
G1 X119.108 Y100.6 E240.42592
G1 X119.108 Y119.812 E241.06491
M204 S2000
G1 F2400 E240.26491
G0 F9000 X119.021 Y124.212
G0 X118.708 Y124.212
M204 S500
;TYPE:WALL-OUTER
G1 F2400 E241.06491
G1 F1800 X118.708 Y129.8 E241.25077
G1 X121.288 Y129.8 E241.33658
G1 X121.288 Y100.2 E242.32108
G1 X118.708 Y100.2 E242.40689
G1 X118.708 Y124.212 E243.20553
M204 S2000
G1 F2400 E242.40553
G0 F9000 X119.021 Y124.212
G0 X119.208 Y115.852
G0 X119.468 Y115.852
M204 S500
;TYPE:SKIN
G1 F2400 E243.20553
G1 F1800 X119.468 Y100.96 E243.70084
G1 X120.528 Y100.96 E243.7361
G1 X120.528 Y129.04 E244.67004
G1 X119.468 Y129.04 E244.7053
G1 X119.468 Y115.852 E245.14393
M204 S2000
G1 F2400 E244.34393
G0 F9000 X119.208 Y115.852
G0 X119.308 Y101.49
G0 X119.998 Y101.49
M204 S500
G1 F2400 E245.14393
G1 F1090.9 X119.998 Y128.51 E246.62677
M204 S2000
G1 F2400 E245.82677
;MESH:Weather_station_stand.STL
G0 F9000 X117.846 Y128.511
G0 X112.154 Y128.509
G0 X110 Y129.4
M204 S500
;TYPE:WALL-INNER
G1 F2400 E246.62677
G1 F1800 X110.888 Y129.4 E246.65631
G1 X110.888 Y100.6 E247.6142
G1 X109.108 Y100.6 E247.6734
G1 X109.108 Y129.4 E248.63129
G1 X110 Y129.4 E248.66096
M204 S2000
G0 F9000 X110 Y129.8
M204 S500
;TYPE:WALL-OUTER
G1 F1800 X111.288 Y129.8 E248.7038
G1 X111.288 Y100.2 E249.6883
G1 X108.708 Y100.2 E249.77411
G1 X108.708 Y129.8 E250.75861
G1 X110 Y129.8 E250.80158
M204 S2000
G1 F2400 E250.00158
G0 F9000 X110 Y129.49
G0 X109.998 Y129.2
G0 X109.998 Y130.665
G0 X107.858 Y130.653
G0 X107.846 Y101.491
G0 X109.998 Y101.49
M204 S500
;TYPE:SKIN
G1 F2400 E250.80158
G1 F1090.9 X109.998 Y128.51 E252.28442
M204 S2000
G0 F9000 X110 Y129.04
M204 S500
G1 F1800 X109.468 Y129.04 E252.30211
G1 X109.468 Y100.96 E253.23606
G1 X110.528 Y100.96 E253.27131
G1 X110.528 Y129.04 E254.20526
G1 X110 Y129.04 E254.22282
M204 S2000
G1 F2400 E253.42282
;MESH:NONMESH
G0 F300 Z0.8
G0 F9000 X110 Y129.3
G0 X110.716 Y129.228
G0 X110.716 Y100.772
G0 X110 Y100.43
G0 X110 Y99.335
G0 X110 Y80.665
G0 X110 Y79.4
;TIME_ELAPSED:329.981559
;LAYER:3
M106 S255
M204 S500
;TYPE:WALL-INNER
;MESH:Weather_station_stand.STL(3)
G1 F2400 E254.22282
G1 F1800 X111.12 Y79.4 E254.26007
G1 X111.12 Y50.6 E255.21796
G1 X108.876 Y50.6 E255.2926
G1 X108.876 Y79.4 E256.25049
G1 X110 Y79.4 E256.28788
M204 S2000
G0 F9000 X110 Y79.8
M204 S500
;TYPE:WALL-OUTER
G1 F1800 X111.52 Y79.8 E256.33843
G1 X111.52 Y50.2 E257.32293
G1 X108.476 Y50.2 E257.42417
G1 X108.476 Y79.8 E258.40867
G1 X110 Y79.8 E258.45936
M204 S2000
G0 F9000 X110 Y79.04
M204 S500
;TYPE:SKIN
G1 F1800 X109.236 Y79.04 E258.48477
G1 X109.236 Y50.96 E259.41872
G1 X110.76 Y50.96 E259.46941
G1 X110.76 Y79.04 E260.40335
G1 X110 Y79.04 E260.42863
M204 S2000
G0 F9000 X110.099 Y78.84
M204 S500
G1 F1800 X110.56 Y78.379 E260.45031
M204 S2000
G0 F9000 X110.56 Y77.814
M204 S500
G1 F1800 X109.533 Y78.84 E260.4986
M204 S2000
G0 F9000 X109.436 Y78.371
M204 S500
G1 F1800 X110.56 Y77.248 E260.55144
M204 S2000
G0 F9000 X110.56 Y76.682
M204 S500
G1 F1800 X109.436 Y77.806 E260.60431
M204 S2000
G0 F9000 X109.436 Y77.24
M204 S500
G1 F1800 X110.56 Y76.117 E260.65716
M204 S2000
G0 F9000 X110.56 Y75.551
M204 S500
G1 F1800 X109.436 Y76.674 E260.71
M204 S2000
G0 F9000 X109.436 Y76.109
M204 S500
G1 F1800 X110.56 Y74.985 E260.76287
M204 S2000
G0 F9000 X110.56 Y74.419
M204 S500
G1 F1800 X109.436 Y75.543 E260.81574
M204 S2000
G0 F9000 X109.436 Y74.977
M204 S500
G1 F1800 X110.56 Y73.854 E260.86859
M204 S2000
G0 F9000 X110.56 Y73.288
M204 S500
G1 F1800 X109.436 Y74.412 E260.92146
M204 S2000
G0 F9000 X109.436 Y73.846
M204 S500
G1 F1800 X110.56 Y72.722 E260.97433
M204 S2000
G0 F9000 X110.56 Y72.157
M204 S500
G1 F1800 X109.436 Y73.28 E261.02717
M204 S2000
G0 F9000 X109.436 Y72.715
M204 S500
G1 F1800 X110.56 Y71.591 E261.08004
M204 S2000
G0 F9000 X110.56 Y71.025
M204 S500
G1 F1800 X109.436 Y72.149 E261.13291
M204 S2000
G0 F9000 X109.436 Y71.583
M204 S500
G1 F1800 X110.56 Y70.46 E261.18576
M204 S2000
G0 F9000 X110.56 Y69.894
M204 S500
G1 F1800 X109.436 Y71.018 E261.23863
M204 S2000
G0 F9000 X109.436 Y70.452
M204 S500
G1 F1800 X110.56 Y69.328 E261.2915
M204 S2000
G0 F9000 X110.56 Y68.763
M204 S500
G1 F1800 X109.436 Y69.886 E261.34434
M204 S2000
G0 F9000 X109.436 Y69.321
M204 S500
G1 F1800 X110.56 Y68.197 E261.39721
M204 S2000
G0 F9000 X110.56 Y67.631
M204 S500
G1 F1800 X109.436 Y68.755 E261.45008
M204 S2000
G0 F9000 X109.436 Y68.189
M204 S500
G1 F1800 X110.56 Y67.066 E261.50293
M204 S2000
G0 F9000 X110.56 Y66.5
M204 S500
G1 F1800 X109.436 Y67.623 E261.55578
M204 S2000
G0 F9000 X109.436 Y67.058
M204 S500
G1 F1800 X110.56 Y65.934 E261.60864
M204 S2000
G0 F9000 X110.56 Y65.368
M204 S500
G1 F1800 X109.436 Y66.492 E261.66151
M204 S2000
G0 F9000 X109.436 Y65.926
M204 S500
G1 F1800 X110.56 Y64.803 E261.71436
M204 S2000
G0 F9000 X110.56 Y64.237
M204 S500
G1 F1800 X109.436 Y65.361 E261.76723
M204 S2000
G0 F9000 X109.436 Y64.795
M204 S500
G1 F1800 X110.56 Y63.671 E261.8201
M204 S2000
G0 F9000 X110.56 Y63.106
M204 S500
G1 F1800 X109.436 Y64.229 E261.87295
M204 S2000
G0 F9000 X109.436 Y63.664
M204 S500
G1 F1800 X110.56 Y62.54 E261.92581
M204 S2000
G0 F9000 X110.56 Y61.974
M204 S500
G1 F1800 X109.436 Y63.098 E261.97868
M204 S2000
G0 F9000 X109.436 Y62.532
M204 S500
G1 F1800 X110.56 Y61.409 E262.03153
M204 S2000
G0 F9000 X110.56 Y60.843
M204 S500
G1 F1800 X109.436 Y61.967 E262.0844
M204 S2000
G0 F9000 X109.436 Y61.401
M204 S500
G1 F1800 X110.56 Y60.277 E262.13727
M204 S2000
G0 F9000 X110.56 Y59.712
M204 S500
G1 F1800 X109.436 Y60.835 E262.19012
M204 S2000
G0 F9000 X109.436 Y60.27
M204 S500
G1 F1800 X110.56 Y59.146 E262.24298
M204 S2000
G0 F9000 X110.56 Y58.58
M204 S500
G1 F1800 X109.436 Y59.704 E262.29585
M204 S2000
G0 F9000 X109.436 Y59.138
M204 S500
G1 F1800 X110.56 Y58.015 E262.3487
M204 S2000
G0 F9000 X110.56 Y57.449
M204 S500
G1 F1800 X109.436 Y58.572 E262.40155
M204 S2000
G0 F9000 X109.436 Y58.007
M204 S500
G1 F1800 X110.56 Y56.883 E262.45442
M204 S2000
G0 F9000 X110.56 Y56.318
M204 S500
G1 F1800 X109.436 Y57.441 E262.50726
M204 S2000
G0 F9000 X109.436 Y56.875
M204 S500
G1 F1800 X110.56 Y55.752 E262.56011
M204 S2000
G0 F9000 X110.56 Y55.186
M204 S500
G1 F1800 X109.436 Y56.31 E262.61298
M204 S2000
G0 F9000 X109.436 Y55.744
M204 S500
G1 F1800 X110.56 Y54.62 E262.66585
M204 S2000
G0 F9000 X110.56 Y54.055
M204 S500
G1 F1800 X109.436 Y55.178 E262.71869
M204 S2000
G0 F9000 X109.436 Y54.613
M204 S500
G1 F1800 X110.56 Y53.489 E262.77156
M204 S2000
G0 F9000 X110.56 Y52.923
M204 S500
G1 F1800 X109.436 Y54.047 E262.82443
M204 S2000
G0 F9000 X109.436 Y53.481
M204 S500
G1 F1800 X110.56 Y52.358 E262.87728
M204 S2000
G0 F9000 X110.56 Y51.792
M204 S500
G1 F1800 X109.436 Y52.916 E262.93015
M204 S2000
G0 F9000 X109.436 Y52.35
M204 S500
G1 F1800 X110.56 Y51.226 E262.98302
M204 S2000
G0 F9000 X110.06 Y51.16
M204 S500
G1 F1800 X109.436 Y51.784 E263.01237
M204 S2000
G0 F9000 X109.436 Y51.219
M204 S500
G1 F1800 X109.495 Y51.16 E263.01514
M204 S2000
G1 F2400 E262.21514
;MESH:Weather_station_stand.STL(2)
G0 F9000 X109.495 Y50.7
G0 X110.948 Y50.772
G0 X111.312 Y77.984
G0 X112.387 Y77.983
G0 X117.613 Y77.985
G0 X118.876 Y77.984
M204 S500
;TYPE:WALL-INNER
G1 F2400 E263.01514
G1 F1800 X118.876 Y79.4 E263.06224
G1 X121.12 Y79.4 E263.13688
G1 X121.12 Y50.6 E264.09477
G1 X118.876 Y50.6 E264.1694
G1 X118.876 Y77.984 E265.0802
M204 S2000
G1 F2400 E264.2802
G0 F9000 X118.762 Y79.49
G0 X118.762 Y79.8
M204 S500
;TYPE:WALL-OUTER
G1 F2400 E265.0802
G1 F1800 X121.52 Y79.8 E265.17193
G1 X121.52 Y50.2 E266.15643
G1 X118.476 Y50.2 E266.25767
G1 X118.476 Y79.8 E267.24217
G1 X118.762 Y79.8 E267.25169
M204 S2000
G1 F2400 E266.45169
G0 F9000 X118.762 Y79.49
G0 X118.976 Y72.224
G0 X119.236 Y72.224
M204 S500
;TYPE:SKIN
G1 F2400 E267.25169
G1 F1800 X119.236 Y50.96 E267.95893
G1 X120.76 Y50.96 E268.00962
G1 X120.76 Y79.04 E268.94356
G1 X119.236 Y79.04 E268.99425
G1 X119.236 Y72.224 E269.22095
M204 S2000
G1 F2400 E268.42095
G0 F9000 X118.976 Y72.224
G0 X119.048 Y79.228
G0 X120.948 Y79.228
G0 X121.02 Y78.562
G0 X120.56 Y78.562
M204 S500
G1 F2400 E269.22095
G1 F1800 X120.281 Y78.84 E269.23405
M204 S2000
G0 F9000 X119.715 Y78.84
M204 S500
G1 F1800 X120.56 Y77.996 E269.27377
M204 S2000
G0 F9000 X120.56 Y77.43
M204 S500
G1 F1800 X119.436 Y78.554 E269.32664
M204 S2000
G0 F9000 X119.436 Y77.988
M204 S500
G1 F1800 X120.56 Y76.865 E269.37949
M204 S2000
G0 F9000 X120.56 Y76.299
M204 S500
G1 F1800 X119.436 Y77.423 E269.43236
M204 S2000
G0 F9000 X119.436 Y76.857
M204 S500
G1 F1800 X120.56 Y75.733 E269.48523
M204 S2000
G0 F9000 X120.56 Y75.168
M204 S500
G1 F1800 X119.436 Y76.291 E269.53808
M204 S2000
G0 F9000 X119.436 Y75.725
M204 S500
G1 F1800 X120.56 Y74.602 E269.59092
M204 S2000
G0 F9000 X120.56 Y74.036
M204 S500
G1 F1800 X119.436 Y75.16 E269.64379
M204 S2000
G0 F9000 X119.436 Y74.594
M204 S500
G1 F1800 X120.56 Y73.471 E269.69664
M204 S2000
G0 F9000 X120.56 Y72.905
M204 S500
G1 F1800 X119.436 Y74.028 E269.74948
M204 S2000
G0 F9000 X119.436 Y73.463
M204 S500
G1 F1800 X120.56 Y72.339 E269.80235
M204 S2000
G0 F9000 X120.56 Y71.773
M204 S500
G1 F1800 X119.436 Y72.897 E269.85522
M204 S2000
G0 F9000 X119.436 Y72.331
M204 S500
G1 F1800 X120.56 Y71.208 E269.90807
M204 S2000
G0 F9000 X120.56 Y70.642
M204 S500
G1 F1800 X119.436 Y71.766 E269.96094
M204 S2000
G0 F9000 X119.436 Y71.2
M204 S500
G1 F1800 X120.56 Y70.076 E270.01381
M204 S2000
G0 F9000 X120.56 Y69.511
M204 S500
G1 F1800 X119.436 Y70.634 E270.06665
M204 S2000
G0 F9000 X119.436 Y70.069
M204 S500
G1 F1800 X120.56 Y68.945 E270.11952
M204 S2000
G0 F9000 X120.56 Y68.379
M204 S500
G1 F1800 X119.436 Y69.503 E270.17239
M204 S2000
G0 F9000 X119.436 Y68.937
M204 S500
G1 F1800 X120.56 Y67.814 E270.22524
M204 S2000
G0 F9000 X120.56 Y67.248
M204 S500
G1 F1800 X119.436 Y68.372 E270.27811
M204 S2000
G0 F9000 X119.436 Y67.806
M204 S500
G1 F1800 X120.56 Y66.682 E270.33098
M204 S2000
G0 F9000 X120.56 Y66.117
M204 S500
G1 F1800 X119.436 Y67.24 E270.38382
M204 S2000
G0 F9000 X119.436 Y66.675
M204 S500
G1 F1800 X120.56 Y65.551 E270.43669
M204 S2000
G0 F9000 X120.56 Y64.985
M204 S500
G1 F1800 X119.436 Y66.109 E270.48956
M204 S2000
G0 F9000 X119.436 Y65.543
M204 S500
G1 F1800 X120.56 Y64.42 E270.54241
M204 S2000
G0 F9000 X120.56 Y63.854
M204 S500
G1 F1800 X119.436 Y64.977 E270.59525
M204 S2000
G0 F9000 X119.436 Y64.412
M204 S500
G1 F1800 X120.56 Y63.288 E270.64812
M204 S2000
G0 F9000 X120.56 Y62.722
M204 S500
G1 F1800 X119.436 Y63.846 E270.70099
M204 S2000
G0 F9000 X119.436 Y63.28
M204 S500
G1 F1800 X120.56 Y62.157 E270.75384
M204 S2000
G0 F9000 X120.56 Y61.591
M204 S500
G1 F1800 X119.436 Y62.715 E270.80671
M204 S2000
G0 F9000 X119.436 Y62.149
M204 S500
G1 F1800 X120.56 Y61.025 E270.85958
M204 S2000
G0 F9000 X120.56 Y60.46
M204 S500
G1 F1800 X119.436 Y61.583 E270.91242
M204 S2000
G0 F9000 X119.436 Y61.018
M204 S500
G1 F1800 X120.56 Y59.894 E270.96529
M204 S2000
G0 F9000 X120.56 Y59.328
M204 S500
G1 F1800 X119.436 Y60.452 E271.01816
M204 S2000
G0 F9000 X119.436 Y59.886
M204 S500
G1 F1800 X120.56 Y58.763 E271.07101
M204 S2000
G0 F9000 X120.56 Y58.197
M204 S500
G1 F1800 X119.436 Y59.321 E271.12388
M204 S2000
G0 F9000 X119.436 Y58.755
M204 S500
G1 F1800 X120.56 Y57.631 E271.17675
M204 S2000
G0 F9000 X120.56 Y57.066
M204 S500
G1 F1800 X119.436 Y58.189 E271.22959
M204 S2000
G0 F9000 X119.436 Y57.624
M204 S500
G1 F1800 X120.56 Y56.5 E271.28246
M204 S2000
G0 F9000 X120.56 Y55.934
M204 S500
G1 F1800 X119.436 Y57.058 E271.33533
M204 S2000
G0 F9000 X119.436 Y56.492
M204 S500
G1 F1800 X120.56 Y55.369 E271.38818
M204 S2000
G0 F9000 X120.56 Y54.803
M204 S500
G1 F1800 X119.436 Y55.926 E271.44103
M204 S2000
G0 F9000 X119.436 Y55.361
M204 S500
G1 F1800 X120.56 Y54.237 E271.49389
M204 S2000
G0 F9000 X120.56 Y53.672
M204 S500
G1 F1800 X119.436 Y54.795 E271.54674
M204 S2000
G0 F9000 X119.436 Y54.229
M204 S500
G1 F1800 X120.56 Y53.106 E271.59959
M204 S2000
G0 F9000 X120.56 Y52.54
M204 S500
G1 F1800 X119.436 Y53.664 E271.65246
M204 S2000
G0 F9000 X119.436 Y53.098
M204 S500
G1 F1800 X120.56 Y51.974 E271.70533
M204 S2000
G0 F9000 X120.56 Y51.409
M204 S500
G1 F1800 X119.436 Y52.532 E271.75817
M204 S2000
G0 F9000 X119.436 Y51.967
M204 S500
G1 F1800 X120.243 Y51.16 E271.79613
M204 S2000
G0 F9000 X119.677 Y51.16
M204 S500
G1 F1800 X119.436 Y51.401 E271.80747
M204 S2000
G1 F2400 E271.00747
;MESH:Weather_station_stand.STL(1)
G0 F9000 X118.976 Y51.401
G0 X118.876 Y79.57
G0 X118.876 Y80.665
G0 X118.876 Y99.335
G0 X118.876 Y122.364
M204 S500
;TYPE:WALL-INNER
G1 F2400 E271.80747
G1 F1800 X118.876 Y129.4 E272.04148
G1 X121.12 Y129.4 E272.11612
G1 X121.12 Y100.6 E273.07401
G1 X118.876 Y100.6 E273.14865
G1 X118.876 Y122.364 E273.87252
M204 S2000
G1 F2400 E273.07252
G0 F9000 X118.788 Y126.764
G0 X118.476 Y126.764
M204 S500
;TYPE:WALL-OUTER
G1 F2400 E273.87252
G1 F1800 X118.476 Y129.8 E273.9735
G1 X121.52 Y129.8 E274.07474
G1 X121.52 Y100.2 E275.05924
G1 X118.476 Y100.2 E275.16049
G1 X118.476 Y126.764 E276.04401
M204 S2000
G1 F2400 E275.24401
G0 F9000 X118.788 Y126.764
G0 X118.976 Y118.404
G0 X119.236 Y118.404
M204 S500
;TYPE:SKIN
G1 F2400 E276.04401
G1 F1800 X119.236 Y100.96 E276.6242
G1 X120.76 Y100.96 E276.67489
G1 X120.76 Y129.04 E277.60883
G1 X119.236 Y129.04 E277.65952
G1 X119.236 Y118.404 E278.01328
M204 S2000
G1 F2400 E277.21328
G0 F9000 X118.976 Y118.404
G0 X119.048 Y129.228
G0 X120.948 Y129.228
G0 X121.02 Y128.342
G0 X120.56 Y128.342
M204 S500
G1 F2400 E278.01328
G1 F1800 X120.061 Y128.841 E278.03675
M204 S2000
G0 F9000 X119.495 Y128.841
M204 S500
G1 F1800 X120.56 Y127.776 E278.08684
M204 S2000
G0 F9000 X120.56 Y127.211
M204 S500
G1 F1800 X119.436 Y128.334 E278.13969
M204 S2000
G0 F9000 X119.436 Y127.769
M204 S500
G1 F1800 X120.56 Y126.645 E278.19256
M204 S2000
G0 F9000 X120.56 Y126.079
M204 S500
G1 F1800 X119.436 Y127.203 E278.24543
M204 S2000
G0 F9000 X119.436 Y126.637
M204 S500
G1 F1800 X120.56 Y125.514 E278.29827
M204 S2000
G0 F9000 X120.56 Y124.948
M204 S500
G1 F1800 X119.436 Y126.071 E278.35112
M204 S2000
G0 F9000 X119.436 Y125.506
M204 S500
G1 F1800 X120.56 Y124.382 E278.40399
M204 S2000
G0 F9000 X120.56 Y123.817
M204 S500
G1 F1800 X119.436 Y124.94 E278.45683
M204 S2000
G0 F9000 X119.436 Y124.374
M204 S500
G1 F1800 X120.56 Y123.251 E278.50968
M204 S2000
G0 F9000 X120.56 Y122.685
M204 S500
G1 F1800 X119.436 Y123.809 E278.56255
M204 S2000
G0 F9000 X119.436 Y123.243
M204 S500
G1 F1800 X120.56 Y122.119 E278.61542
M204 S2000
G0 F9000 X120.56 Y121.554
M204 S500
G1 F1800 X119.436 Y122.677 E278.66826
M204 S2000
G0 F9000 X119.436 Y122.112
M204 S500
G1 F1800 X120.56 Y120.988 E278.72113
M204 S2000
G0 F9000 X120.56 Y120.422
M204 S500
G1 F1800 X119.436 Y121.546 E278.774
M204 S2000
G0 F9000 X119.436 Y120.98
M204 S500
G1 F1800 X120.56 Y119.857 E278.82685
M204 S2000
G0 F9000 X120.56 Y119.291
M204 S500
G1 F1800 X119.436 Y120.415 E278.87972
M204 S2000
G0 F9000 X119.436 Y119.849
M204 S500
G1 F1800 X120.56 Y118.725 E278.93259
M204 S2000
G0 F9000 X120.56 Y118.16
M204 S500
G1 F1800 X119.436 Y119.283 E278.98543
M204 S2000
G0 F9000 X119.436 Y118.718
M204 S500
G1 F1800 X120.56 Y117.594 E279.0383
M204 S2000
G0 F9000 X120.56 Y117.028
M204 S500
G1 F1800 X119.436 Y118.152 E279.09117
M204 S2000
G0 F9000 X119.436 Y117.586
M204 S500
G1 F1800 X120.56 Y116.463 E279.14402
M204 S2000
G0 F9000 X120.56 Y115.897
M204 S500
G1 F1800 X119.436 Y117.021 E279.19689
M204 S2000
G0 F9000 X119.436 Y116.455
M204 S500
G1 F1800 X120.56 Y115.331 E279.24976
M204 S2000
G0 F9000 X120.56 Y114.766
M204 S500
G1 F1800 X119.436 Y115.889 E279.3026
M204 S2000
G0 F9000 X119.436 Y115.323
M204 S500
G1 F1800 X120.56 Y114.2 E279.35545
M204 S2000
G0 F9000 X120.56 Y113.634
M204 S500
G1 F1800 X119.436 Y114.758 E279.40832
M204 S2000
G0 F9000 X119.436 Y114.192
M204 S500
G1 F1800 X120.56 Y113.068 E279.46119
M204 S2000
G0 F9000 X120.56 Y112.503
M204 S500
G1 F1800 X119.436 Y113.626 E279.51404
M204 S2000
G0 F9000 X119.436 Y113.061
M204 S500
G1 F1800 X120.56 Y111.937 E279.56691
M204 S2000
G0 F9000 X120.56 Y111.371
M204 S500
G1 F1800 X119.436 Y112.495 E279.61977
M204 S2000
G0 F9000 X119.436 Y111.929
M204 S500
G1 F1800 X120.56 Y110.806 E279.67262
M204 S2000
G0 F9000 X120.56 Y110.24
M204 S500
G1 F1800 X119.436 Y111.364 E279.72549
M204 S2000
G0 F9000 X119.436 Y110.798
M204 S500
G1 F1800 X120.56 Y109.674 E279.77836
M204 S2000
G0 F9000 X120.56 Y109.109
M204 S500
G1 F1800 X119.436 Y110.232 E279.83121
M204 S2000
G0 F9000 X119.436 Y109.667
M204 S500
G1 F1800 X120.56 Y108.543 E279.88408
M204 S2000
G0 F9000 X120.56 Y107.977
M204 S500
G1 F1800 X119.436 Y109.101 E279.93694
M204 S2000
G0 F9000 X119.436 Y108.535
M204 S500
G1 F1800 X120.56 Y107.412 E279.98979
M204 S2000
G0 F9000 X120.56 Y106.846
M204 S500
G1 F1800 X119.436 Y107.97 E280.04266
M204 S2000
G0 F9000 X119.436 Y107.404
M204 S500
G1 F1800 X120.56 Y106.28 E280.09553
M204 S2000
G0 F9000 X120.56 Y105.715
M204 S500
G1 F1800 X119.436 Y106.838 E280.14838
M204 S2000
G0 F9000 X119.436 Y106.272
M204 S500
G1 F1800 X120.56 Y105.149 E280.20122
M204 S2000
G0 F9000 X120.56 Y104.583
M204 S500
G1 F1800 X119.436 Y105.707 E280.25409
M204 S2000
G0 F9000 X119.436 Y105.141
M204 S500
G1 F1800 X120.56 Y104.018 E280.30694
M204 S2000
G0 F9000 X120.56 Y103.452
M204 S500
G1 F1800 X119.436 Y104.575 E280.35978
M204 S2000
G0 F9000 X119.436 Y104.01
M204 S500
G1 F1800 X120.56 Y102.886 E280.41265
M204 S2000
G0 F9000 X120.56 Y102.32
M204 S500
G1 F1800 X119.436 Y103.444 E280.46552
M204 S2000
G0 F9000 X119.436 Y102.878
M204 S500
G1 F1800 X120.56 Y101.755 E280.51837
M204 S2000
G0 F9000 X120.56 Y101.189
M204 S500
G1 F1800 X119.436 Y102.313 E280.57124
M204 S2000
G0 F9000 X119.436 Y101.747
M204 S500
G1 F1800 X120.023 Y101.16 E280.59885
M204 S2000
G1 F2400 E279.79885
;MESH:Weather_station_stand.STL
G0 F9000 X120.023 Y100.7
G0 X119.048 Y100.772
G0 X118.688 Y129.4
G0 X117.613 Y129.401
G0 X112.387 Y129.399
G0 X110 Y129.4
M204 S500
;TYPE:WALL-INNER
G1 F2400 E280.59885
G1 F1800 X111.12 Y129.4 E280.6361
G1 X111.12 Y100.6 E281.59399
G1 X108.876 Y100.6 E281.66863
G1 X108.876 Y129.4 E282.62652
G1 X110 Y129.4 E282.6639
M204 S2000
G0 F9000 X110 Y129.8
M204 S500
;TYPE:WALL-OUTER
G1 F1800 X111.52 Y129.8 E282.71446
G1 X111.52 Y100.2 E283.69896
G1 X108.476 Y100.2 E283.8002
G1 X108.476 Y129.8 E284.7847
G1 X110 Y129.8 E284.83539
M204 S2000
G0 F9000 X110 Y129.04
M204 S500
;TYPE:SKIN
G1 F1800 X109.236 Y129.04 E284.8608
G1 X109.236 Y100.96 E285.79475
G1 X110.76 Y100.96 E285.84544
G1 X110.76 Y129.04 E286.77938
G1 X110 Y129.04 E286.80466
M204 S2000
G0 F9000 X110.56 Y128.725
M204 S500
G1 F1800 X110.444 Y128.841 E286.81011
M204 S2000
G0 F9000 X109.879 Y128.841
M204 S500
G1 F1800 X110.56 Y128.16 E286.84215
M204 S2000
G0 F9000 X110.56 Y127.594
M204 S500
G1 F1800 X109.436 Y128.717 E286.89499
M204 S2000
G0 F9000 X109.436 Y128.152
M204 S500
G1 F1800 X110.56 Y127.028 E286.94786
M204 S2000
G0 F9000 X110.56 Y126.463
M204 S500
G1 F1800 X109.436 Y127.586 E287.00071
M204 S2000
G0 F9000 X109.436 Y127.02
M204 S500
G1 F1800 X110.56 Y125.897 E287.05355
M204 S2000
G0 F9000 X110.56 Y125.331
M204 S500
G1 F1800 X109.436 Y126.455 E287.10642
M204 S2000
G0 F9000 X109.436 Y125.889
M204 S500
G1 F1800 X110.56 Y124.765 E287.15929
M204 S2000
G0 F9000 X110.56 Y124.2
M204 S500
G1 F1800 X109.436 Y125.323 E287.21214
M204 S2000
G0 F9000 X109.436 Y124.758
M204 S500
G1 F1800 X110.56 Y123.634 E287.26501
M204 S2000
G0 F9000 X110.56 Y123.068
M204 S500
G1 F1800 X109.436 Y124.192 E287.31788
M204 S2000
G0 F9000 X109.436 Y123.626
M204 S500
G1 F1800 X110.56 Y122.503 E287.37072
M204 S2000
G0 F9000 X110.56 Y121.937
M204 S500
G1 F1800 X109.436 Y123.061 E287.42359
M204 S2000
G0 F9000 X109.436 Y122.495
M204 S500
G1 F1800 X110.56 Y121.371 E287.47646
M204 S2000
G0 F9000 X110.56 Y120.806
M204 S500
G1 F1800 X109.436 Y121.929 E287.52931
M204 S2000
G0 F9000 X109.436 Y121.364
M204 S500
G1 F1800 X110.56 Y120.24 E287.58218
M204 S2000
G0 F9000 X110.56 Y119.674
M204 S500
G1 F1800 X109.436 Y120.798 E287.63505
M204 S2000
G0 F9000 X109.436 Y120.232
M204 S500
G1 F1800 X110.56 Y119.109 E287.68789
M204 S2000
G0 F9000 X110.56 Y118.543
M204 S500
G1 F1800 X109.436 Y119.667 E287.74076
M204 S2000
G0 F9000 X109.436 Y119.101
M204 S500
G1 F1800 X110.56 Y117.977 E287.79363
M204 S2000
G0 F9000 X110.56 Y117.412
M204 S500
G1 F1800 X109.436 Y118.535 E287.84648
M204 S2000
G0 F9000 X109.436 Y117.969
M204 S500
G1 F1800 X110.56 Y116.846 E287.89932
M204 S2000
G0 F9000 X110.56 Y116.28
M204 S500
G1 F1800 X109.436 Y117.404 E287.95219
M204 S2000
G0 F9000 X109.436 Y116.838
M204 S500
G1 F1800 X110.56 Y115.714 E288.00506
M204 S2000
G0 F9000 X110.56 Y115.149
M204 S500
G1 F1800 X109.436 Y116.272 E288.05791
M204 S2000
G0 F9000 X109.436 Y115.707
M204 S500
G1 F1800 X110.56 Y114.583 E288.11078
M204 S2000
G0 F9000 X110.56 Y114.017
M204 S500
G1 F1800 X109.436 Y115.141 E288.16365
M204 S2000
G0 F9000 X109.436 Y114.575
M204 S500
G1 F1800 X110.56 Y113.452 E288.21649
M204 S2000
G0 F9000 X110.56 Y112.886
M204 S500
G1 F1800 X109.436 Y114.01 E288.26936
M204 S2000
G0 F9000 X109.436 Y113.444
M204 S500
G1 F1800 X110.56 Y112.32 E288.32223
M204 S2000
G0 F9000 X110.56 Y111.755
M204 S500
G1 F1800 X109.436 Y112.878 E288.37508
M204 S2000
G0 F9000 X109.436 Y112.313
M204 S500
G1 F1800 X110.56 Y111.189 E288.42795
M204 S2000
G0 F9000 X110.56 Y110.623
M204 S500
G1 F1800 X109.436 Y111.747 E288.48082
M204 S2000
G0 F9000 X109.436 Y111.181
M204 S500
G1 F1800 X110.56 Y110.058 E288.53366
M204 S2000
G0 F9000 X110.56 Y109.492
M204 S500
G1 F1800 X109.436 Y110.616 E288.58653
M204 S2000
G0 F9000 X109.436 Y110.05
M204 S500
G1 F1800 X110.56 Y108.926 E288.6394
M204 S2000
G0 F9000 X110.56 Y108.361
M204 S500
G1 F1800 X109.436 Y109.484 E288.69225
M204 S2000
G0 F9000 X109.436 Y108.918
M204 S500
G1 F1800 X110.56 Y107.795 E288.7451
M204 S2000
G0 F9000 X110.56 Y107.229
M204 S500
G1 F1800 X109.436 Y108.353 E288.79797
M204 S2000
G0 F9000 X109.436 Y107.787
M204 S500
G1 F1800 X110.56 Y106.664 E288.85081
M204 S2000
G0 F9000 X110.56 Y106.098
M204 S500
G1 F1800 X109.436 Y107.221 E288.90366
M204 S2000
G0 F9000 X109.436 Y106.656
M204 S500
G1 F1800 X110.56 Y105.532 E288.95653
M204 S2000
G0 F9000 X110.56 Y104.966
M204 S500
G1 F1800 X109.436 Y106.09 E289.0094
M204 S2000
G0 F9000 X109.436 Y105.524
M204 S500
G1 F1800 X110.56 Y104.401 E289.06224
M204 S2000
G0 F9000 X110.56 Y103.835
M204 S500
G1 F1800 X109.436 Y104.959 E289.11511
M204 S2000
G0 F9000 X109.436 Y104.393
M204 S500
G1 F1800 X110.56 Y103.269 E289.16798
M204 S2000
G0 F9000 X110.56 Y102.704
M204 S500
G1 F1800 X109.436 Y103.827 E289.22083
M204 S2000
G0 F9000 X109.436 Y103.262
M204 S500
G1 F1800 X110.56 Y102.138 E289.2737
M204 S2000
G0 F9000 X110.56 Y101.572
M204 S500
G1 F1800 X109.436 Y102.696 E289.32657
M204 S2000
G0 F9000 X109.436 Y102.13
M204 S500
G1 F1800 X110.406 Y101.16 E289.37219
M204 S2000
G0 F9000 X109.841 Y101.16
M204 S500
G1 F1800 X109.436 Y101.565 E289.39124
M204 S2000
G1 F2400 E288.59124
;MESH:NONMESH
G0 F300 Z1
G0 F9000 X108.976 Y101.565
G0 X109.048 Y100.772
G0 X110 Y100.43
G0 X110 Y99.335
G0 X110 Y80.665
G0 X110 Y79.4
;TIME_ELAPSED:391.042075
;LAYER:4
M204 S500
;TYPE:WALL-INNER
;MESH:Weather_station_stand.STL(3)
G1 F2400 E289.39124
G1 F1800 X111.316 Y79.4 E289.43501
G1 X111.312 Y50.6 E290.3929
G1 X108.684 Y50.6 E290.48031
G1 X108.684 Y79.4 E291.4382
G1 X110 Y79.4 E291.48197
M204 S2000
G0 F9000 X110 Y79.8
M204 S500
;TYPE:WALL-OUTER
G1 F1800 X111.716 Y79.8 E291.53905
G1 X111.712 Y50.2 E292.52355
G1 X108.284 Y50.2 E292.63756
G1 X108.284 Y79.8 E293.62206
G1 X110 Y79.8 E293.67914
M204 S2000
G0 F9000 X110 Y79.04
M204 S500
;TYPE:SKIN
G1 F1800 X109.044 Y79.04 E293.71094
G1 X109.044 Y50.96 E294.64488
G1 X110.952 Y50.96 E294.70834
G1 X110.956 Y79.04 E295.64229
G1 X110 Y79.04 E295.67408
M204 S2000
G0 F9000 X109.244 Y78.697
M204 S500
G1 F1800 X109.387 Y78.84 E295.68081
M204 S2000
G0 F9000 X109.952 Y78.84
M204 S500
G1 F1800 X109.244 Y78.131 E295.71413
M204 S2000
G0 F9000 X109.244 Y77.565
M204 S500
G1 F1800 X110.518 Y78.84 E295.77408
M204 S2000
G0 F9000 X110.756 Y78.512
M204 S500
G1 F1800 X109.244 Y77 E295.8452
M204 S2000
G0 F9000 X109.244 Y76.434
M204 S500
G1 F1800 X110.756 Y77.947 E295.91635
M204 S2000
G0 F9000 X110.756 Y77.381
M204 S500
G1 F1800 X109.244 Y75.868 E295.98749
M204 S2000
G0 F9000 X109.244 Y75.303
M204 S500
G1 F1800 X110.756 Y76.815 E296.05861
M204 S2000
G0 F9000 X110.756 Y76.249
M204 S500
G1 F1800 X109.244 Y74.737 E296.12973
M204 S2000
G0 F9000 X109.244 Y74.171
M204 S500
G1 F1800 X110.756 Y75.684 E296.20087
M204 S2000
G0 F9000 X110.756 Y75.118
M204 S500
G1 F1800 X109.244 Y73.606 E296.27199
M204 S2000
G0 F9000 X109.244 Y73.04
M204 S500
G1 F1800 X110.756 Y74.552 E296.34311
M204 S2000
G0 F9000 X110.756 Y73.986
M204 S500
G1 F1800 X109.244 Y72.474 E296.41423
M204 S2000
G0 F9000 X109.244 Y71.909
M204 S500
G1 F1800 X110.756 Y73.42 E296.48533
M204 S2000
G0 F9000 X110.756 Y72.855
M204 S500
G1 F1800 X109.244 Y71.343 E296.55645
M204 S2000
G0 F9000 X109.244 Y70.777
M204 S500
G1 F1800 X110.756 Y72.289 E296.62757
M204 S2000
G0 F9000 X110.756 Y71.723
M204 S500
G1 F1800 X109.244 Y70.211 E296.69869
M204 S2000
G0 F9000 X109.244 Y69.646
M204 S500
G1 F1800 X110.756 Y71.158 E296.76981
M204 S2000
G0 F9000 X110.756 Y70.592
M204 S500
G1 F1800 X109.244 Y69.08 E296.84093
M204 S2000
G0 F9000 X109.244 Y68.514
M204 S500
G1 F1800 X110.756 Y70.026 E296.91205
M204 S2000
G0 F9000 X110.755 Y69.46
M204 S500
G1 F1800 X109.244 Y67.949 E296.98312
M204 S2000
G0 F9000 X109.244 Y67.383
M204 S500
G1 F1800 X110.755 Y68.894 E297.05419
M204 S2000
G0 F9000 X110.755 Y68.328
M204 S500
G1 F1800 X109.244 Y66.817 E297.12527
M204 S2000
G0 F9000 X109.244 Y66.252
M204 S500
G1 F1800 X110.755 Y67.763 E297.19634
M204 S2000
G0 F9000 X110.755 Y67.197
M204 S500
G1 F1800 X109.244 Y65.686 E297.26741
M204 S2000
G0 F9000 X109.244 Y65.12
M204 S500
G1 F1800 X110.755 Y66.631 E297.33848
M204 S2000
G0 F9000 X110.755 Y66.066
M204 S500
G1 F1800 X109.244 Y64.555 E297.40956
M204 S2000
G0 F9000 X109.244 Y63.989
M204 S500
G1 F1800 X110.755 Y65.5 E297.48063
M204 S2000
G0 F9000 X110.754 Y64.934
M204 S500
G1 F1800 X109.244 Y63.423 E297.55168
M204 S2000
G0 F9000 X109.244 Y62.858
M204 S500
G1 F1800 X110.754 Y64.368 E297.6227
M204 S2000
G0 F9000 X110.754 Y63.802
M204 S500
G1 F1800 X109.244 Y62.292 E297.69373
M204 S2000
G0 F9000 X109.244 Y61.726
M204 S500
G1 F1800 X110.754 Y63.237 E297.76478
M204 S2000
G0 F9000 X110.754 Y62.671
M204 S500
G1 F1800 X109.244 Y61.16 E297.83583
M204 S2000
G0 F9000 X109.244 Y60.595
M204 S500
G1 F1800 X110.754 Y62.105 E297.90685
M204 S2000
G0 F9000 X110.754 Y61.54
M204 S500
G1 F1800 X109.244 Y60.029 E297.9779
M204 S2000
G0 F9000 X109.244 Y59.463
M204 S500
G1 F1800 X110.754 Y60.974 E298.04895
M204 S2000
G0 F9000 X110.754 Y60.408
M204 S500
G1 F1800 X109.244 Y58.898 E298.11998
M204 S2000
G0 F9000 X109.244 Y58.332
M204 S500
G1 F1800 X110.753 Y59.842 E298.19098
M204 S2000
G0 F9000 X110.753 Y59.276
M204 S500
G1 F1800 X109.244 Y57.766 E298.26198
M204 S2000
G0 F9000 X109.244 Y57.201
M204 S500
G1 F1800 X110.753 Y58.71 E298.33296
M204 S2000
G0 F9000 X110.753 Y58.145
M204 S500
G1 F1800 X109.244 Y56.635 E298.40396
M204 S2000
G0 F9000 X109.244 Y56.069
M204 S500
G1 F1800 X110.753 Y57.579 E298.47497
M204 S2000
G0 F9000 X110.753 Y57.013
M204 S500
G1 F1800 X109.244 Y55.504 E298.54595
M204 S2000
G0 F9000 X109.244 Y54.938
M204 S500
G1 F1800 X110.753 Y56.448 E298.61695
M204 S2000
G0 F9000 X110.753 Y55.882
M204 S500
G1 F1800 X109.244 Y54.372 E298.68795
M204 S2000
G0 F9000 X109.244 Y53.807
M204 S500
G1 F1800 X110.753 Y55.316 E298.75893
M204 S2000
G0 F9000 X110.753 Y54.75
M204 S500
G1 F1800 X109.244 Y53.241 E298.82991
M204 S2000
G0 F9000 X109.244 Y52.675
M204 S500
G1 F1800 X110.753 Y54.184 E298.90089
M204 S2000
G0 F9000 X110.753 Y53.618
M204 S500
G1 F1800 X109.244 Y52.11 E298.97184
M204 S2000
G0 F9000 X109.244 Y51.544
M204 S500
G1 F1800 X110.753 Y53.053 E299.04282
M204 S2000
G0 F9000 X110.753 Y52.487
M204 S500
G1 F1800 X109.425 Y51.16 E299.10526
M204 S2000
G0 F9000 X109.991 Y51.16
M204 S500
G1 F1800 X110.753 Y51.921 E299.14108
M204 S2000
G0 F9000 X110.753 Y51.356
M204 S500
G1 F1800 X110.557 Y51.16 E299.1503
M204 S2000
G1 F2400 E298.3503
;MESH:Weather_station_stand.STL(2)
G0 F9000 X110.557 Y50.7
G0 X111.14 Y50.772
G0 X111.505 Y79.4
G0 X112.58 Y79.399
G0 X117.42 Y79.401
G0 X118.788 Y79.4
M204 S500
;TYPE:WALL-INNER
G1 F2400 E299.1503
G1 F1800 X121.316 Y79.4 E299.23438
G1 X121.312 Y50.6 E300.19227
G1 X118.684 Y50.6 E300.27968
G1 X118.684 Y79.4 E301.23757
G1 X118.788 Y79.4 E301.24103
M204 S2000
G0 F9000 X118.762 Y79.8
M204 S500
;TYPE:WALL-OUTER
G1 F1800 X121.716 Y79.8 E301.33928
G1 X121.712 Y50.2 E302.32378
G1 X118.284 Y50.2 E302.4378
G1 X118.284 Y79.8 E303.4223
G1 X118.762 Y79.8 E303.4382
M204 S2000
G1 F2400 E302.6382
G0 F9000 X118.762 Y79.49
G0 X118.784 Y75.296
G0 X119.044 Y75.296
M204 S500
;TYPE:SKIN
G1 F2400 E303.4382
G1 F1800 X119.044 Y50.96 E304.24761
G1 X120.952 Y50.96 E304.31108
G1 X120.956 Y79.04 E305.24502
G1 X119.044 Y79.04 E305.30861
G1 X119.044 Y75.296 E305.43314
M204 S2000
G1 F2400 E304.63314
G0 F9000 X118.784 Y75.296
G0 X118.784 Y78.515
G0 X119.244 Y78.515
M204 S500
G1 F2400 E305.43314
G1 F1800 X119.57 Y78.84 E305.44845
M204 S2000
G0 F9000 X120.135 Y78.84
M204 S500
G1 F1800 X119.244 Y77.949 E305.49036
M204 S2000
G0 F9000 X119.244 Y77.384
M204 S500
G1 F1800 X120.701 Y78.84 E305.55887
M204 S2000
G0 F9000 X120.756 Y78.33
M204 S500
G1 F1800 X119.244 Y76.818 E305.62999
M204 S2000
G0 F9000 X119.244 Y76.252
M204 S500
G1 F1800 X120.756 Y77.764 E305.70111
M204 S2000
G0 F9000 X120.756 Y77.198
M204 S500
G1 F1800 X119.244 Y75.687 E305.7722
M204 S2000
G0 F9000 X119.244 Y75.121
M204 S500
G1 F1800 X120.756 Y76.633 E305.84332
M204 S2000
G0 F9000 X120.756 Y76.067
M204 S500
G1 F1800 X119.244 Y74.555 E305.91444
M204 S2000
G0 F9000 X119.244 Y73.99
M204 S500
G1 F1800 X120.756 Y75.501 E305.98554
M204 S2000
G0 F9000 X120.756 Y74.936
M204 S500
G1 F1800 X119.244 Y73.424 E306.05666
M204 S2000
G0 F9000 X119.244 Y72.858
M204 S500
G1 F1800 X120.756 Y74.37 E306.12778
M204 S2000
G0 F9000 X120.755 Y73.804
M204 S500
G1 F1800 X119.244 Y72.292 E306.19888
M204 S2000
G0 F9000 X119.244 Y71.727
M204 S500
G1 F1800 X120.755 Y73.238 E306.26995
M204 S2000
G0 F9000 X120.755 Y72.672
M204 S500
G1 F1800 X119.244 Y71.161 E306.34102
M204 S2000
G0 F9000 X119.244 Y70.595
M204 S500
G1 F1800 X120.755 Y72.107 E306.41212
M204 S2000
G0 F9000 X120.755 Y71.541
M204 S500
G1 F1800 X119.244 Y70.03 E306.48319
M204 S2000
G0 F9000 X119.244 Y69.464
M204 S500
G1 F1800 X120.755 Y70.975 E306.55426
M204 S2000
G0 F9000 X120.755 Y70.409
M204 S500
G1 F1800 X119.244 Y68.898 E306.62534
M204 S2000
G0 F9000 X119.244 Y68.333
M204 S500
G1 F1800 X120.755 Y69.844 E306.69641
M204 S2000
G0 F9000 X120.755 Y69.277
M204 S500
G1 F1800 X119.244 Y67.767 E306.76746
M204 S2000
G0 F9000 X119.244 Y67.201
M204 S500
G1 F1800 X120.755 Y68.712 E306.83853
M204 S2000
G0 F9000 X120.755 Y68.146
M204 S500
G1 F1800 X119.244 Y66.636 E306.90958
M204 S2000
G0 F9000 X119.244 Y66.07
M204 S500
G1 F1800 X120.755 Y67.58 E306.98063
M204 S2000
G0 F9000 X120.755 Y67.015
M204 S500
G1 F1800 X119.244 Y65.504 E307.0517
M204 S2000
G0 F9000 X119.244 Y64.939
M204 S500
G1 F1800 X120.755 Y66.449 E307.12275
M204 S2000
G0 F9000 X120.755 Y65.883
M204 S500
G1 F1800 X119.244 Y64.373 E307.1938
M204 S2000
G0 F9000 X119.244 Y63.807
M204 S500
G1 F1800 X120.755 Y65.318 E307.26487
M204 S2000
G0 F9000 X120.754 Y64.751
M204 S500
G1 F1800 X119.244 Y63.242 E307.33588
M204 S2000
G0 F9000 X119.244 Y62.676
M204 S500
G1 F1800 X120.754 Y64.185 E307.40688
M204 S2000
G0 F9000 X120.754 Y63.62
M204 S500
G1 F1800 X119.244 Y62.11 E307.47791
M204 S2000
G0 F9000 X119.244 Y61.544
M204 S500
G1 F1800 X120.754 Y63.054 E307.54893
M204 S2000
G0 F9000 X120.754 Y62.488
M204 S500
G1 F1800 X119.244 Y60.979 E307.61993
M204 S2000
G0 F9000 X119.244 Y60.413
M204 S500
G1 F1800 X120.754 Y61.923 E307.69096
M204 S2000
G0 F9000 X120.754 Y61.357
M204 S500
G1 F1800 X119.244 Y59.847 E307.76198
M204 S2000
G0 F9000 X119.244 Y59.282
M204 S500
G1 F1800 X120.754 Y60.791 E307.83299
M204 S2000
G0 F9000 X120.753 Y60.225
M204 S500
G1 F1800 X119.244 Y58.716 E307.90397
M204 S2000
G0 F9000 X119.244 Y58.15
M204 S500
G1 F1800 X120.753 Y59.659 E307.97494
M204 S2000
G0 F9000 X120.753 Y59.094
M204 S500
G1 F1800 X119.244 Y57.585 E308.04592
M204 S2000
G0 F9000 X119.244 Y57.019
M204 S500
G1 F1800 X120.753 Y58.528 E308.1169
M204 S2000
G0 F9000 X120.753 Y57.962
M204 S500
G1 F1800 X119.244 Y56.453 E308.18788
M204 S2000
G0 F9000 X119.244 Y55.888
M204 S500
G1 F1800 X120.753 Y57.397 E308.25886
M204 S2000
G0 F9000 X120.753 Y56.831
M204 S500
G1 F1800 X119.244 Y55.322 E308.32984
M204 S2000
G0 F9000 X119.244 Y54.756
M204 S500
G1 F1800 X120.753 Y56.265 E308.40082
M204 S2000
G0 F9000 X120.753 Y55.699
M204 S500
G1 F1800 X119.244 Y54.191 E308.47177
M204 S2000
G0 F9000 X119.244 Y53.625
M204 S500
G1 F1800 X120.753 Y55.133 E308.54273
M204 S2000
G0 F9000 X120.753 Y54.567
M204 S500
G1 F1800 X119.244 Y53.059 E308.61368
M204 S2000
G0 F9000 X119.244 Y52.493
M204 S500
G1 F1800 X120.753 Y54.002 E308.68466
M204 S2000
G0 F9000 X120.753 Y53.436
M204 S500
G1 F1800 X119.244 Y51.928 E308.75562
M204 S2000
G0 F9000 X119.244 Y51.362
M204 S500
G1 F1800 X120.753 Y52.87 E308.82657
M204 S2000
G0 F9000 X120.753 Y52.305
M204 S500
G1 F1800 X119.608 Y51.16 E308.88043
M204 S2000
G0 F9000 X120.174 Y51.16
M204 S500
G1 F1800 X120.753 Y51.739 E308.90766
M204 S2000
G1 F2400 E308.10766
;MESH:Weather_station_stand.STL(1)
G0 F9000 X121.213 Y51.739
G0 X121.144 Y79.228
G0 X118.684 Y79.57
G0 X118.684 Y80.665
G0 X118.684 Y99.335
G0 X118.684 Y124.476
M204 S500
;TYPE:WALL-INNER
G1 F2400 E308.90766
G1 F1800 X118.684 Y129.4 E309.07144
G1 X121.316 Y129.4 E309.15898
G1 X121.312 Y100.6 E310.11687
G1 X118.684 Y100.6 E310.20428
G1 X118.684 Y124.476 E310.9984
M204 S2000
G1 F2400 E310.1984
G0 F9000 X118.595 Y128.876
G0 X118.284 Y128.876
M204 S500
;TYPE:WALL-OUTER
G1 F2400 E310.9984
G1 F1800 X118.284 Y129.8 E311.02913
G1 X121.716 Y129.8 E311.14328
G1 X121.712 Y100.2 E312.12778
G1 X118.284 Y100.2 E312.24179
G1 X118.284 Y128.876 E313.19556
M204 S2000
G1 F2400 E312.39556
G0 F9000 X118.595 Y128.876
G0 X118.784 Y120.516
G0 X119.044 Y120.516
M204 S500
;TYPE:SKIN
G1 F2400 E313.19556
G1 F1800 X119.044 Y100.96 E313.846
G1 X120.952 Y100.96 E313.90946
G1 X120.956 Y129.04 E314.8434
G1 X119.044 Y129.04 E314.90699
G1 X119.044 Y120.516 E315.1905
M204 S2000
G1 F2400 E314.3905
G0 F9000 X118.784 Y120.516
G0 X118.784 Y128.295
G0 X119.244 Y128.295
M204 S500
G1 F2400 E315.1905
G1 F1800 X119.789 Y128.84 E315.21614
M204 S2000
G0 F9000 X120.355 Y128.84
M204 S500
G1 F1800 X119.244 Y127.729 E315.2684
M204 S2000
G0 F9000 X119.244 Y127.163
M204 S500
G1 F1800 X120.756 Y128.676 E315.33954
M204 S2000
G0 F9000 X120.756 Y128.11
M204 S500
G1 F1800 X119.244 Y126.598 E315.41066
M204 S2000
G0 F9000 X119.244 Y126.032
M204 S500
G1 F1800 X120.756 Y127.544 E315.48178
M204 S2000
G0 F9000 X120.756 Y126.979
M204 S500
G1 F1800 X119.244 Y125.466 E315.55292
M204 S2000
G0 F9000 X119.244 Y124.901
M204 S500
G1 F1800 X120.756 Y126.413 E315.62404
M204 S2000
G0 F9000 X120.756 Y125.847
M204 S500
G1 F1800 X119.244 Y124.335 E315.69516
M204 S2000
G0 F9000 X119.244 Y123.769
M204 S500
G1 F1800 X120.756 Y125.282 E315.76631
M204 S2000
G0 F9000 X120.756 Y124.716
M204 S500
G1 F1800 X119.244 Y123.203 E315.83745
M204 S2000
G0 F9000 X119.244 Y122.638
M204 S500
G1 F1800 X120.755 Y124.15 E315.90855
M204 S2000
G0 F9000 X120.755 Y123.584
M204 S500
G1 F1800 X119.244 Y122.072 E315.97964
M204 S2000
G0 F9000 X119.244 Y121.506
M204 S500
G1 F1800 X120.755 Y123.018 E316.05074
M204 S2000
G0 F9000 X120.755 Y122.453
M204 S500
G1 F1800 X119.244 Y120.941 E316.12183
M204 S2000
G0 F9000 X119.244 Y120.375
M204 S500
G1 F1800 X120.755 Y121.887 E316.19293
M204 S2000
G0 F9000 X120.755 Y121.321
M204 S500
G1 F1800 X119.244 Y119.809 E316.26403
M204 S2000
G0 F9000 X119.244 Y119.244
M204 S500
G1 F1800 X120.755 Y120.755 E316.3351
M204 S2000
G0 F9000 X120.755 Y120.19
M204 S500
G1 F1800 X119.244 Y118.678 E316.4062
M204 S2000
G0 F9000 X119.244 Y118.112
M204 S500
G1 F1800 X120.755 Y119.624 E316.47729
M204 S2000
G0 F9000 X120.755 Y119.058
M204 S500
G1 F1800 X119.244 Y117.547 E316.54837
M204 S2000
G0 F9000 X119.244 Y116.981
M204 S500
G1 F1800 X120.755 Y118.492 E316.61944
M204 S2000
G0 F9000 X120.755 Y117.926
M204 S500
G1 F1800 X119.244 Y116.415 E316.69051
M204 S2000
G0 F9000 X119.244 Y115.85
M204 S500
G1 F1800 X120.755 Y117.361 E316.76158
M204 S2000
G0 F9000 X120.755 Y116.795
M204 S500
G1 F1800 X119.244 Y115.284 E316.83266
M204 S2000
G0 F9000 X119.244 Y114.718
M204 S500
G1 F1800 X120.755 Y116.229 E316.90373
M204 S2000
G0 F9000 X120.755 Y115.664
M204 S500
G1 F1800 X119.244 Y114.152 E316.97483
M204 S2000
G0 F9000 X119.244 Y113.587
M204 S500
G1 F1800 X120.755 Y115.098 E317.0459
M204 S2000
G0 F9000 X120.754 Y114.531
M204 S500
G1 F1800 X119.244 Y113.021 E317.11692
M204 S2000
G0 F9000 X119.244 Y112.455
M204 S500
G1 F1800 X120.754 Y113.966 E317.18797
M204 S2000
G0 F9000 X120.754 Y113.4
M204 S500
G1 F1800 X119.244 Y111.89 E317.259
M204 S2000
G0 F9000 X119.244 Y111.324
M204 S500
G1 F1800 X120.754 Y112.834 E317.33003
M204 S2000
G0 F9000 X120.754 Y112.269
M204 S500
G1 F1800 X119.244 Y110.758 E317.40107
M204 S2000
G0 F9000 X119.244 Y110.193
M204 S500
G1 F1800 X120.754 Y111.703 E317.4721
M204 S2000
G0 F9000 X120.754 Y111.137
M204 S500
G1 F1800 X119.244 Y109.627 E317.54313
M204 S2000
G0 F9000 X119.244 Y109.061
M204 S500
G1 F1800 X120.754 Y110.572 E317.61418
M204 S2000
G0 F9000 X120.753 Y110.005
M204 S500
G1 F1800 X119.244 Y108.496 E317.68515
M204 S2000
G0 F9000 X119.244 Y107.93
M204 S500
G1 F1800 X120.753 Y109.44 E317.75616
M204 S2000
G0 F9000 X120.753 Y108.874
M204 S500
G1 F1800 X119.244 Y107.364 E317.82716
M204 S2000
G0 F9000 X119.244 Y106.799
M204 S500
G1 F1800 X120.753 Y108.308 E317.89814
M204 S2000
G0 F9000 X120.753 Y107.743
M204 S500
G1 F1800 X119.244 Y106.233 E317.96914
M204 S2000
G0 F9000 X119.244 Y105.667
M204 S500
G1 F1800 X120.753 Y107.177 E318.04014
M204 S2000
G0 F9000 X120.753 Y106.611
M204 S500
G1 F1800 X119.244 Y105.102 E318.11112
M204 S2000
G0 F9000 X119.244 Y104.536
M204 S500
G1 F1800 X120.753 Y106.046 E318.18212
M204 S2000
G0 F9000 X120.753 Y105.479
M204 S500
G1 F1800 X119.244 Y103.97 E318.2531
M204 S2000
G0 F9000 X119.244 Y103.404
M204 S500
G1 F1800 X120.753 Y104.913 E318.32408
M204 S2000
G0 F9000 X120.753 Y104.348
M204 S500
G1 F1800 X119.244 Y102.839 E318.39506
M204 S2000
G0 F9000 X119.244 Y102.273
M204 S500
G1 F1800 X120.753 Y103.782 E318.46604
M204 S2000
G0 F9000 X120.753 Y103.216
M204 S500
G1 F1800 X119.244 Y101.707 E318.53702
M204 S2000
G0 F9000 X119.262 Y101.16
M204 S500
G1 F1800 X120.753 Y102.651 E318.60715
M204 S2000
G0 F9000 X120.753 Y102.085
M204 S500
G1 F1800 X119.828 Y101.16 E318.65066
M204 S2000
G0 F9000 X120.393 Y101.16
M204 S500
G1 F1800 X120.753 Y101.519 E318.66757
M204 S2000
G1 F2400 E317.86757
;MESH:Weather_station_stand.STL
G0 F9000 X121.213 Y101.519
G0 X121.14 Y100.772
G0 X118.856 Y100.772
G0 X118.876 Y120.759
G0 X118.495 Y129.4
G0 X117.42 Y129.401
G0 X112.58 Y129.399
G0 X110 Y129.4
M204 S500
;TYPE:WALL-INNER
G1 F2400 E318.66757
G1 F1800 X111.316 Y129.4 E318.71134
G1 X111.312 Y100.6 E319.66923
G1 X108.684 Y100.6 E319.75664
G1 X108.684 Y129.4 E320.71453
G1 X110 Y129.4 E320.7583
M204 S2000
G0 F9000 X110 Y129.8
M204 S500
;TYPE:WALL-OUTER
G1 F1800 X111.716 Y129.8 E320.81537
G1 X111.712 Y100.2 E321.79987
G1 X108.284 Y100.2 E321.91389
G1 X108.284 Y129.8 E322.89839
G1 X110 Y129.8 E322.95546
M204 S2000
G0 F9000 X110 Y129.04
M204 S500
;TYPE:SKIN
G1 F1800 X109.044 Y129.04 E322.98726
G1 X109.044 Y100.96 E323.92121
G1 X110.952 Y100.96 E323.98467
G1 X110.956 Y129.04 E324.91861
G1 X110 Y129.04 E324.95041
M204 S2000
G0 F9000 X109.244 Y128.477
M204 S500
G1 F1800 X109.607 Y128.84 E324.96748
M204 S2000
G0 F9000 X110.172 Y128.84
M204 S500
G1 F1800 X109.244 Y127.911 E325.01116
M204 S2000
G0 F9000 X109.244 Y127.346
M204 S500
G1 F1800 X110.738 Y128.84 E325.08143
M204 S2000
G0 F9000 X110.756 Y128.293
M204 S500
G1 F1800 X109.244 Y126.78 E325.15257
M204 S2000
G0 F9000 X109.244 Y126.214
M204 S500
G1 F1800 X110.756 Y127.727 E325.22372
M204 S2000
G0 F9000 X110.756 Y127.161
M204 S500
G1 F1800 X109.244 Y125.649 E325.29483
M204 S2000
G0 F9000 X109.244 Y125.083
M204 S500
G1 F1800 X110.756 Y126.595 E325.36595
M204 S2000
G0 F9000 X110.756 Y126.03
M204 S500
G1 F1800 X109.244 Y124.517 E325.4371
M204 S2000
G0 F9000 X109.244 Y123.952
M204 S500
G1 F1800 X110.756 Y125.464 E325.50822
M204 S2000
G0 F9000 X110.756 Y124.898
M204 S500
G1 F1800 X109.244 Y123.386 E325.57934
M204 S2000
G0 F9000 X109.244 Y122.82
M204 S500
G1 F1800 X110.756 Y124.333 E325.65048
M204 S2000
G0 F9000 X110.756 Y123.766
M204 S500
G1 F1800 X109.244 Y122.255 E325.72158
M204 S2000
G0 F9000 X109.244 Y121.689
M204 S500
G1 F1800 X110.756 Y123.201 E325.7927
M204 S2000
G0 F9000 X110.756 Y122.635
M204 S500
G1 F1800 X109.244 Y121.123 E325.86382
M204 S2000
G0 F9000 X109.244 Y120.557
M204 S500
G1 F1800 X110.756 Y122.069 E325.93494
M204 S2000
G0 F9000 X110.756 Y121.504
M204 S500
G1 F1800 X109.244 Y119.992 E326.00606
M204 S2000
G0 F9000 X109.244 Y119.426
M204 S500
G1 F1800 X110.756 Y120.938 E326.07718
M204 S2000
G0 F9000 X110.756 Y120.372
M204 S500
G1 F1800 X109.244 Y118.86 E326.1483
M204 S2000
G0 F9000 X109.244 Y118.295
M204 S500
G1 F1800 X110.756 Y119.807 E326.21942
M204 S2000
G0 F9000 X110.755 Y119.24
M204 S500
G1 F1800 X109.244 Y117.729 E326.29049
M204 S2000
G0 F9000 X109.244 Y117.163
M204 S500
G1 F1800 X110.755 Y118.674 E326.36156
M204 S2000
G0 F9000 X110.755 Y118.109
M204 S500
G1 F1800 X109.244 Y116.598 E326.43263
M204 S2000
G0 F9000 X109.244 Y116.032
M204 S500
G1 F1800 X110.755 Y117.543 E326.50371
M204 S2000
G0 F9000 X110.755 Y116.977
M204 S500
G1 F1800 X109.244 Y115.466 E326.57478
M204 S2000
G0 F9000 X109.244 Y114.901
M204 S500
G1 F1800 X110.755 Y116.412 E326.64585
M204 S2000
G0 F9000 X110.755 Y115.846
M204 S500
G1 F1800 X109.244 Y114.335 E326.71693
M204 S2000
G0 F9000 X109.244 Y113.769
M204 S500
G1 F1800 X110.755 Y115.28 E326.788
M204 S2000
G0 F9000 X110.754 Y114.714
M204 S500
G1 F1800 X109.244 Y113.204 E326.85902
M204 S2000
G0 F9000 X109.244 Y112.638
M204 S500
G1 F1800 X110.754 Y114.148 E326.93005
M204 S2000
G0 F9000 X110.754 Y113.583
M204 S500
G1 F1800 X109.244 Y112.072 E327.0011
M204 S2000
G0 F9000 X109.244 Y111.506
M204 S500
G1 F1800 X110.754 Y113.017 E327.07215
M204 S2000
G0 F9000 X110.754 Y112.451
M204 S500
G1 F1800 X109.244 Y110.941 E327.14317
M204 S2000
G0 F9000 X109.244 Y110.375
M204 S500
G1 F1800 X110.754 Y111.886 E327.21422
M204 S2000
G0 F9000 X110.754 Y111.32
M204 S500
G1 F1800 X109.244 Y109.809 E327.28527
M204 S2000
G0 F9000 X109.244 Y109.244
M204 S500
G1 F1800 X110.754 Y110.754 E327.3563
M204 S2000
G0 F9000 X110.753 Y110.188
M204 S500
G1 F1800 X109.244 Y108.678 E327.4273
M204 S2000
G0 F9000 X109.244 Y108.112
M204 S500
G1 F1800 X110.753 Y109.622 E327.4983
M204 S2000
G0 F9000 X110.753 Y109.056
M204 S500
G1 F1800 X109.244 Y107.547 E327.56928
M204 S2000
G0 F9000 X109.244 Y106.981
M204 S500
G1 F1800 X110.753 Y108.491 E327.64028
M204 S2000
G0 F9000 X110.753 Y107.925
M204 S500
G1 F1800 X109.244 Y106.415 E327.71129
M204 S2000
G0 F9000 X109.244 Y105.85
M204 S500
G1 F1800 X110.753 Y107.359 E327.78227
M204 S2000
G0 F9000 X110.753 Y106.794
M204 S500
G1 F1800 X109.244 Y105.284 E327.85327
M204 S2000
G0 F9000 X109.244 Y104.718
M204 S500
G1 F1800 X110.753 Y106.228 E327.92427
M204 S2000
G0 F9000 X110.753 Y105.662
M204 S500
G1 F1800 X109.244 Y104.153 E327.99525
M204 S2000
G0 F9000 X109.244 Y103.587
M204 S500
G1 F1800 X110.753 Y105.096 E328.06623
M204 S2000
G0 F9000 X110.753 Y104.53
M204 S500
G1 F1800 X109.244 Y103.021 E328.13721
M204 S2000
G0 F9000 X109.244 Y102.456
M204 S500
G1 F1800 X110.753 Y103.964 E328.20816
M204 S2000
G0 F9000 X110.753 Y103.399
M204 S500
G1 F1800 X109.244 Y101.89 E328.27914
M204 S2000
G0 F9000 X109.244 Y101.324
M204 S500
G1 F1800 X110.753 Y102.833 E328.35012
M204 S2000
G0 F9000 X110.753 Y102.267
M204 S500
G1 F1800 X109.645 Y101.16 E328.40221
M204 S2000
G0 F9000 X110.211 Y101.16
M204 S500
G1 F1800 X110.753 Y101.702 E328.42771
M204 S2000
G1 F2400 E327.62771
;MESH:NONMESH
G0 F300 Z1.2
G0 F9000 X111.213 Y101.702
G0 X111.14 Y100.772
G0 X110 Y100.43
G0 X110 Y99.335
G0 X110 Y80.665
G0 X110 Y79.4
;TIME_ELAPSED:456.036825
;LAYER:5
M204 S500
;TYPE:WALL-INNER
;MESH:Weather_station_stand.STL(3)
G1 F2400 E328.42771
G1 F1800 X111.464 Y79.4 E328.4764
G1 X111.46 Y50.6 E329.43429
G1 X110.427 Y50.6 E329.46865
G1 X110.249 Y50.53 E329.47501
G1 X110 Y50.152 E329.49007
G1 X109.751 Y50.53 E329.50512
G1 X109.468 Y50.6 E329.51482
G1 X108.536 Y50.6 E329.54582
G1 X108.536 Y79.4 E330.50371
G1 X110 Y79.4 E330.5524
M204 S2000
G0 F9000 X110 Y79.8
M204 S500
;TYPE:WALL-OUTER
G1 F1800 X111.864 Y79.8 E330.6144
G1 X111.86 Y50.2 E331.5989
G1 X110.48 Y50.194 E331.6448
G1 F1541.8 X110.266 Y50.023 E331.65543
G1 F1353.4 X110.263 Y40.265 E332.08709
G1 F1355.9 X109.733 Y40.265 E332.11049
G1 F1353.4 X109.734 Y50.023 E332.54214
G1 F1541.8 X109.52 Y50.194 E332.55278
G1 F1800 X108.136 Y50.2 E332.59881
G1 X108.136 Y79.8 E333.58331
G1 X110 Y79.8 E333.64531
M204 S2000
G0 F9000 X110.156 Y79.32
M204 S500
;TYPE:FILL
G1 F3600 X110.502 Y78.03 E333.68973
M204 S2000
G0 F9000 X110.281 Y78.03
G0 X110.281 Y76.273
G0 X110.502 Y76.273
M204 S500
G1 F3600 X109.498 Y75.27 E333.73693
M204 S2000
G0 F9000 X109.719 Y75.27
G0 X109.719 Y73.435
G0 X109.499 Y73.435
M204 S500
G1 F3600 X110.501 Y73.166 E333.77144
M204 S2000
G0 F9000 X110.281 Y73.166
G0 X110.281 Y67.788
G0 X110.502 Y67.788
M204 S500
G1 F3600 X109.498 Y66.785 E333.81864
M204 S2000
G0 F9000 X109.499 Y67.223
M204 S500
G1 F3600 X110.5 Y66.955 E333.85311
M204 S2000
G0 F9000 X110.281 Y66.955
G0 X109.719 Y61.012
G0 X109.498 Y61.012
M204 S500
G1 F3600 X110.501 Y60.743 E333.88765
M204 S2000
G0 F9000 X110.281 Y60.743
G0 X110.281 Y59.303
G0 X110.502 Y59.303
M204 S500
G1 F3600 X109.498 Y58.299 E333.93487
M204 S2000
G0 F9000 X109.498 Y58.594
M204 S500
G1 F3600 X110.501 Y54.851 E334.06376
M204 S2000
G0 F9000 X110.5 Y54.532
M204 S500
G1 F3600 X109.498 Y54.8 E334.09825
M204 S2000
G0 F9000 X109.719 Y54.8
G0 X110.281 Y50.818
G0 X110.502 Y50.818
M204 S500
G1 F3600 X110.331 Y50.647 E334.1063
M204 S2000
G0 F9000 X110.121 Y50.437
M204 S500
G1 F3600 X109.974 Y50.29 E334.11321
M204 S2000
G0 F9000 X109.974 Y50.91
G0 X109.719 Y79
G0 X109.416 Y79
M204 S500
;TYPE:SKIN
G1 F1500 X108.936 Y79 E334.13237
G1 X108.936 Y51 E335.24991
G1 X109.416 Y51 E335.26907
G1 X109.416 Y79 E336.38661
M204 S2000
G0 F9000 X109.719 Y79
G0 X110.281 Y78.999
G0 X110.581 Y78.999
M204 S500
G1 F1493.8 X110.58 Y51 E337.50877
G1 F1496.9 X111.06 Y51 E337.52796
G1 F1493.8 X111.063 Y78.999 E338.65012
G1 X110.581 Y78.999 E338.66944
M204 S2000
G0 F9000 X109.981 Y78.79
G1 F2400 E337.86944
;MESH:Weather_station_stand.STL(2)
G0 F9000 X110.354 Y79.228
G0 X111.653 Y79.4
G0 X112.728 Y79.399
G0 X117.272 Y79.401
G0 X118.788 Y79.4
M204 S500
;TYPE:WALL-INNER
G1 F2400 E338.66944
G1 F1800 X121.464 Y79.4 E338.75844
G1 X121.46 Y50.6 E339.71633
G1 X120.427 Y50.6 E339.75069
G1 X120.249 Y50.53 E339.75705
G1 X120 Y50.152 E339.77211
G1 X119.751 Y50.53 E339.78716
G1 X119.468 Y50.6 E339.79686
G1 X118.536 Y50.6 E339.82786
G1 X118.536 Y79.4 E340.78575
G1 X118.788 Y79.4 E340.79413
M204 S2000
G0 F9000 X118.762 Y79.8
M204 S500
;TYPE:WALL-OUTER
G1 F1800 X121.864 Y79.8 E340.8973
G1 X121.86 Y50.2 E341.8818
G1 X120.48 Y50.194 E341.9277
G1 F1541.8 X120.266 Y50.023 E341.93834
G1 F1353.4 X120.263 Y40.265 E342.37
G1 F1355.9 X119.733 Y40.265 E342.3934
G1 F1353.4 X119.734 Y50.023 E342.82505
G1 F1541.8 X119.52 Y50.194 E342.83569
G1 F1800 X118.136 Y50.2 E342.88172
G1 X118.136 Y79.8 E343.86622
G1 X118.762 Y79.8 E343.88704
M204 S2000
G0 F9000 X118.762 Y79.49
G0 X120.157 Y79.09
G0 X120.157 Y79.321
M204 S500
;TYPE:FILL
G1 F3600 X120.502 Y78.03 E343.93149
M204 S2000
G0 F9000 X120.281 Y78.03
G0 X120.281 Y76.273
G0 X120.502 Y76.273
M204 S500
G1 F3600 X119.498 Y75.27 E343.97869
M204 S2000
G0 F9000 X119.719 Y75.27
G0 X119.719 Y73.434
G0 X119.5 Y73.434
M204 S500
G1 F3600 X120.501 Y73.166 E344.01316
M204 S2000
G0 F9000 X120.281 Y73.166
G0 X120.281 Y67.788
G0 X120.502 Y67.788
M204 S500
G1 F3600 X119.498 Y66.785 E344.06036
M204 S2000
G0 F9000 X119.499 Y67.223
M204 S500
G1 F3600 X120.501 Y66.954 E344.09486
M204 S2000
G0 F9000 X120.281 Y66.954
G0 X119.719 Y61.011
G0 X119.499 Y61.011
M204 S500
G1 F3600 X120.501 Y60.743 E344.12936
M204 S2000
G0 F9000 X120.281 Y60.743
G0 X120.281 Y59.303
G0 X120.502 Y59.303
M204 S500
G1 F3600 X119.498 Y58.299 E344.17659
M204 S2000
G0 F9000 X119.499 Y58.594
M204 S500
G1 F3600 X120.501 Y54.851 E344.30546
M204 S2000
G0 F9000 X120.501 Y54.531
M204 S500
G1 F3600 X119.499 Y54.8 E344.33997
M204 S2000
G0 F9000 X119.719 Y54.8
G0 X120.281 Y50.818
G0 X120.502 Y50.818
M204 S500
G1 F3600 X120.33 Y50.647 E344.34804
M204 S2000
G0 F9000 X120.12 Y50.437
M204 S500
G1 F3600 X119.974 Y50.29 E344.35493
M204 S2000
G0 F9000 X119.974 Y50.91
G0 X119.719 Y77.024
G0 X118.936 Y77.024
M204 S500
;TYPE:SKIN
G1 F1500 X118.936 Y51 E345.3936
G1 X119.416 Y51 E345.41276
G1 X119.416 Y79 E346.5303
G1 X118.936 Y79 E346.54946
G1 X118.936 Y77.024 E346.62832
M204 S2000
G0 F9000 X119.719 Y77.024
G0 X120.281 Y78.999
G0 X120.581 Y78.999
M204 S500
G1 F1493.8 X120.58 Y51 E347.75048
G1 F1496.9 X121.06 Y51 E347.76968
G1 F1493.8 X121.063 Y78.999 E348.89184
G1 X120.581 Y78.999 E348.91115
M204 S2000
G0 F9000 X119.981 Y78.79
G1 F2400 E348.11115
;MESH:Weather_station_stand.STL(1)
G0 F9000 X119.68 Y79.184
G0 X118.536 Y79.57
G0 X118.536 Y80.665
G0 X118.536 Y99.335
G0 X118.536 Y126.104
M204 S500
;TYPE:WALL-INNER
G1 F2400 E348.91115
G1 F1800 X118.536 Y129.4 E349.02078
G1 X121.464 Y129.4 E349.11816
G1 X121.46 Y100.6 E350.07606
G1 X120.427 Y100.6 E350.11041
G1 X120.249 Y100.53 E350.11678
G1 X120 Y100.152 E350.13183
G1 X119.751 Y100.53 E350.14689
G1 X119.468 Y100.6 E350.15658
G1 X118.536 Y100.6 E350.18758
G1 X118.536 Y126.104 E351.03585
M204 S2000
G1 F2400 E350.23585
G0 F9000 X118.417 Y129.52
G0 X118.2 Y129.8
M204 S500
;TYPE:WALL-OUTER
G1 F2400 E351.03585
G1 F1800 X121.864 Y129.8 E351.15771
G1 X121.86 Y100.2 E352.14221
G1 X120.48 Y100.194 E352.18811
G1 F1541.8 X120.266 Y100.023 E352.19875
G1 F1353.4 X120.263 Y90.265 E352.6304
G1 F1355.9 X119.733 Y90.265 E352.6538
G1 F1353.4 X119.734 Y100.023 E353.08546
G1 F1541.8 X119.52 Y100.194 E353.0961
G1 F1800 X118.136 Y100.2 E353.14213
G1 X118.136 Y129.8 E354.12663
G1 X118.2 Y129.8 E354.12876
M204 S2000
G1 F2400 E353.32876
G0 F9000 X118.417 Y129.52
G0 X120.157 Y129.09
G0 X120.157 Y129.32
M204 S500
;TYPE:FILL
G1 F2400 E354.12876
G1 F3600 X120.501 Y128.034 E354.17303
M204 S2000
G0 F9000 X120.281 Y128.034
G0 X120.281 Y126.274
G0 X120.502 Y126.274
M204 S500
G1 F3600 X119.499 Y125.27 E354.22024
M204 S2000
G0 F9000 X119.719 Y125.27
G0 X119.719 Y123.435
G0 X119.499 Y123.435
M204 S500
G1 F3600 X120.502 Y123.167 E354.25477
M204 S2000
G0 F9000 X120.281 Y123.167
G0 X120.281 Y117.788
G0 X120.502 Y117.788
M204 S500
G1 F3600 X119.499 Y116.785 E354.30194
M204 S2000
G0 F9000 X119.5 Y117.224
M204 S500
G1 F3600 X120.501 Y116.955 E354.33642
M204 S2000
G0 F9000 X120.281 Y116.955
G0 X119.719 Y111.012
G0 X119.499 Y111.012
M204 S500
G1 F3600 X120.501 Y110.743 E354.37092
M204 S2000
G0 F9000 X120.281 Y110.743
G0 X120.281 Y109.302
G0 X120.502 Y109.302
M204 S500
G1 F3600 X119.498 Y108.299 E354.41813
M204 S2000
G0 F9000 X119.499 Y108.594
M204 S500
G1 F3600 X120.501 Y104.855 E354.54687
M204 S2000
G0 F9000 X120.501 Y104.532
M204 S500
G1 F3600 X119.499 Y104.8 E354.58137
M204 S2000
G0 F9000 X119.719 Y104.8
G0 X120.281 Y100.817
G0 X120.502 Y100.817
M204 S500
G1 F3600 X120.331 Y100.647 E354.58939
M204 S2000
G0 F9000 X120.121 Y100.437
M204 S500
G1 F3600 X119.975 Y100.29 E354.59628
M204 S2000
G0 F9000 X119.975 Y100.91
G0 X119.719 Y121.704
G0 X118.936 Y121.704
M204 S500
;TYPE:SKIN
G1 F1500 X118.936 Y101 E355.42262
G1 X119.416 Y101 E355.44178
G1 X119.416 Y129 E356.55932
G1 X118.936 Y129 E356.57848
G1 X118.936 Y121.704 E356.86968
M204 S2000
G0 F9000 X119.719 Y121.704
G0 X120.281 Y128.999
G0 X120.581 Y128.999
M204 S500
G1 F1493.8 X120.58 Y101 E357.99184
G1 F1496.9 X121.06 Y101 E358.01103
G1 F1493.8 X121.063 Y128.999 E359.13319
G1 X120.581 Y128.999 E359.15251
M204 S2000
G0 F9000 X119.981 Y128.79
G1 F2400 E358.35251
;MESH:Weather_station_stand.STL
G0 F9000 X119.647 Y129.228
G0 X118.708 Y129.228
G0 X118.347 Y129.09
G0 X117.272 Y129.091
G0 X112.728 Y129.089
G0 X111.653 Y129.09
G0 X111.292 Y129.228
G0 X110.448 Y129.228
G0 X110 Y129.09
G0 X110 Y129.4
M204 S500
;TYPE:WALL-INNER
G1 F2400 E359.15251
G1 F1800 X111.464 Y129.4 E359.2012
G1 X111.46 Y100.6 E360.15909
G1 X110.427 Y100.6 E360.19345
G1 X110.249 Y100.53 E360.19981
G1 X110 Y100.152 E360.21487
G1 X109.751 Y100.53 E360.22992
G1 X109.468 Y100.6 E360.23962
G1 X108.536 Y100.6 E360.27062
G1 X108.536 Y129.4 E361.22851
G1 X110 Y129.4 E361.2772
M204 S2000
G0 F9000 X110 Y129.8
M204 S500
;TYPE:WALL-OUTER
G1 F1800 X111.864 Y129.8 E361.3392
G1 X111.86 Y100.2 E362.3237
G1 X110.48 Y100.194 E362.3696
G1 F1541.8 X110.266 Y100.023 E362.38024
G1 F1353.4 X110.263 Y90.265 E362.81189
G1 F1355.9 X109.733 Y90.265 E362.83529
G1 F1353.4 X109.734 Y100.023 E363.26695
G1 F1541.8 X109.52 Y100.194 E363.27758
G1 F1800 X108.136 Y100.2 E363.32362
G1 X108.136 Y129.8 E364.30812
G1 X110 Y129.8 E364.37011
M204 S2000
G0 F9000 X110.156 Y129.321
M204 S500
;TYPE:FILL
G1 F3600 X110.502 Y128.03 E364.41457
M204 S2000
G0 F9000 X110.281 Y128.03
G0 X110.281 Y126.274
G0 X110.502 Y126.274
M204 S500
G1 F3600 X109.498 Y125.27 E364.46179
M204 S2000
G0 F9000 X109.719 Y125.27
G0 X109.719 Y123.434
G0 X109.499 Y123.434
M204 S500
G1 F3600 X110.501 Y123.166 E364.49629
M204 S2000
G0 F9000 X110.281 Y123.166
G0 X110.281 Y117.788
G0 X110.502 Y117.788
M204 S500
G1 F3600 X109.498 Y116.784 E364.54352
M204 S2000
G0 F9000 X109.499 Y117.223
M204 S500
G1 F3600 X110.501 Y116.954 E364.57802
M204 S2000
G0 F9000 X110.281 Y116.954
G0 X109.719 Y111.011
G0 X109.499 Y111.011
M204 S500
G1 F3600 X110.501 Y110.743 E364.61252
M204 S2000
G0 F9000 X110.281 Y110.743
G0 X110.281 Y109.302
G0 X110.502 Y109.302
M204 S500
G1 F3600 X109.498 Y108.299 E364.65972
M204 S2000
G0 F9000 X109.498 Y108.593
M204 S500
G1 F3600 X110.501 Y104.851 E364.78857
M204 S2000
G0 F9000 X110.5 Y104.531
M204 S500
G1 F3600 X109.499 Y104.799 E364.82304
M204 S2000
G0 F9000 X109.719 Y104.799
G0 X110.281 Y100.817
G0 X110.502 Y100.817
M204 S500
G1 F3600 X110.331 Y100.647 E364.83106
M204 S2000
G0 F9000 X110.121 Y100.437
M204 S500
G1 F3600 X109.975 Y100.29 E364.83795
M204 S2000
G0 F9000 X109.975 Y100.91
G0 X109.719 Y129
G0 X109.416 Y129
M204 S500
;TYPE:SKIN
G1 F1500 X108.936 Y129 E364.85711
G1 X108.936 Y101 E365.97465
G1 X109.416 Y101 E365.99381
G1 X109.416 Y129 E367.11135
M204 S2000
G0 F9000 X109.719 Y129
G0 X110.281 Y128.999
G0 X110.581 Y128.999
M204 S500
G1 F1493.8 X110.58 Y101 E368.2335
G1 F1496.9 X111.06 Y101 E368.2527
G1 F1493.8 X111.063 Y128.999 E369.37486
G1 X110.581 Y128.999 E369.39418
M204 S2000
G0 F9000 X109.981 Y128.79
G1 F2400 E368.59418
;MESH:NONMESH
G0 F300 Z1.4
G0 F9000 X110 Y90.43
G0 X110 Y89.335
G0 X110 Y80.665
G0 X110 Y79.57
G0 X110 Y79.09
G0 X110 Y79.4
;TIME_ELAPSED:512.132716
;LAYER:6
M204 S500
;TYPE:WALL-INNER
;MESH:Weather_station_stand.STL(3)
G1 F2400 E369.39418
G1 F1800 X111.584 Y79.4 E369.44686
G1 X111.584 Y50.6 E370.40475
G1 X110.892 Y50.6 E370.42777
G1 X110.646 Y50.548 E370.43613
G1 X110.491 Y50.447 E370.44229
G1 F1607.1 X110.246 Y50.057 E370.45944
G1 F1451.6 X110.245 Y40.647 E370.84753
G1 F1457.5 X109.751 Y40.647 E370.86783
G1 F1451.6 X109.75 Y50.057 E371.25592
G1 F1607.1 X109.505 Y50.447 E371.27308
G1 F1800 X109.35 Y50.548 E371.27923
G1 X109.104 Y50.6 E371.28759
G1 X108.412 Y50.6 E371.31061
G1 X108.412 Y79.4 E372.2685
G1 X110 Y79.4 E372.32132
M204 S2000
G0 F9000 X110 Y79.8
M204 S500
;TYPE:WALL-OUTER
G1 F1800 X111.984 Y79.8 E372.3873
G1 X111.984 Y50.2 E373.3718
G1 X110.892 Y50.2 E373.40812
G1 X110.758 Y50.149 E373.41289
G1 X110.692 Y50.018 E373.41777
G1 X110.692 Y40.2 E373.74432
G1 X109.304 Y40.2 E373.79049
G1 X109.304 Y50.018 E374.11703
G1 X109.238 Y50.149 E374.12191
G1 X109.104 Y50.2 E374.12668
G1 X108.012 Y50.2 E374.163
G1 X108.012 Y79.8 E375.1475
G1 X110 Y79.8 E375.21362
M204 S2000
G0 F9000 X110.01 Y79.32
M204 S500
;TYPE:FILL
G1 F3600 X111.504 Y73.745 E375.40559
M204 S2000
G0 F9000 X111.503 Y73.044
M204 S500
G1 F3600 X108.493 Y73.85 E375.50923
M204 S2000
G0 F9000 X108.492 Y74.064
M204 S500
G1 F3600 X111.504 Y77.077 E375.65093
M204 S2000
G0 F9000 X111.275 Y77.077
G0 X111.306 Y79.12
G0 X111.503 Y79.255
M204 S500
G1 F3600 X111.261 Y79.32 E375.65926
M204 S2000
G0 F9000 X111.261 Y79.09
G0 X111.275 Y68.591
G0 X111.504 Y68.591
M204 S500
G1 F3600 X108.492 Y65.579 E375.80094
M204 S2000
G0 F9000 X108.725 Y65.579
G0 X108.725 Y67.639
G0 X108.493 Y67.639
M204 S500
G1 F3600 X111.504 Y66.832 E375.90462
M204 S2000
G0 F9000 X111.275 Y66.832
G0 X108.725 Y61.802
G0 X108.492 Y61.802
M204 S500
G1 F3600 X111.472 Y50.68 E376.28759
M204 S2000
G0 F9000 X111.504 Y51.621
M204 S500
G1 F3600 X109.896 Y50.013 E376.36322
M204 S2000
G0 F9000 X110.016 Y50.013
G0 X110.052 Y50.755
G0 X111.275 Y54.409
G0 X111.503 Y54.409
M204 S500
G1 F3600 X108.493 Y55.215 E376.46686
M204 S2000
G0 F9000 X108.725 Y55.215
G0 X108.725 Y57.094
G0 X108.492 Y57.094
M204 S500
G1 F3600 X111.504 Y60.106 E376.60854
M204 S2000
G0 F9000 X111.504 Y60.62
M204 S500
G1 F3600 X108.492 Y61.427 E376.71225
M204 S2000
G0 F9000 X109.025 Y61.427
G1 F2400 E375.91225
;MESH:Weather_station_stand.STL(2)
G0 F9000 X111.775 Y79.09
G0 X112.85 Y79.089
G0 X117.15 Y79.091
G0 X118.225 Y79.09
G0 X118.788 Y79.09
G0 X118.788 Y79.4
M204 S500
;TYPE:WALL-INNER
G1 F2400 E376.71225
G1 F1800 X121.584 Y79.4 E376.80525
G1 X121.584 Y50.6 E377.76314
G1 X120.892 Y50.6 E377.78615
G1 X120.646 Y50.548 E377.79452
G1 X120.491 Y50.447 E377.80067
G1 F1607.1 X120.246 Y50.057 E377.81783
G1 F1451.6 X120.245 Y40.647 E378.20592
G1 F1457.5 X119.751 Y40.647 E378.22621
G1 F1451.6 X119.75 Y50.057 E378.6143
G1 F1607.1 X119.505 Y50.447 E378.63146
G1 F1800 X119.35 Y50.548 E378.63761
G1 X119.104 Y50.6 E378.64598
G1 X118.412 Y50.6 E378.66899
G1 X118.412 Y79.4 E379.62688
G1 X118.788 Y79.4 E379.63939
M204 S2000
G0 F9000 X118.762 Y79.8
M204 S500
;TYPE:WALL-OUTER
G1 F1800 X121.984 Y79.8 E379.74655
G1 X121.984 Y50.2 E380.73105
G1 X120.892 Y50.2 E380.76737
G1 X120.758 Y50.149 E380.77214
G1 X120.692 Y50.018 E380.77702
G1 X120.692 Y40.2 E381.10357
G1 X119.304 Y40.2 E381.14973
G1 X119.304 Y50.018 E381.47628
G1 X119.238 Y50.149 E381.48116
G1 X119.104 Y50.2 E381.48593
G1 X118.012 Y50.2 E381.52225
G1 X118.012 Y79.8 E382.50675
G1 X118.762 Y79.8 E382.5317
M204 S2000
G0 F9000 X118.762 Y79.09
G0 X120.011 Y79.09
G0 X120.011 Y79.321
M204 S500
;TYPE:FILL
G1 F3600 X121.504 Y73.748 E382.72359
M204 S2000
G0 F9000 X121.503 Y73.044
M204 S500
G1 F3600 X118.492 Y73.85 E382.82726
M204 S2000
G0 F9000 X118.492 Y74.064
M204 S500
G1 F3600 X121.504 Y77.077 E382.96896
M204 S2000
G0 F9000 X121.275 Y77.077
G0 X121.306 Y79.12
G0 X121.503 Y79.255
M204 S500
G1 F3600 X121.26 Y79.32 E382.97733
M204 S2000
G0 F9000 X121.26 Y79.09
G0 X121.275 Y68.591
G0 X121.504 Y68.591
M204 S500
G1 F3600 X118.492 Y65.579 E383.119
M204 S2000
G0 F9000 X118.725 Y65.579
G0 X118.725 Y67.639
G0 X118.493 Y67.639
M204 S500
G1 F3600 X121.503 Y66.832 E383.22265
M204 S2000
G0 F9000 X121.275 Y66.832
G0 X118.725 Y61.806
G0 X118.492 Y61.806
M204 S500
G1 F3600 X121.473 Y50.68 E383.60576
M204 S2000
G0 F9000 X121.504 Y51.621
M204 S500
G1 F3600 X119.896 Y50.013 E383.68139
M204 S2000
G0 F9000 X120.016 Y50.013
G0 X120.052 Y50.755
G0 X121.275 Y54.408
G0 X121.504 Y54.408
M204 S500
G1 F3600 X118.493 Y55.215 E383.78507
M204 S2000
G0 F9000 X118.725 Y55.215
G0 X118.725 Y57.094
G0 X118.492 Y57.094
M204 S500
G1 F3600 X121.504 Y60.106 E383.92675
M204 S2000
G0 F9000 X121.504 Y60.62
M204 S500
G1 F3600 X118.493 Y61.427 E384.03043
M204 S2000
G0 F9000 X119.025 Y61.427
G1 F2400 E383.23043
;MESH:Weather_station_stand.STL(1)
G0 F9000 X118.725 Y79.57
G0 X118.725 Y80.665
G0 X118.48 Y88.479
G0 X118.453 Y99.347
G0 X118.725 Y100.43
G0 X118.725 Y127.468
G0 X118.412 Y127.468
M204 S500
;TYPE:WALL-INNER
G1 F2400 E384.03043
G1 F1800 X118.412 Y129.4 E384.09469
G1 X121.584 Y129.4 E384.20019
G1 X121.584 Y100.6 E385.15808
G1 X120.892 Y100.6 E385.1811
G1 X120.646 Y100.548 E385.18946
G1 X120.491 Y100.447 E385.19561
G1 F1607.1 X120.246 Y100.057 E385.21277
G1 F1451.6 X120.245 Y90.647 E385.60086
G1 F1457.5 X119.751 Y90.647 E385.62115
G1 F1451.6 X119.75 Y100.057 E386.00925
G1 F1607.1 X119.505 Y100.447 E386.0264
G1 F1800 X119.35 Y100.548 E386.03256
G1 X119.104 Y100.6 E386.04092
G1 X118.412 Y100.6 E386.06393
G1 X118.412 Y127.468 E386.95757
M204 S2000
G1 F2400 E386.15757
G0 F9000 X118.725 Y127.468
G0 X118.695 Y129.12
G0 X118.2 Y129.8
M204 S500
;TYPE:WALL-OUTER
G1 F2400 E386.95757
G1 F1800 X121.984 Y129.8 E387.08342
G1 X121.984 Y100.2 E388.06792
G1 X120.892 Y100.2 E388.10424
G1 X120.758 Y100.149 E388.10901
G1 X120.692 Y100.018 E388.11389
G1 X120.692 Y90.2 E388.44044
G1 X119.304 Y90.2 E388.48661
G1 X119.304 Y100.018 E388.81315
G1 X119.238 Y100.149 E388.81803
G1 X119.104 Y100.2 E388.8228
G1 X118.012 Y100.2 E388.85912
G1 X118.012 Y129.8 E389.84362
G1 X118.2 Y129.8 E389.84987
M204 S2000
G0 F9000 X118.695 Y129.12
G0 X120.011 Y129.09
G0 X120.011 Y129.321
M204 S500
;TYPE:FILL
G1 F3600 X121.504 Y123.748 E390.04177
M204 S2000
G0 F9000 X121.503 Y123.044
M204 S500
G1 F3600 X118.493 Y123.851 E390.14542
M204 S2000
G0 F9000 X118.492 Y124.064
M204 S500
G1 F3600 X121.504 Y127.076 E390.28709
M204 S2000
G0 F9000 X121.275 Y127.076
G0 X121.306 Y129.12
G0 X121.503 Y129.256
M204 S500
G1 F3600 X121.263 Y129.32 E390.29535
M204 S2000
G0 F9000 X121.263 Y129.09
G0 X121.275 Y118.591
G0 X121.504 Y118.591
M204 S500
G1 F3600 X118.492 Y115.579 E390.43703
M204 S2000
G0 F9000 X118.725 Y115.579
G0 X118.725 Y117.639
G0 X118.493 Y117.639
M204 S500
G1 F3600 X121.504 Y116.833 E390.5407
M204 S2000
G0 F9000 X121.275 Y116.833
G0 X118.725 Y111.807
G0 X118.492 Y111.807
M204 S500
G1 F3600 X121.473 Y100.68 E390.92384
M204 S2000
G0 F9000 X121.504 Y101.62
M204 S500
G1 F3600 X119.896 Y100.012 E390.99947
M204 S2000
G0 F9000 X120.016 Y100.012
G0 X120.052 Y100.755
G0 X121.275 Y104.409
G0 X121.503 Y104.409
M204 S500
G1 F3600 X118.492 Y105.216 E391.10315
M204 S2000
G0 F9000 X118.725 Y105.216
G0 X118.725 Y107.093
G0 X118.492 Y107.093
M204 S500
G1 F3600 X121.504 Y110.106 E391.24485
M204 S2000
G0 F9000 X121.503 Y110.621
M204 S500
G1 F3600 X118.493 Y111.428 E391.3485
M204 S2000
G0 F9000 X119.025 Y111.428
G1 F2400 E390.5485
;MESH:Weather_station_stand.STL
G0 F9000 X118.225 Y129.09
G0 X117.15 Y129.091
G0 X112.85 Y129.089
G0 X111.775 Y129.09
G0 X110 Y129.09
G0 X110 Y129.4
M204 S500
;TYPE:WALL-INNER
G1 F2400 E391.3485
G1 F1800 X111.584 Y129.4 E391.40119
G1 X111.584 Y100.6 E392.35908
G1 X110.892 Y100.6 E392.38209
G1 X110.646 Y100.548 E392.39046
G1 X110.491 Y100.447 E392.39661
G1 F1607.1 X110.246 Y100.057 E392.41377
G1 F1451.6 X110.245 Y90.647 E392.80186
G1 F1457.5 X109.751 Y90.647 E392.82215
G1 F1451.6 X109.75 Y100.057 E393.21024
G1 F1607.1 X109.505 Y100.447 E393.2274
G1 F1800 X109.35 Y100.548 E393.23355
G1 X109.104 Y100.6 E393.24192
G1 X108.412 Y100.6 E393.26493
G1 X108.412 Y129.4 E394.22282
G1 X110 Y129.4 E394.27564
M204 S2000
G0 F9000 X110 Y129.8
M204 S500
;TYPE:WALL-OUTER
G1 F1800 X111.984 Y129.8 E394.34163
G1 X111.984 Y100.2 E395.32613
G1 X110.892 Y100.2 E395.36245
G1 X110.758 Y100.149 E395.36722
G1 X110.692 Y100.018 E395.3721
G1 X110.692 Y90.2 E395.69864
G1 X109.304 Y90.2 E395.74481
G1 X109.304 Y100.018 E396.07136
G1 X109.238 Y100.149 E396.07624
G1 X109.104 Y100.2 E396.08101
G1 X108.012 Y100.2 E396.11733
G1 X108.012 Y129.8 E397.10183
G1 X110 Y129.8 E397.16795
M204 S2000
G0 F9000 X110.01 Y129.32
M204 S500
;TYPE:FILL
G1 F3600 X111.504 Y123.745 E397.35991
M204 S2000
G0 F9000 X111.503 Y123.043
M204 S500
G1 F3600 X108.493 Y123.85 E397.46356
M204 S2000
G0 F9000 X108.491 Y124.063
M204 S500
G1 F3600 X111.504 Y127.076 E397.60529
M204 S2000
G0 F9000 X111.275 Y127.076
G0 X111.306 Y129.12
G0 X111.503 Y129.255
M204 S500
G1 F3600 X111.261 Y129.32 E397.61362
M204 S2000
G0 F9000 X111.261 Y129.09
G0 X111.275 Y118.591
G0 X111.504 Y118.591
M204 S500
G1 F3600 X108.491 Y115.578 E397.75534
M204 S2000
G0 F9000 X108.725 Y115.578
G0 X108.725 Y117.638
G0 X108.493 Y117.638
M204 S500
G1 F3600 X111.504 Y116.832 E397.85901
M204 S2000
G0 F9000 X111.275 Y116.832
G0 X108.725 Y111.802
G0 X108.492 Y111.802
M204 S500
G1 F3600 X111.472 Y100.68 E398.24198
M204 S2000
G0 F9000 X111.504 Y101.62
M204 S500
G1 F3600 X109.896 Y100.012 E398.31762
M204 S2000
G0 F9000 X110.016 Y100.012
G0 X110.052 Y100.755
G0 X111.275 Y104.408
G0 X111.504 Y104.408
M204 S500
G1 F3600 X108.492 Y105.215 E398.42133
M204 S2000
G0 F9000 X108.725 Y105.215
G0 X108.725 Y107.093
G0 X108.491 Y107.093
M204 S500
G1 F3600 X111.504 Y110.106 E398.56305
M204 S2000
G0 F9000 X111.504 Y110.62
M204 S500
G1 F3600 X108.492 Y111.427 E398.66677
M204 S2000
G0 F9000 X109.025 Y111.427
G1 F2400 E397.86677
;MESH:NONMESH
G0 F300 Z1.6
G0 F9000 X110 Y90.43
G0 X110 Y89.335
G0 X110 Y80.665
G0 X110 Y79.57
G0 X110 Y79.09
G0 X110 Y79.4
;TIME_ELAPSED:553.543464
;LAYER:7
M204 S500
;TYPE:WALL-INNER
;MESH:Weather_station_stand.STL(3)
G1 F2400 E398.66677
G1 F1800 X111.684 Y79.4 E398.72278
G1 X111.684 Y50.6 E399.68067
G1 X111.116 Y50.6 E399.69956
G1 X110.822 Y50.524 E399.70966
G1 X110.668 Y50.4 E399.71624
G1 X110.518 Y50.052 E399.72884
G1 X110.516 Y40.6 E400.04321
G1 X109.48 Y40.6 E400.07767
G1 X109.478 Y50.052 E400.39205
G1 X109.328 Y50.4 E400.40465
G1 X109.174 Y50.524 E400.41123
G1 X108.88 Y50.6 E400.42133
G1 X108.312 Y50.6 E400.44022
G1 X108.312 Y79.4 E401.39811
G1 X110 Y79.4 E401.45425
M204 S2000
G0 F9000 X110 Y79.8
M204 S500
;TYPE:WALL-OUTER
G1 F1800 X112.084 Y79.8 E401.52357
G1 X112.084 Y50.2 E402.50807
G1 X111.116 Y50.2 E402.54026
G1 X110.966 Y50.134 E402.54571
G1 X110.916 Y50.018 E402.54991
G1 X110.916 Y40.2 E402.87646
G1 X109.08 Y40.2 E402.93753
G1 X109.08 Y50.018 E403.26408
G1 X109.03 Y50.134 E403.26828
G1 X108.88 Y50.2 E403.27373
G1 X107.912 Y50.2 E403.30592
G1 X107.912 Y79.8 E404.29042
G1 X110 Y79.8 E404.35987
M204 S2000
G0 F9000 X109.863 Y79.32
M204 S500
;TYPE:FILL
G1 F3600 X111.604 Y72.823 E404.58359
M204 S2000
G0 F9000 X111.604 Y73.164
M204 S500
G1 F3600 X108.392 Y74.024 E404.69418
M204 S2000
G0 F9000 X108.392 Y73.763
M204 S500
G1 F3600 X111.604 Y76.976 E404.84529
M204 S2000
G0 F9000 X111.375 Y76.976
G0 X111.375 Y68.49
G0 X111.604 Y68.49
M204 S500
G1 F3600 X108.392 Y65.278 E404.99637
M204 S2000
G0 F9000 X108.625 Y65.278
G0 X108.625 Y67.813
G0 X108.393 Y67.813
M204 S500
G1 F3600 X111.603 Y66.952 E405.10691
M204 S2000
G0 F9000 X111.375 Y66.952
G0 X111.375 Y60.741
G0 X111.604 Y60.741
M204 S500
G1 F3600 X108.393 Y61.601 E405.21747
G1 X108.392 Y61.626
G1 X111.325 Y50.68 E405.59438
M204 S2000
G0 F9000 X110.764 Y50.68
M204 S500
G1 F3600 X111.604 Y51.52 E405.63389
M204 S2000
G0 F9000 X111.375 Y51.52
G0 X111.375 Y54.529
G0 X111.603 Y54.529
M204 S500
G1 F3600 X108.393 Y55.389 E405.74442
M204 S2000
G0 F9000 X108.625 Y55.389
G0 X108.625 Y56.793
G0 X108.392 Y56.793
M204 S500
G1 F3600 X111.604 Y60.005 E405.8955
M204 S2000
G0 F9000 X111.375 Y60.005
G0 X110 Y50.9
G0 X110 Y50.611
M204 S500
;TYPE:SKIN
G1 F1572.1 X109.645 Y50.611 E405.90902
G1 F1629 X109.816 Y50.226 E405.92451
G1 F1726.6 X109.817 Y47.904 E406.00502
G1 F1800 X109.818 Y45.582 E406.08225
G1 F1879.9 X109.818 Y43.26 E406.1562
G1 F1967.2 X109.819 Y40.938 E406.22686
G1 F2011.2 X110.177 Y40.939 E406.23752
G1 F1967.2 X110.177 Y43.26 E406.30815
G1 F1879.9 X110.176 Y45.581 E406.38207
G1 F1800 X110.176 Y47.902 E406.45927
G1 F1726.6 X110.176 Y50.223 E406.53974
G1 F1629 X110.351 Y50.611 E406.55539
G1 F1572.1 X110 Y50.611 E406.56875
M204 S2000
G0 F9000 X110 Y51.2
G1 F2400 E405.76875
;MESH:Weather_station_stand.STL(2)
G0 F9000 X111.875 Y79.09
G0 X112.95 Y79.089
G0 X117.05 Y79.091
G0 X118.125 Y79.09
G0 X118.788 Y79.09
G0 X118.788 Y79.4
M204 S500
;TYPE:WALL-INNER
G1 F2400 E406.56875
G1 F1800 X121.684 Y79.4 E406.66508
G1 X121.684 Y50.6 E407.62297
G1 X121.116 Y50.6 E407.64186
G1 X120.822 Y50.524 E407.65196
G1 X120.668 Y50.4 E407.65853
G1 X120.518 Y50.052 E407.67114
G1 X120.516 Y40.6 E407.98551
G1 X119.48 Y40.6 E408.01997
G1 X119.478 Y50.052 E408.33435
G1 X119.328 Y50.4 E408.34695
G1 X119.174 Y50.524 E408.35353
G1 X118.88 Y50.6 E408.36363
G1 X118.312 Y50.6 E408.38252
G1 X118.312 Y79.4 E409.34041
G1 X118.788 Y79.4 E409.35624
M204 S2000
G0 F9000 X118.762 Y79.8
M204 S500
;TYPE:WALL-OUTER
G1 F1800 X122.084 Y79.8 E409.46673
G1 X122.084 Y50.2 E410.45123
G1 X121.116 Y50.2 E410.48343
G1 X120.966 Y50.134 E410.48888
G1 X120.916 Y50.018 E410.49308
G1 X120.916 Y40.2 E410.81963
G1 X119.08 Y40.2 E410.88069
G1 X119.08 Y50.018 E411.20724
G1 X119.03 Y50.134 E411.21144
G1 X118.88 Y50.2 E411.21689
G1 X117.912 Y50.2 E411.24909
G1 X117.912 Y79.8 E412.23359
G1 X118.762 Y79.8 E412.26186
M204 S2000
G0 F9000 X118.762 Y79.09
G0 X119.864 Y79.09
G0 X119.864 Y79.321
M204 S500
;TYPE:FILL
G1 F3600 X121.604 Y72.826 E412.4855
M204 S2000
G0 F9000 X121.604 Y73.164
M204 S500
G1 F3600 X118.392 Y74.024 E412.5961
M204 S2000
G0 F9000 X118.392 Y73.763
M204 S500
G1 F3600 X121.604 Y76.976 E412.7472
M204 S2000
G0 F9000 X121.375 Y76.976
G0 X121.375 Y68.49
G0 X121.604 Y68.49
M204 S500
G1 F3600 X118.392 Y65.278 E412.89829
M204 S2000
G0 F9000 X118.625 Y65.278
G0 X118.625 Y67.812
G0 X118.392 Y67.812
M204 S500
G1 F3600 X121.603 Y66.952 E413.00885
M204 S2000
G0 F9000 X121.375 Y66.952
G0 X121.375 Y60.74
G0 X121.603 Y60.74
M204 S500
G1 F3600 X118.393 Y61.601 E413.11939
G1 X118.392 Y61.63
G1 X121.326 Y50.679 E413.49646
M204 S2000
G0 F9000 X120.764 Y50.68
M204 S500
G1 F3600 X121.604 Y51.52 E413.53598
M204 S2000
G0 F9000 X121.375 Y51.52
G0 X121.375 Y54.529
G0 X121.604 Y54.529
M204 S500
G1 F3600 X118.393 Y55.389 E413.64654
M204 S2000
G0 F9000 X118.625 Y55.389
G0 X118.625 Y56.793
G0 X118.392 Y56.793
M204 S500
G1 F3600 X121.604 Y60.005 E413.79762
M204 S2000
G0 F9000 X121.375 Y60.005
G0 X119.763 Y50.87
G0 X119.645 Y50.611
M204 S500
;TYPE:SKIN
G1 F1629 X119.816 Y50.226 E413.8131
G1 F1726.6 X119.817 Y47.904 E413.89362
G1 F1800 X119.818 Y45.582 E413.97085
G1 F1879.9 X119.818 Y43.26 E414.04479
G1 F1967.2 X119.819 Y40.938 E414.11546
G1 F2011.2 X120.177 Y40.939 E414.12612
G1 F1967.2 X120.177 Y43.26 E414.19675
G1 F1879.9 X120.176 Y45.581 E414.27067
G1 F1800 X120.176 Y47.902 E414.34786
G1 F1726.6 X120.176 Y50.223 E414.42834
G1 F1629 X120.351 Y50.611 E414.44398
G1 F1572.1 X119.645 Y50.611 E414.47087
M204 S2000
G0 F9000 X119.975 Y51.2
G1 F2400 E413.67087
;MESH:Weather_station_stand.STL(1)
G0 F9000 X118.625 Y79.57
G0 X118.625 Y80.665
G0 X118.23 Y89.347
G0 X118.23 Y99.347
G0 X118.625 Y100.43
G0 X118.625 Y128.568
G0 X118.312 Y128.568
M204 S500
;TYPE:WALL-INNER
G1 F2400 E414.47087
G1 F1800 X118.312 Y129.4 E414.49854
G1 X121.684 Y129.4 E414.6107
G1 X121.684 Y100.6 E415.56859
G1 X121.116 Y100.6 E415.58748
G1 X120.822 Y100.524 E415.59758
G1 X120.668 Y100.4 E415.60416
G1 X120.518 Y100.052 E415.61676
G1 X120.516 Y90.6 E415.93113
G1 X119.48 Y90.6 E415.96559
G1 X119.478 Y100.052 E416.27997
G1 X119.328 Y100.4 E416.29257
G1 X119.174 Y100.524 E416.29915
G1 X118.88 Y100.6 E416.30925
G1 X118.312 Y100.6 E416.32814
G1 X118.312 Y128.568 E417.25836
M204 S2000
G0 F9000 X118.625 Y128.568
G0 X118.595 Y129.12
G0 X118.2 Y129.8
M204 S500
;TYPE:WALL-OUTER
G1 F1800 X122.084 Y129.8 E417.38754
G1 X122.084 Y100.2 E418.37204
G1 X121.116 Y100.2 E418.40424
G1 X120.966 Y100.134 E418.40969
G1 X120.916 Y100.018 E418.41389
G1 X120.916 Y90.2 E418.74044
G1 X119.08 Y90.2 E418.8015
G1 X119.08 Y100.018 E419.12805
G1 X119.03 Y100.134 E419.13225
G1 X118.88 Y100.2 E419.1377
G1 X117.912 Y100.2 E419.1699
G1 X117.912 Y129.8 E420.1544
G1 X118.2 Y129.8 E420.16398
M204 S2000
G0 F9000 X118.595 Y129.12
G0 X119.864 Y129.09
G0 X119.864 Y129.32
M204 S500
;TYPE:FILL
G1 F3600 X121.604 Y122.826 E420.38759
M204 S2000
G0 F9000 X121.604 Y123.164
M204 S500
G1 F3600 X118.392 Y124.025 E420.49819
M204 S2000
G0 F9000 X118.392 Y123.763
M204 S500
G1 F3600 X121.605 Y126.976 E420.64932
M204 S2000
G0 F9000 X121.375 Y126.976
G0 X121.375 Y118.491
G0 X121.605 Y118.491
M204 S500
G1 F3600 X118.392 Y115.277 E420.80047
M204 S2000
G0 F9000 X118.625 Y115.277
G0 X118.625 Y117.813
G0 X118.392 Y117.813
M204 S500
G1 F3600 X121.604 Y116.953 E420.91107
M204 S2000
G0 F9000 X121.375 Y116.953
G0 X121.375 Y110.741
G0 X121.603 Y110.741
M204 S500
G1 F3600 X118.393 Y111.601 E421.0216
G1 X118.392 Y111.63
G1 X121.326 Y100.679 E421.39868
M204 S2000
G0 F9000 X120.765 Y100.68
M204 S500
G1 F3600 X121.605 Y101.52 E421.43819
M204 S2000
G0 F9000 X121.375 Y101.52
G0 X121.375 Y104.529
G0 X121.604 Y104.529
M204 S500
G1 F3600 X118.393 Y105.39 E421.54876
M204 S2000
G0 F9000 X118.625 Y105.39
G0 X118.625 Y106.792
G0 X118.392 Y106.792
M204 S500
G1 F3600 X121.605 Y110.005 E421.69989
M204 S2000
G0 F9000 X121.375 Y110.005
G0 X119.763 Y100.87
G0 X119.645 Y100.611
M204 S500
;TYPE:SKIN
G1 F1629 X119.816 Y100.226 E421.71537
G1 F1726.6 X119.817 Y97.904 E421.79588
G1 F1800 X119.818 Y95.582 E421.87311
G1 F1879.9 X119.818 Y93.26 E421.94706
G1 F1967.2 X119.819 Y90.938 E422.01773
G1 F2011.2 X120.177 Y90.939 E422.02838
G1 F1967.2 X120.177 Y93.26 E422.09902
G1 F1879.9 X120.176 Y95.581 E422.17293
G1 F1800 X120.176 Y97.902 E422.25013
G1 F1726.6 X120.176 Y100.223 E422.33061
G1 F1629 X120.351 Y100.611 E422.34625
G1 F1572.1 X119.645 Y100.611 E422.37314
M204 S2000
G0 F9000 X119.975 Y101.2
G1 F2400 E421.57314
;MESH:Weather_station_stand.STL
G0 F9000 X118.125 Y129.09
G0 X117.05 Y129.091
G0 X112.95 Y129.089
G0 X111.875 Y129.09
G0 X110 Y129.09
G0 X110 Y129.4
M204 S500
;TYPE:WALL-INNER
G1 F2400 E422.37314
G1 F1800 X111.684 Y129.4 E422.42915
G1 X111.684 Y100.6 E423.38704
G1 X111.116 Y100.6 E423.40593
G1 X110.822 Y100.524 E423.41603
G1 X110.668 Y100.4 E423.42261
G1 X110.518 Y100.052 E423.43521
G1 X110.516 Y90.6 E423.74959
G1 X109.48 Y90.6 E423.78404
G1 X109.478 Y100.052 E424.09842
G1 X109.328 Y100.4 E424.11102
G1 X109.174 Y100.524 E424.1176
G1 X108.88 Y100.6 E424.1277
G1 X108.312 Y100.6 E424.14659
G1 X108.312 Y129.4 E425.10448
G1 X110 Y129.4 E425.16062
M204 S2000
G0 F9000 X110 Y129.8
M204 S500
;TYPE:WALL-OUTER
G1 F1800 X112.084 Y129.8 E425.22994
G1 X112.084 Y100.2 E426.21444
G1 X111.116 Y100.2 E426.24663
G1 X110.966 Y100.134 E426.25209
G1 X110.916 Y100.018 E426.25629
G1 X110.916 Y90.2 E426.58283
G1 X109.08 Y90.2 E426.6439
G1 X109.08 Y100.018 E426.97045
G1 X109.03 Y100.134 E426.97465
G1 X108.88 Y100.2 E426.9801
G1 X107.912 Y100.2 E427.0123
G1 X107.912 Y129.8 E427.9968
G1 X110 Y129.8 E428.06624
M204 S2000
G0 F9000 X109.863 Y129.32
M204 S500
;TYPE:FILL
G1 F3600 X111.604 Y122.822 E428.28999
M204 S2000
G0 F9000 X111.604 Y123.163
M204 S500
G1 F3600 X108.392 Y124.024 E428.40059
M204 S2000
G0 F9000 X108.392 Y123.763
M204 S500
G1 F3600 X111.604 Y126.975 E428.55168
M204 S2000
G0 F9000 X111.375 Y126.975
G0 X111.375 Y118.49
G0 X111.604 Y118.49
M204 S500
G1 F3600 X108.392 Y115.277 E428.70278
M204 S2000
G0 F9000 X108.625 Y115.277
G0 X108.625 Y117.812
G0 X108.392 Y117.812
M204 S500
G1 F3600 X111.603 Y116.952 E428.81334
M204 S2000
G0 F9000 X111.375 Y116.952
G0 X111.375 Y110.74
G0 X111.603 Y110.74
M204 S500
G1 F3600 X108.393 Y111.601 E428.92388
G1 X108.392 Y111.627
G1 X111.325 Y100.68 E429.30082
M204 S2000
G0 F9000 X110.765 Y100.68
M204 S500
G1 F3600 X111.604 Y101.519 E429.34029
M204 S2000
G0 F9000 X111.375 Y101.519
G0 X111.375 Y104.529
G0 X111.604 Y104.529
M204 S500
G1 F3600 X108.393 Y105.389 E429.45085
M204 S2000
G0 F9000 X108.625 Y105.389
G0 X108.625 Y106.792
G0 X108.392 Y106.792
M204 S500
G1 F3600 X111.604 Y110.005 E429.60196
M204 S2000
G0 F9000 X111.375 Y110.005
G0 X110 Y100.9
G0 X110 Y100.611
M204 S500
;TYPE:SKIN
G1 F1572.1 X109.645 Y100.611 E429.61548
G1 F1629 X109.816 Y100.226 E429.63096
G1 F1726.6 X109.817 Y97.904 E429.71147
G1 F1800 X109.818 Y95.582 E429.7887
G1 F1879.9 X109.818 Y93.26 E429.86265
G1 F1967.2 X109.819 Y90.938 E429.93331
G1 F2011.2 X110.177 Y90.939 E429.94397
G1 F1967.2 X110.177 Y93.26 E430.01461
G1 F1879.9 X110.176 Y95.581 E430.08852
G1 F1800 X110.176 Y97.902 E430.16572
G1 F1726.6 X110.176 Y100.223 E430.2462
G1 F1629 X110.351 Y100.611 E430.26184
G1 F1572.1 X110 Y100.611 E430.27521
M204 S2000
G0 F9000 X110 Y101.2
G1 F2400 E429.47521
;MESH:NONMESH
G0 F300 Z1.8
G0 F9000 X111.155 Y100.805
G0 X110.549 Y100.509
G0 X110.344 Y90.772
G0 X110 Y90.43
G0 X110 Y89.335
G0 X110 Y80.665
G0 X110 Y79.57
G0 X110 Y79.09
G0 X110 Y79.4
;TIME_ELAPSED:598.414661
;LAYER:8
M204 S500
;TYPE:WALL-INNER
;MESH:Weather_station_stand.STL(3)
G1 F2400 E430.27521
G1 F1800 X111.76 Y79.4 E430.33375
G1 X111.76 Y50.6 E431.29164
G1 X111.264 Y50.6 E431.30813
G1 X110.942 Y50.507 E431.31928
G1 X110.792 Y50.372 E431.32599
G1 X110.666 Y50.052 E431.33743
G1 X110.664 Y40.6 E431.65181
G1 X109.332 Y40.6 E431.69611
G1 X109.33 Y50.052 E432.01048
G1 X109.204 Y50.372 E432.02192
G1 X109.054 Y50.507 E432.02863
G1 X108.732 Y50.6 E432.03978
G1 X108.236 Y50.6 E432.05628
G1 X108.24 Y79.4 E433.01417
G1 X110 Y79.4 E433.07271
M204 S2000
G0 F9000 X110 Y79.8
M204 S500
;TYPE:WALL-OUTER
G1 F1800 X112.16 Y79.8 E433.14455
G1 X112.16 Y50.2 E434.12905
G1 X111.264 Y50.2 E434.15885
G1 X111.106 Y50.124 E434.16468
G1 X111.064 Y50.018 E434.16848
G1 X111.064 Y40.2 E434.49502
G1 X108.932 Y40.2 E434.56593
G1 X108.932 Y50.018 E434.89248
G1 X108.89 Y50.124 E434.89627
G1 X108.732 Y50.2 E434.90211
G1 X107.836 Y50.2 E434.93191
G1 X107.84 Y79.8 E435.91641
G1 X110 Y79.8 E435.98825
M204 S2000
G0 F9000 X109.717 Y79.321
M204 S500
;TYPE:FILL
G1 F3600 X111.68 Y71.994 E436.24054
M204 S2000
G0 F9000 X111.45 Y71.994
G0 X111.45 Y73.29
G0 X111.679 Y73.29
M204 S500
G1 F3600 X108.321 Y74.19 E436.35617
M204 S2000
G0 F9000 X108.319 Y73.491
M204 S500
G1 F3600 X111.68 Y76.853 E436.51428
M204 S2000
G0 F9000 X111.45 Y76.853
G0 X111.45 Y68.367
G0 X111.68 Y68.367
M204 S500
G1 F3600 X108.318 Y65.005 E436.67242
M204 S2000
G0 F9000 X108.55 Y65.005
G0 X108.55 Y67.978
G0 X108.319 Y67.978
M204 S500
G1 F3600 X111.679 Y67.078 E436.78812
M204 S2000
G0 F9000 X111.45 Y67.078
G0 X111.45 Y60.866
G0 X111.68 Y60.866
M204 S500
G1 F3600 X108.318 Y61.767 E436.90388
M204 S2000
G0 F9000 X108.318 Y61.36
M204 S500
G1 F3600 X111.18 Y50.679 E437.27167
M204 S2000
G0 F9000 X110.963 Y50.68
M204 S500
G1 F3600 X111.68 Y51.397 E437.30539
M204 S2000
G0 F9000 X111.45 Y51.397
G0 X111.45 Y54.654
G0 X111.68 Y54.654
M204 S500
G1 F3600 X108.317 Y55.556 E437.4212
M204 S2000
G0 F9000 X108.317 Y56.518
M204 S500
G1 F3600 X111.68 Y59.882 E437.57941
M204 S2000
G0 F9000 X111.45 Y59.882
G0 X110 Y50.9
G0 X110 Y50.563
M204 S500
;TYPE:SKIN
G1 F1299.6 X109.586 Y50.563 E437.59848
G1 F1297.3 X109.739 Y50.182 E437.61743
G1 F1316.3 X109.741 Y47.126 E437.75642
G1 F1358.5 X109.743 Y44.07 E437.8911
G1 F1400.8 X109.745 Y41.014 E438.02171
G1 F1422.9 X110.251 Y41.013 E438.043
G1 F1400.8 X110.252 Y44.07 E438.17365
G1 F1358.5 X110.253 Y47.127 E438.30838
G1 F1316.3 X110.254 Y50.184 E438.44742
G1 F1297.3 X110.406 Y50.563 E438.46626
G1 F1299.6 X110 Y50.563 E438.48497
M204 S2000
G0 F9000 X110 Y51.2
G1 F2400 E437.68497
;MESH:Weather_station_stand.STL(2)
G0 F9000 X111.95 Y79.09
G0 X113.025 Y79.089
G0 X116.975 Y79.091
G0 X118.05 Y79.09
G0 X118.788 Y79.09
G0 X118.788 Y79.4
M204 S500
;TYPE:WALL-INNER
G1 F2400 E438.48497
G1 F1800 X121.76 Y79.4 E438.58381
G1 X121.76 Y50.6 E439.54171
G1 X121.264 Y50.6 E439.5582
G1 X120.942 Y50.507 E439.56935
G1 X120.792 Y50.372 E439.57606
G1 X120.666 Y50.052 E439.5875
G1 X120.664 Y40.6 E439.90188
G1 X119.332 Y40.6 E439.94618
G1 X119.33 Y50.052 E440.26055
G1 X119.204 Y50.372 E440.27199
G1 X119.054 Y50.507 E440.2787
G1 X118.732 Y50.6 E440.28985
G1 X118.236 Y50.6 E440.30635
G1 X118.24 Y79.4 E441.26424
G1 X118.788 Y79.4 E441.28247
M204 S2000
G0 F9000 X118.762 Y79.8
M204 S500
;TYPE:WALL-OUTER
G1 F1800 X122.16 Y79.8 E441.39548
G1 X122.16 Y50.2 E442.37998
G1 X121.264 Y50.2 E442.40979
G1 X121.106 Y50.124 E442.41562
G1 X121.064 Y50.018 E442.41941
G1 X121.064 Y40.2 E442.74596
G1 X118.932 Y40.2 E442.81687
G1 X118.932 Y50.018 E443.14342
G1 X118.89 Y50.124 E443.14721
G1 X118.732 Y50.2 E443.15304
G1 X117.836 Y50.2 E443.18284
G1 X117.84 Y79.8 E444.16734
G1 X118.762 Y79.8 E444.19801
M204 S2000
G0 F9000 X118.762 Y79.09
G0 X119.717 Y79.09
G0 X119.717 Y79.321
M204 S500
;TYPE:FILL
G1 F3600 X121.68 Y71.998 E444.45017
M204 S2000
G0 F9000 X121.45 Y71.998
G0 X121.45 Y73.289
G0 X121.679 Y73.289
M204 S500
G1 F3600 X118.32 Y74.189 E444.56583
M204 S2000
G0 F9000 X118.319 Y73.491
M204 S500
G1 F3600 X121.68 Y76.853 E444.72395
M204 S2000
G0 F9000 X121.45 Y76.853
G0 X121.45 Y68.367
G0 X121.68 Y68.367
M204 S500
G1 F3600 X118.318 Y65.005 E444.88208
M204 S2000
G0 F9000 X118.55 Y65.005
G0 X118.55 Y67.978
G0 X118.32 Y67.978
M204 S500
G1 F3600 X121.679 Y67.078 E444.99775
M204 S2000
G0 F9000 X121.45 Y67.078
G0 X121.45 Y60.866
G0 X121.679 Y60.866
M204 S500
G1 F3600 X118.319 Y61.766 E445.11344
M204 S2000
G0 F9000 X118.317 Y61.365
M204 S500
G1 F3600 X121.18 Y50.68 E445.48136
M204 S2000
G0 F9000 X120.963 Y50.68
M204 S500
G1 F3600 X121.68 Y51.397 E445.51509
M204 S2000
G0 F9000 X121.45 Y51.397
G0 X121.45 Y54.654
G0 X121.68 Y54.654
M204 S500
G1 F3600 X118.317 Y55.555 E445.63088
M204 S2000
G0 F9000 X118.317 Y56.518
M204 S500
G1 F3600 X121.68 Y59.882 E445.78909
M204 S2000
G0 F9000 X121.45 Y59.882
G0 X119.586 Y50.9
G0 X119.586 Y50.563
M204 S500
;TYPE:SKIN
G1 F1297.3 X119.739 Y50.182 E445.80804
G1 F1316.3 X119.741 Y47.126 E445.94704
G1 F1358.5 X119.743 Y44.07 E446.08171
G1 F1400.8 X119.745 Y41.014 E446.21233
G1 F1422.9 X120.251 Y41.013 E446.23361
G1 F1400.8 X120.252 Y44.07 E446.36427
G1 F1358.5 X120.253 Y47.127 E446.49899
G1 F1316.3 X120.254 Y50.184 E446.63803
G1 F1297.3 X120.406 Y50.563 E446.65688
G1 X119.586 Y50.563 E446.69472
M204 S2000
G0 F9000 X119.825 Y51.092
G1 F2400 E445.89472
;MESH:Weather_station_stand.STL(1)
G0 F9000 X118.52 Y79.57
G0 X118.52 Y80.665
G0 X118.08 Y89.347
G0 X118.08 Y99.347
G0 X118.52 Y100.43
G0 X118.52 Y129.09
G0 X118.24 Y129.36
M204 S500
;TYPE:WALL-INNER
G1 F2400 E446.69472
G1 F1800 X118.24 Y129.4 E446.69605
G1 X121.76 Y129.4 E446.81312
G1 X121.76 Y100.6 E447.77102
G1 X121.264 Y100.6 E447.78751
G1 X120.942 Y100.507 E447.79866
G1 X120.792 Y100.372 E447.80537
G1 X120.666 Y100.052 E447.81681
G1 X120.664 Y90.6 E448.13119
G1 X119.332 Y90.6 E448.17549
G1 X119.33 Y100.052 E448.48986
G1 X119.204 Y100.372 E448.5013
G1 X119.054 Y100.507 E448.50801
G1 X118.732 Y100.6 E448.51916
G1 X118.236 Y100.6 E448.53566
G1 X118.24 Y129.36 E449.49222
M204 S2000
G0 F9000 X118.2 Y129.8
M204 S500
;TYPE:WALL-OUTER
G1 F1800 X122.16 Y129.8 E449.62393
G1 X122.16 Y100.2 E450.60843
G1 X121.264 Y100.2 E450.63823
G1 X121.106 Y100.124 E450.64406
G1 X121.064 Y100.018 E450.64786
G1 X121.064 Y90.2 E450.9744
G1 X118.932 Y90.2 E451.04531
G1 X118.932 Y100.018 E451.37186
G1 X118.89 Y100.124 E451.37565
G1 X118.732 Y100.2 E451.38149
G1 X117.836 Y100.2 E451.41129
G1 X117.84 Y129.8 E452.39579
G1 X118.2 Y129.8 E452.40776
M204 S2000
G0 F9000 X118.52 Y129.12
G0 X119.718 Y129.09
G0 X119.718 Y129.321
M204 S500
;TYPE:FILL
G1 F3600 X121.68 Y121.998 E452.65991
M204 S2000
G0 F9000 X121.45 Y121.998
G0 X121.45 Y123.29
G0 X121.679 Y123.29
M204 S500
G1 F3600 X118.32 Y124.19 E452.77558
M204 S2000
G0 F9000 X118.319 Y123.491
M204 S500
G1 F3600 X121.68 Y126.852 E452.93367
M204 S2000
G0 F9000 X121.45 Y126.852
G0 X121.45 Y118.367
G0 X121.68 Y118.367
M204 S500
G1 F3600 X118.318 Y115.005 E453.09181
M204 S2000
G0 F9000 X118.55 Y115.005
G0 X118.55 Y117.979
G0 X118.319 Y117.979
M204 S500
G1 F3600 X121.679 Y117.078 E453.20751
M204 S2000
G0 F9000 X121.45 Y117.078
G0 X121.45 Y110.867
G0 X121.68 Y110.867
M204 S500
G1 F3600 X118.318 Y111.767 E453.32327
M204 S2000
G0 F9000 X118.317 Y111.364
M204 S500
G1 F3600 X121.18 Y100.679 E453.69119
M204 S2000
G0 F9000 X120.964 Y100.68
M204 S500
G1 F3600 X121.68 Y101.396 E453.72486
M204 S2000
G0 F9000 X121.45 Y101.396
G0 X121.45 Y104.655
G0 X121.68 Y104.655
M204 S500
G1 F3600 X118.317 Y105.556 E453.84066
M204 S2000
G0 F9000 X118.317 Y106.519
M204 S500
G1 F3600 X121.68 Y109.882 E453.99885
M204 S2000
G0 F9000 X121.45 Y109.882
G0 X119.586 Y100.9
G0 X119.586 Y100.563
M204 S500
;TYPE:SKIN
G1 F1297.3 X119.739 Y100.182 E454.0178
G1 F1316.3 X119.741 Y97.126 E454.15679
G1 F1358.5 X119.743 Y94.07 E454.29147
G1 F1400.8 X119.745 Y91.014 E454.42208
G1 F1422.9 X120.251 Y91.013 E454.44337
G1 F1400.8 X120.252 Y94.07 E454.57402
G1 F1358.5 X120.253 Y97.127 E454.70875
G1 F1316.3 X120.254 Y100.184 E454.84779
G1 F1297.3 X120.406 Y100.563 E454.86663
G1 X119.586 Y100.563 E454.90447
M204 S2000
G0 F9000 X119.825 Y101.092
G1 F2400 E454.10447
;MESH:Weather_station_stand.STL
G0 F9000 X118.05 Y129.09
G0 X116.975 Y129.091
G0 X113.025 Y129.089
G0 X111.95 Y129.09
G0 X110 Y129.09
G0 X110 Y129.4
M204 S500
;TYPE:WALL-INNER
G1 F2400 E454.90447
G1 F1800 X111.76 Y129.4 E454.96301
G1 X111.76 Y100.6 E455.9209
G1 X111.264 Y100.6 E455.9374
G1 X110.942 Y100.507 E455.94855
G1 X110.792 Y100.372 E455.95526
G1 X110.666 Y100.052 E455.9667
G1 X110.664 Y90.6 E456.28107
G1 X109.332 Y90.6 E456.32538
G1 X109.33 Y100.052 E456.63975
G1 X109.204 Y100.372 E456.65119
G1 X109.054 Y100.507 E456.6579
G1 X108.732 Y100.6 E456.66905
G1 X108.236 Y100.6 E456.68555
G1 X108.24 Y129.4 E457.64344
G1 X110 Y129.4 E457.70198
M204 S2000
G0 F9000 X110 Y129.8
M204 S500
;TYPE:WALL-OUTER
G1 F1800 X112.16 Y129.8 E457.77382
G1 X112.16 Y100.2 E458.75832
G1 X111.264 Y100.2 E458.78812
G1 X111.106 Y100.124 E458.79395
G1 X111.064 Y100.018 E458.79774
G1 X111.064 Y90.2 E459.12429
G1 X108.932 Y90.2 E459.1952
G1 X108.932 Y100.018 E459.52175
G1 X108.89 Y100.124 E459.52554
G1 X108.732 Y100.2 E459.53137
G1 X107.836 Y100.2 E459.56117
G1 X107.84 Y129.8 E460.54567
G1 X110 Y129.8 E460.61752
M204 S2000
G0 F9000 X109.717 Y129.32
M204 S500
;TYPE:FILL
G1 F3600 X111.68 Y121.996 E460.86971
M204 S2000
G0 F9000 X111.45 Y121.996
G0 X111.45 Y123.289
G0 X111.679 Y123.289
M204 S500
G1 F3600 X108.32 Y124.189 E460.98537
M204 S2000
G0 F9000 X108.319 Y123.491
M204 S500
G1 F3600 X111.68 Y126.852 E461.14346
M204 S2000
G0 F9000 X111.45 Y126.852
G0 X111.45 Y118.367
G0 X111.68 Y118.367
M204 S500
G1 F3600 X108.317 Y115.004 E461.30165
M204 S2000
G0 F9000 X108.55 Y115.004
G0 X108.55 Y117.978
G0 X108.319 Y117.978
M204 S500
G1 F3600 X111.679 Y117.078 E461.41734
M204 S2000
G0 F9000 X111.45 Y117.078
G0 X111.45 Y110.866
G0 X111.68 Y110.866
M204 S500
G1 F3600 X108.318 Y111.767 E461.53311
M204 S2000
G0 F9000 X108.318 Y111.36
M204 S500
G1 F3600 X111.179 Y100.68 E461.90085
M204 S2000
G0 F9000 X110.964 Y100.68
M204 S500
G1 F3600 X111.68 Y101.396 E461.93453
M204 S2000
G0 F9000 X111.45 Y101.396
G0 X111.45 Y104.654
G0 X111.68 Y104.654
M204 S500
G1 F3600 X108.317 Y105.555 E462.05033
M204 S2000
G0 F9000 X108.316 Y106.517
M204 S500
G1 F3600 X111.68 Y109.882 E462.20858
M204 S2000
G0 F9000 X111.45 Y109.882
G0 X110 Y100.9
G0 X110 Y100.563
M204 S500
;TYPE:SKIN
G1 F1299.6 X109.586 Y100.563 E462.22766
G1 F1297.3 X109.739 Y100.182 E462.2466
G1 F1316.3 X109.741 Y97.126 E462.3856
G1 F1358.5 X109.743 Y94.07 E462.52028
G1 F1400.8 X109.745 Y91.014 E462.65089
G1 F1422.9 X110.251 Y91.013 E462.67218
G1 F1400.8 X110.252 Y94.07 E462.80283
G1 F1358.5 X110.253 Y97.127 E462.93755
G1 F1316.3 X110.254 Y100.184 E463.07659
G1 F1297.3 X110.406 Y100.563 E463.09544
G1 F1299.6 X110 Y100.563 E463.11414
M204 S2000
G0 F9000 X110 Y101.2
G1 F2400 E462.31414
;MESH:NONMESH
G0 F300 Z2
G0 F9000 X111.303 Y100.805
G0 X110.667 Y100.474
G0 X110.492 Y90.772
G0 X110 Y90.43
G0 X110 Y89.335
G0 X110 Y80.665
G0 X110 Y79.57
G0 X110 Y79.09
G0 X110 Y79.4
;TIME_ELAPSED:644.436352
;LAYER:9
M204 S500
;TYPE:WALL-INNER
;MESH:Weather_station_stand.STL(3)
G1 F2400 E463.11414
G1 F1800 X111.82 Y79.4 E463.17468
G1 X111.82 Y50.6 E464.13257
G1 X111.372 Y50.6 E464.14747
G1 X111.031 Y50.495 E464.15933
G1 X110.886 Y50.353 E464.16608
G1 X110.774 Y50.053 E464.17674
G1 X110.768 Y40.6 E464.49114
G1 X109.228 Y40.6 E464.54236
G1 X109.226 Y50.053 E464.85677
G1 X109.114 Y50.353 E464.86742
G1 X108.968 Y50.495 E464.8742
G1 X108.628 Y50.6 E464.88603
G1 X108.176 Y50.6 E464.90107
G1 X108.176 Y79.4 E465.85896
G1 X110 Y79.4 E465.91962
M204 S2000
G0 F9000 X110 Y79.8
M204 S500
;TYPE:WALL-OUTER
G1 F1800 X112.22 Y79.8 E465.99346
G1 X112.22 Y50.2 E466.97796
G1 X111.372 Y50.2 E467.00617
G1 X111.258 Y50.165 E467.01013
G1 X111.172 Y50.018 E467.0158
G1 X111.168 Y40.2 E467.34235
G1 X108.828 Y40.2 E467.42017
G1 X108.828 Y50.018 E467.74672
G1 X108.742 Y50.165 E467.75239
G1 X108.628 Y50.2 E467.75635
G1 X107.776 Y50.2 E467.78469
G1 X107.776 Y79.8 E468.76919
G1 X110 Y79.8 E468.84316
M204 S2000
G0 F9000 X109.57 Y79.321
M204 S500
;TYPE:FILL
G1 F3600 X111.74 Y71.222 E469.12204
M204 S2000
G0 F9000 X111.511 Y71.222
G0 X111.511 Y73.42
G0 X111.74 Y73.42
M204 S500
G1 F3600 X108.257 Y74.354 E469.24197
M204 S2000
G0 F9000 X108.489 Y74.354
G0 X108.489 Y73.227
G0 X108.256 Y73.227
M204 S500
G1 F3600 X111.74 Y76.711 E469.40585
M204 S2000
G0 F9000 X111.511 Y76.711
G0 X111.511 Y68.226
G0 X111.74 Y68.226
M204 S500
G1 F3600 X108.256 Y64.742 E469.56973
M204 S2000
G0 F9000 X108.489 Y64.742
G0 X108.489 Y61.93
G0 X108.257 Y61.93
M204 S500
G1 F3600 X111.74 Y60.997 E469.68966
M204 S2000
G0 F9000 X111.511 Y60.997
G0 X111.511 Y59.741
G0 X111.74 Y59.741
M204 S500
G1 F3600 X108.256 Y56.257 E469.85353
M204 S2000
G0 F9000 X108.256 Y55.719
M204 S500
G1 F3600 X111.74 Y54.785 E469.9735
M204 S2000
G0 F9000 X111.511 Y54.785
G0 X111.511 Y51.255
G0 X111.74 Y51.255
M204 S500
G1 F3600 X111.165 Y50.68 E470.00055
G1 X111.032 Y50.68
G1 X108.256 Y61.042 E470.35734
M204 S2000
G0 F9000 X108.489 Y61.042
G0 X111.511 Y67.209
G0 X111.739 Y67.209
M204 S500
G1 F3600 X108.256 Y68.142 E470.47727
M204 S2000
G1 F2400 E469.67727
G0 F9000 X108.489 Y68.142
G0 X108.589 Y50.805
G0 X109.243 Y50.45
G0 X109.4 Y40.772
G0 X109.998 Y40.7
G0 X109.998 Y41.37
M204 S500
;TYPE:SKIN
G1 F2400 E470.47727
G1 F1666.7 X109.997 Y45.789 E470.63601
G1 F1592.9 X109.996 Y50.208 E470.80209
M204 S2000
G0 F9000 X110 Y50.64
M204 S500
G1 F1800 X109.329 Y50.64 E470.82441
G1 X109.432 Y50.514 E470.82982
G1 X109.584 Y50.082 E470.84505
G1 X109.588 Y40.96 E471.14845
G1 X110.408 Y40.96 E471.17573
G1 X110.412 Y50.103 E471.47982
G1 X110.569 Y50.516 E471.49452
G1 X110.67 Y50.64 E471.49984
G1 X110 Y50.64 E471.52212
M204 S2000
G0 F9000 X110 Y51.2
G1 F2400 E470.72212
;MESH:Weather_station_stand.STL(2)
G0 F9000 X112.011 Y79.09
G0 X113.086 Y79.089
G0 X116.914 Y79.091
G0 X117.989 Y79.09
G0 X118.788 Y79.09
G0 X118.788 Y79.4
M204 S500
;TYPE:WALL-INNER
G1 F2400 E471.52212
G1 F1800 X121.82 Y79.4 E471.62297
G1 X121.82 Y50.6 E472.58086
G1 X121.372 Y50.6 E472.59576
G1 X121.031 Y50.495 E472.60763
G1 X120.886 Y50.353 E472.61438
G1 X120.774 Y50.053 E472.62503
G1 X120.768 Y40.6 E472.93944
G1 X119.228 Y40.6 E472.99066
G1 X119.226 Y50.053 E473.30507
G1 X119.114 Y50.353 E473.31572
G1 X118.968 Y50.495 E473.32249
G1 X118.628 Y50.6 E473.33433
G1 X118.176 Y50.6 E473.34936
G1 X118.176 Y79.4 E474.30725
G1 X118.788 Y79.4 E474.32761
M204 S2000
G0 F9000 X118.762 Y79.8
M204 S500
;TYPE:WALL-OUTER
G1 F1800 X122.22 Y79.8 E474.44262
G1 X122.22 Y50.2 E475.42712
G1 X121.372 Y50.2 E475.45532
G1 X121.258 Y50.165 E475.45929
G1 X121.172 Y50.018 E475.46496
G1 X121.168 Y40.2 E475.7915
G1 X118.828 Y40.2 E475.86933
G1 X118.828 Y50.018 E476.19588
G1 X118.742 Y50.165 E476.20154
G1 X118.628 Y50.2 E476.20551
G1 X117.776 Y50.2 E476.23385
G1 X117.776 Y79.8 E477.21835
G1 X118.762 Y79.8 E477.25114
M204 S2000
G0 F9000 X119.571 Y79.32
M204 S500
;TYPE:FILL
G1 F3600 X121.74 Y71.225 E477.52988
M204 S2000
G0 F9000 X121.511 Y71.225
G0 X121.511 Y73.42
G0 X121.74 Y73.42
M204 S500
G1 F3600 X118.257 Y74.353 E477.64981
M204 S2000
G0 F9000 X118.489 Y74.353
G0 X118.489 Y73.227
G0 X118.256 Y73.227
M204 S500
G1 F3600 X121.74 Y76.711 E477.81369
M204 S2000
G0 F9000 X121.511 Y76.711
G0 X121.511 Y68.226
G0 X121.74 Y68.226
M204 S500
G1 F3600 X118.256 Y64.742 E477.97756
M204 S2000
G0 F9000 X118.489 Y64.742
G0 X118.489 Y61.93
G0 X118.257 Y61.93
M204 S500
G1 F3600 X121.739 Y60.997 E478.09746
M204 S2000
G0 F9000 X121.511 Y60.997
G0 X121.511 Y59.741
G0 X121.74 Y59.741
M204 S500
G1 F3600 X118.256 Y56.257 E478.26134
M204 S2000
G0 F9000 X118.257 Y55.719
M204 S500
G1 F3600 X121.74 Y54.785 E478.38128
M204 S2000
G0 F9000 X121.511 Y54.785
G0 X121.511 Y51.255
G0 X121.74 Y51.255
M204 S500
G1 F3600 X121.165 Y50.68 E478.40832
G1 X121.033 Y50.68
G1 X118.256 Y61.045 E478.76522
M204 S2000
G0 F9000 X118.489 Y61.045
G0 X121.511 Y67.209
G0 X121.739 Y67.209
M204 S500
G1 F3600 X118.257 Y68.142 E478.88512
M204 S2000
G1 F2400 E478.08512
G0 F9000 X118.489 Y68.142
G0 X118.589 Y50.805
G0 X119.243 Y50.45
G0 X119.4 Y40.772
G0 X119.998 Y40.7
G0 X119.998 Y41.37
M204 S500
;TYPE:SKIN
G1 F2400 E478.88512
G1 F1666.7 X119.997 Y45.789 E479.04385
G1 F1592.9 X119.996 Y50.208 E479.20994
M204 S2000
G0 F9000 X119.329 Y50.64
M204 S500
G1 F1800 X119.432 Y50.514 E479.21535
G1 X119.584 Y50.082 E479.23058
G1 X119.588 Y40.96 E479.53398
G1 X120.408 Y40.96 E479.56125
G1 X120.412 Y50.103 E479.86535
G1 X120.569 Y50.516 E479.88005
G1 X120.67 Y50.64 E479.88537
G1 X119.329 Y50.64 E479.92997
M204 S2000
G0 F9000 X119.329 Y51.21
G1 F2400 E479.12997
;MESH:Weather_station_stand.STL(1)
G0 F9000 X118.459 Y79.57
G0 X118.459 Y80.665
G0 X117.975 Y89.347
G0 X117.975 Y99.347
G0 X118.459 Y100.43
G0 X118.459 Y129.09
G0 X118.236 Y129.4
M204 S500
;TYPE:WALL-INNER
G1 F2400 E479.92997
G1 F1800 X121.82 Y129.4 E480.04917
G1 X121.82 Y100.6 E481.00706
G1 X121.372 Y100.6 E481.02196
G1 X121.031 Y100.495 E481.03383
G1 X120.886 Y100.353 E481.04058
G1 X120.774 Y100.053 E481.05123
G1 X120.768 Y90.6 E481.36564
G1 X119.228 Y90.6 E481.41686
G1 X119.226 Y100.053 E481.73127
G1 X119.114 Y100.353 E481.74192
G1 X118.968 Y100.495 E481.74869
G1 X118.628 Y100.6 E481.76053
G1 X118.176 Y100.6 E481.77556
G1 X118.176 Y129.4 E482.73346
G1 X118.236 Y129.4 E482.73545
M204 S2000
G0 F9000 X118.2 Y129.8
M204 S500
;TYPE:WALL-OUTER
G1 F1800 X122.22 Y129.8 E482.86916
G1 X122.22 Y100.2 E483.85366
G1 X121.372 Y100.2 E483.88186
G1 X121.258 Y100.165 E483.88583
G1 X121.172 Y100.018 E483.89149
G1 X121.168 Y90.2 E484.21804
G1 X118.828 Y90.2 E484.29587
G1 X118.828 Y100.018 E484.62242
G1 X118.742 Y100.165 E484.62808
G1 X118.628 Y100.2 E484.63205
G1 X117.776 Y100.2 E484.66039
G1 X117.776 Y129.8 E485.64489
G1 X118.2 Y129.8 E485.65899
M204 S2000
G0 F9000 X118.459 Y129.12
G0 X119.571 Y129.09
G0 X119.571 Y129.321
M204 S500
;TYPE:FILL
G1 F3600 X121.74 Y121.225 E485.93776
M204 S2000
G0 F9000 X121.511 Y121.225
G0 X121.511 Y123.421
G0 X121.739 Y123.421
M204 S500
G1 F3600 X118.257 Y124.354 E486.05765
M204 S2000
G0 F9000 X118.489 Y124.354
G0 X118.489 Y123.227
G0 X118.256 Y123.227
M204 S500
G1 F3600 X121.74 Y126.711 E486.22153
M204 S2000
G0 F9000 X121.511 Y126.711
G0 X121.511 Y118.226
G0 X121.74 Y118.226
M204 S500
G1 F3600 X118.256 Y114.742 E486.38541
M204 S2000
G0 F9000 X118.489 Y114.742
G0 X118.489 Y111.931
G0 X118.256 Y111.931
M204 S500
G1 F3600 X121.739 Y110.998 E486.50534
M204 S2000
G0 F9000 X121.511 Y110.998
G0 X121.511 Y109.741
G0 X121.74 Y109.741
M204 S500
G1 F3600 X118.256 Y106.256 E486.66924
M204 S2000
G0 F9000 X118.257 Y105.719
M204 S500
G1 F3600 X121.74 Y104.786 E486.78917
M204 S2000
G0 F9000 X121.511 Y104.786
G0 X121.511 Y101.256
G0 X121.74 Y101.256
M204 S500
G1 F3600 X121.165 Y100.68 E486.81624
G1 X121.033 Y100.68
G1 X118.256 Y111.046 E487.17317
M204 S2000
G0 F9000 X118.489 Y111.046
G0 X121.511 Y117.209
G0 X121.739 Y117.209
M204 S500
G1 F3600 X118.256 Y118.143 E487.29311
M204 S2000
G1 F2400 E486.49311
G0 F9000 X118.489 Y118.143
G0 X118.589 Y100.805
G0 X119.243 Y100.45
G0 X119.4 Y90.772
G0 X119.998 Y90.7
G0 X119.998 Y91.37
M204 S500
;TYPE:SKIN
G1 F2400 E487.29311
G1 F1666.7 X119.997 Y95.789 E487.45184
G1 F1592.9 X119.996 Y100.208 E487.61793
M204 S2000
G0 F9000 X119.329 Y100.64
M204 S500
G1 F1800 X119.432 Y100.514 E487.62334
G1 X119.584 Y100.082 E487.63857
G1 X119.588 Y90.96 E487.94197
G1 X120.408 Y90.96 E487.96924
G1 X120.412 Y100.103 E488.27334
G1 X120.569 Y100.516 E488.28803
G1 X120.67 Y100.64 E488.29335
G1 X119.329 Y100.64 E488.33796
M204 S2000
G0 F9000 X119.329 Y101.21
G1 F2400 E487.53796
;MESH:Weather_station_stand.STL
G0 F9000 X117.989 Y129.09
G0 X116.914 Y129.091
G0 X113.086 Y129.089
G0 X112.011 Y129.09
G0 X110 Y129.09
G0 X110 Y129.4
M204 S500
;TYPE:WALL-INNER
G1 F2400 E488.33796
G1 F1800 X111.82 Y129.4 E488.39849
G1 X111.82 Y100.6 E489.35638
G1 X111.372 Y100.6 E489.37128
G1 X111.031 Y100.495 E489.38315
G1 X110.886 Y100.353 E489.3899
G1 X110.774 Y100.053 E489.40055
G1 X110.768 Y90.6 E489.71496
G1 X109.228 Y90.6 E489.76618
G1 X109.226 Y100.053 E490.08059
G1 X109.114 Y100.353 E490.09124
G1 X108.968 Y100.495 E490.09801
G1 X108.628 Y100.6 E490.10985
G1 X108.176 Y100.6 E490.12488
G1 X108.176 Y129.4 E491.08277
G1 X110 Y129.4 E491.14344
M204 S2000
G0 F9000 X110 Y129.8
M204 S500
;TYPE:WALL-OUTER
G1 F1800 X112.22 Y129.8 E491.21728
G1 X112.22 Y100.2 E492.20178
G1 X111.372 Y100.2 E492.22998
G1 X111.258 Y100.165 E492.23395
G1 X111.172 Y100.018 E492.23961
G1 X111.168 Y90.2 E492.56616
G1 X108.828 Y90.2 E492.64399
G1 X108.828 Y100.018 E492.97054
G1 X108.742 Y100.165 E492.9762
G1 X108.628 Y100.2 E492.98017
G1 X107.776 Y100.2 E493.0085
G1 X107.776 Y129.8 E493.993
G1 X110 Y129.8 E494.06698
M204 S2000
G0 F9000 X109.57 Y129.32
M204 S500
;TYPE:FILL
G1 F3600 X111.74 Y121.223 E494.34579
M204 S2000
G0 F9000 X111.511 Y121.223
G0 X111.511 Y123.42
G0 X111.74 Y123.42
M204 S500
G1 F3600 X108.257 Y124.353 E494.46572
M204 S2000
G0 F9000 X108.489 Y124.353
G0 X108.489 Y123.227
G0 X108.256 Y123.227
M204 S500
G1 F3600 X111.741 Y126.711 E494.62962
M204 S2000
G0 F9000 X111.511 Y126.711
G0 X111.511 Y118.226
G0 X111.741 Y118.226
M204 S500
G1 F3600 X108.256 Y114.742 E494.79352
M204 S2000
G0 F9000 X108.489 Y114.742
G0 X108.489 Y111.93
G0 X108.256 Y111.93
M204 S500
G1 F3600 X111.74 Y110.997 E494.91348
M204 S2000
G0 F9000 X111.511 Y110.997
G0 X111.511 Y109.741
G0 X111.741 Y109.741
M204 S500
G1 F3600 X108.256 Y106.256 E495.0774
M204 S2000
G0 F9000 X108.256 Y105.719
M204 S500
G1 F3600 X111.74 Y104.785 E495.19737
M204 S2000
G0 F9000 X111.511 Y104.785
G0 X111.511 Y101.256
G0 X111.741 Y101.256
M204 S500
G1 F3600 X111.165 Y100.68 E495.22446
G1 X111.032 Y100.68
G1 X108.256 Y111.041 E495.58123
M204 S2000
G0 F9000 X108.489 Y111.041
G0 X111.511 Y117.209
G0 X111.739 Y117.209
M204 S500
G1 F3600 X108.256 Y118.142 E495.70116
M204 S2000
G1 F2400 E494.90116
G0 F9000 X108.489 Y118.142
G0 X108.589 Y100.805
G0 X109.243 Y100.45
G0 X109.4 Y90.772
G0 X109.998 Y90.7
G0 X109.998 Y91.37
M204 S500
;TYPE:SKIN
G1 F2400 E495.70116
G1 F1666.7 X109.997 Y95.789 E495.85989
G1 F1592.9 X109.996 Y100.208 E496.02598
M204 S2000
G0 F9000 X110 Y100.64
M204 S500
G1 F1800 X109.329 Y100.64 E496.04829
G1 X109.432 Y100.514 E496.05371
G1 X109.584 Y100.082 E496.06894
G1 X109.588 Y90.96 E496.37234
G1 X110.408 Y90.96 E496.39961
G1 X110.412 Y100.103 E496.70371
G1 X110.569 Y100.516 E496.7184
G1 X110.67 Y100.64 E496.72372
G1 X110 Y100.64 E496.74601
M204 S2000
G0 F9000 X110 Y101.2
G1 F2400 E495.94601
;MESH:NONMESH
G0 F300 Z2.2
G0 F9000 X111.411 Y100.805
G0 X110.757 Y100.45
G0 X110.596 Y90.772
G0 X110 Y90.43
G0 X110 Y89.335
G0 X110 Y80.665
G0 X110 Y79.57
G0 X110 Y79.09
G0 X110 Y79.4
;TIME_ELAPSED:694.581468
;LAYER:10
M204 S500
;TYPE:WALL-INNER
;MESH:Weather_station_stand.STL(3)
G1 F2400 E496.74601
G1 F1800 X111.86 Y79.4 E496.80787
G1 X111.86 Y50.6 E497.76576
G1 X111.44 Y50.6 E497.77973
G1 X111.088 Y50.487 E497.79203
G1 X110.946 Y50.342 E497.79878
G1 X110.842 Y50.053 E497.80899
G1 X110.84 Y40.6 E498.1234
G1 X109.156 Y40.6 E498.17941
G1 X109.154 Y50.053 E498.49382
G1 X109.05 Y50.342 E498.50403
G1 X108.908 Y50.487 E498.51078
G1 X108.556 Y50.6 E498.52308
G1 X108.136 Y50.6 E498.53705
G1 X108.14 Y79.4 E499.49494
G1 X110 Y79.4 E499.55681
M204 S2000
G0 F9000 X110 Y79.8
M204 S500
;TYPE:WALL-OUTER
G1 F1800 X112.26 Y79.8 E499.63197
G1 X112.26 Y50.2 E500.61647
G1 X111.44 Y50.2 E500.64375
G1 X111.322 Y50.163 E500.64786
G1 X111.24 Y50.018 E500.6534
G1 X111.24 Y40.2 E500.97995
G1 X108.756 Y40.2 E501.06257
G1 X108.756 Y50.018 E501.38911
G1 X108.674 Y50.163 E501.39466
G1 X108.556 Y50.2 E501.39877
G1 X107.736 Y50.2 E501.42604
G1 X107.74 Y79.8 E502.41054
G1 X110 Y79.8 E502.48571
M204 S2000
G0 F9000 X109.424 Y79.321
M204 S500
;TYPE:FILL
G1 F3600 X111.78 Y70.527 E502.78851
M204 S2000
G0 F9000 X111.55 Y70.527
G0 X111.55 Y68.067
G0 X111.78 Y68.067
M204 S500
G1 F3600 X108.217 Y64.504 E502.95611
M204 S2000
G0 F9000 X108.45 Y64.504
G0 X108.45 Y62.087
G0 X108.219 Y62.087
M204 S500
G1 F3600 X111.779 Y61.132 E503.0787
M204 S2000
G0 F9000 X111.55 Y61.132
G0 X111.55 Y59.582
G0 X111.78 Y59.582
M204 S500
G1 F3600 X108.216 Y56.018 E503.24634
G1 X108.217 Y55.875
G1 X111.779 Y54.921 E503.36899
M204 S2000
G0 F9000 X111.55 Y54.921
G0 X111.55 Y51.096
G0 X111.78 Y51.096
M204 S500
G1 F3600 X111.319 Y50.635 E503.39067
M204 S2000
G0 F9000 X110.947 Y50.453
M204 S500
G1 F3600 X108.218 Y60.64 E503.74144
M204 S2000
G0 F9000 X108.45 Y60.64
G0 X111.55 Y67.344
G0 X111.78 Y67.344
M204 S500
G1 F3600 X108.219 Y68.298 E503.86406
M204 S2000
G0 F9000 X108.45 Y68.298
G0 X108.45 Y72.99
G0 X108.218 Y72.99
M204 S500
G1 F3600 X111.78 Y76.552 E504.0316
M204 S2000
G0 F9000 X111.55 Y76.552
G0 X111.55 Y73.556
G0 X111.779 Y73.556
M204 S500
G1 F3600 X108.22 Y74.509 E504.15414
M204 S2000
G0 F9000 X108.45 Y74.509
G0 X110.53 Y50.095
G0 X110.779 Y50.095
M204 S500
G1 F3600 X109.234 Y48.55 E504.22682
M204 S2000
G0 F9000 X109.234 Y49.391
M204 S500
G1 F3600 X110.762 Y48.982 E504.27943
M204 S2000
G0 F9000 X110.53 Y48.982
G0 X109.469 Y43.179
G0 X109.236 Y43.179
M204 S500
G1 F3600 X110.76 Y42.771 E504.3319
M204 S2000
G0 F9000 X110.53 Y42.771
G0 X110.53 Y41.591
G0 X110.76 Y41.591
M204 S500
G1 F3600 X109.85 Y40.681 E504.3747
M204 S2000
G0 F9000 X109.85 Y41.21
G1 F2400 E503.5747
;MESH:Weather_station_stand.STL(2)
G0 F9000 X112.05 Y79.09
G0 X113.125 Y79.089
G0 X116.875 Y79.091
G0 X117.95 Y79.09
G0 X118.788 Y79.09
G0 X118.788 Y79.4
M204 S500
;TYPE:WALL-INNER
G1 F2400 E504.3747
G1 F1800 X121.86 Y79.4 E504.47688
G1 X121.86 Y50.6 E505.43477
G1 X121.44 Y50.6 E505.44874
G1 X121.088 Y50.487 E505.46104
G1 X120.946 Y50.342 E505.46779
G1 X120.842 Y50.053 E505.478
G1 X120.84 Y40.6 E505.79241
G1 X119.156 Y40.6 E505.84842
G1 X119.154 Y50.053 E506.16283
G1 X119.05 Y50.342 E506.17304
G1 X118.908 Y50.487 E506.17979
G1 X118.556 Y50.6 E506.19209
G1 X118.136 Y50.6 E506.20606
G1 X118.14 Y79.4 E507.16395
G1 X118.788 Y79.4 E507.1855
M204 S2000
G0 F9000 X118.762 Y79.8
M204 S500
;TYPE:WALL-OUTER
G1 F1800 X122.26 Y79.8 E507.30185
G1 X122.26 Y50.2 E508.28635
G1 X121.44 Y50.2 E508.31362
G1 X121.322 Y50.163 E508.31773
G1 X121.24 Y50.018 E508.32327
G1 X121.24 Y40.2 E508.64982
G1 X118.756 Y40.2 E508.73244
G1 X118.756 Y50.018 E509.05899
G1 X118.674 Y50.163 E509.06453
G1 X118.556 Y50.2 E509.06864
G1 X117.736 Y50.2 E509.09592
G1 X117.74 Y79.8 E510.08042
G1 X118.762 Y79.8 E510.11441
M204 S2000
G0 F9000 X119.425 Y79.32
M204 S500
;TYPE:FILL
G1 F3600 X121.78 Y70.531 E510.41704
M204 S2000
G0 F9000 X121.55 Y70.531
G0 X121.55 Y68.067
G0 X121.78 Y68.067
M204 S500
G1 F3600 X118.218 Y64.504 E510.58461
M204 S2000
G0 F9000 X118.45 Y64.504
G0 X118.45 Y62.086
G0 X118.218 Y62.086
M204 S500
G1 F3600 X121.779 Y61.132 E510.70723
M204 S2000
G0 F9000 X121.55 Y61.132
G0 X121.55 Y59.582
G0 X121.78 Y59.582
M204 S500
G1 F3600 X118.216 Y56.018 E510.87487
G1 X118.218 Y55.875
G1 X121.779 Y54.921 E510.99748
M204 S2000
G0 F9000 X121.55 Y54.921
G0 X121.55 Y51.096
G0 X121.78 Y51.096
M204 S500
G1 F3600 X121.319 Y50.635 E511.01917
M204 S2000
G0 F9000 X120.948 Y50.454
M204 S500
G1 F3600 X118.218 Y60.643 E511.37001
M204 S2000
G0 F9000 X118.45 Y60.643
G0 X121.55 Y67.344
G0 X121.779 Y67.344
M204 S500
G1 F3600 X118.219 Y68.298 E511.49259
M204 S2000
G0 F9000 X118.45 Y68.298
G0 X118.45 Y72.99
G0 X118.218 Y72.99
M204 S500
G1 F3600 X121.78 Y76.552 E511.66014
M204 S2000
G0 F9000 X121.55 Y76.552
G0 X121.55 Y73.556
G0 X121.779 Y73.556
M204 S500
G1 F3600 X118.22 Y74.509 E511.78268
M204 S2000
G0 F9000 X118.45 Y74.509
G0 X120.53 Y50.095
G0 X120.779 Y50.095
M204 S500
G1 F3600 X119.234 Y48.55 E511.85535
M204 S2000
G0 F9000 X119.235 Y49.391
M204 S500
G1 F3600 X120.761 Y48.982 E511.9079
M204 S2000
G0 F9000 X120.53 Y48.982
G0 X119.469 Y43.179
G0 X119.235 Y43.179
M204 S500
G1 F3600 X120.76 Y42.77 E511.96041
M204 S2000
G0 F9000 X120.53 Y42.77
G0 X120.53 Y41.591
G0 X120.76 Y41.591
M204 S500
G1 F3600 X119.85 Y40.681 E512.00322
M204 S2000
G0 F9000 X119.85 Y41.21
G1 F2400 E511.20322
;MESH:Weather_station_stand.STL(1)
G0 F9000 X118.42 Y79.57
G0 X118.42 Y80.665
G0 X117.906 Y89.347
G0 X117.906 Y99.347
G0 X118.42 Y100.43
G0 X118.42 Y129.09
G0 X118.236 Y129.4
M204 S500
;TYPE:WALL-INNER
G1 F2400 E512.00322
G1 F1800 X121.86 Y129.4 E512.12375
G1 X121.86 Y100.6 E513.08164
G1 X121.44 Y100.6 E513.09561
G1 X121.088 Y100.487 E513.10791
G1 X120.946 Y100.342 E513.11466
G1 X120.842 Y100.053 E513.12487
G1 X120.84 Y90.6 E513.43928
G1 X119.156 Y90.6 E513.49529
G1 X119.154 Y100.053 E513.8097
G1 X119.05 Y100.342 E513.81992
G1 X118.908 Y100.487 E513.82667
G1 X118.556 Y100.6 E513.83896
G1 X118.136 Y100.6 E513.85293
G1 X118.14 Y129.4 E514.81082
G1 X118.236 Y129.4 E514.81402
M204 S2000
G0 F9000 X118.2 Y129.8
M204 S500
;TYPE:WALL-OUTER
G1 F1800 X122.26 Y129.8 E514.94905
G1 X122.26 Y100.2 E515.93355
G1 X121.44 Y100.2 E515.96083
G1 X121.322 Y100.163 E515.96494
G1 X121.24 Y100.018 E515.97048
G1 X121.24 Y90.2 E516.29703
G1 X118.756 Y90.2 E516.37965
G1 X118.756 Y100.018 E516.70619
G1 X118.674 Y100.163 E516.71173
G1 X118.556 Y100.2 E516.71585
G1 X117.736 Y100.2 E516.74312
G1 X117.74 Y129.8 E517.72762
G1 X118.2 Y129.8 E517.74292
M204 S2000
G0 F9000 X118.42 Y129.12
G0 X119.425 Y129.09
G0 X119.425 Y129.321
M204 S500
;TYPE:FILL
G1 F3600 X121.78 Y120.531 E518.04559
M204 S2000
G0 F9000 X121.55 Y120.531
G0 X121.55 Y118.066
G0 X121.78 Y118.066
M204 S500
G1 F3600 X118.218 Y114.504 E518.21313
M204 S2000
G0 F9000 X118.45 Y114.504
G0 X118.45 Y112.087
G0 X118.218 Y112.087
M204 S500
G1 F3600 X121.78 Y111.133 E518.33578
M204 S2000
G0 F9000 X121.55 Y111.133
G0 X121.55 Y109.581
G0 X121.78 Y109.581
M204 S500
G1 F3600 X118.216 Y106.017 E518.50342
G1 X118.217 Y105.876
G1 X121.78 Y104.921 E518.62611
M204 S2000
G0 F9000 X121.55 Y104.921
G0 X121.55 Y101.096
G0 X121.78 Y101.096
M204 S500
G1 F3600 X121.32 Y100.635 E518.64777
M204 S2000
G0 F9000 X120.948 Y100.454
M204 S500
G1 F3600 X118.218 Y110.643 E518.99861
M204 S2000
G0 F9000 X118.45 Y110.643
G0 X121.55 Y117.345
G0 X121.78 Y117.345
M204 S500
G1 F3600 X118.219 Y118.299 E519.12123
M204 S2000
G0 F9000 X118.45 Y118.299
G0 X118.45 Y122.99
G0 X118.218 Y122.99
M204 S500
G1 F3600 X121.78 Y126.552 E519.28877
M204 S2000
G0 F9000 X121.55 Y126.552
G0 X121.55 Y123.556
G0 X121.779 Y123.556
M204 S500
G1 F3600 X118.22 Y124.51 E519.41133
M204 S2000
G0 F9000 X118.45 Y124.51
G0 X120.53 Y100.095
G0 X120.779 Y100.095
M204 S500
G1 F3600 X119.234 Y98.55 E519.484
M204 S2000
G0 F9000 X119.234 Y99.392
M204 S500
G1 F3600 X120.761 Y98.982 E519.53658
M204 S2000
G0 F9000 X120.53 Y98.982
G0 X119.469 Y93.18
G0 X119.236 Y93.18
M204 S500
G1 F3600 X120.76 Y92.771 E519.58907
M204 S2000
G0 F9000 X120.53 Y92.771
G0 X120.53 Y91.592
G0 X120.761 Y91.592
M204 S500
G1 F3600 X119.85 Y90.68 E519.63194
M204 S2000
G0 F9000 X119.85 Y91.21
G1 F2400 E518.83194
;MESH:Weather_station_stand.STL
G0 F9000 X118.983 Y100.424
G0 X117.906 Y99.347
G0 X116.988 Y99.347
G0 X113.125 Y100.423
G0 X112.05 Y100.424
G0 X110 Y129.09
G0 X110 Y129.4
M204 S500
;TYPE:WALL-INNER
G1 F2400 E519.63194
G1 F1800 X111.86 Y129.4 E519.6938
G1 X111.86 Y100.6 E520.6517
G1 X111.44 Y100.6 E520.66567
G1 X111.088 Y100.487 E520.67796
G1 X110.946 Y100.342 E520.68471
G1 X110.842 Y100.053 E520.69493
G1 X110.84 Y90.6 E521.00934
G1 X109.156 Y90.6 E521.06535
G1 X109.154 Y100.053 E521.37975
G1 X109.05 Y100.342 E521.38997
G1 X108.908 Y100.487 E521.39672
G1 X108.556 Y100.6 E521.40902
G1 X108.136 Y100.6 E521.42298
G1 X108.14 Y129.4 E522.38088
G1 X110 Y129.4 E522.44274
M204 S2000
G0 F9000 X110 Y129.8
M204 S500
;TYPE:WALL-OUTER
G1 F1800 X112.26 Y129.8 E522.51791
G1 X112.26 Y100.2 E523.50241
G1 X111.44 Y100.2 E523.52968
G1 X111.322 Y100.163 E523.53379
G1 X111.24 Y100.018 E523.53934
G1 X111.24 Y90.2 E523.86588
G1 X108.756 Y90.2 E523.9485
G1 X108.756 Y100.018 E524.27505
G1 X108.674 Y100.163 E524.28059
G1 X108.556 Y100.2 E524.2847
G1 X107.736 Y100.2 E524.31198
G1 X107.74 Y129.8 E525.29648
G1 X110 Y129.8 E525.37164
M204 S2000
G0 F9000 X109.424 Y129.32
M204 S500
;TYPE:FILL
G1 F3600 X111.78 Y120.528 E525.67438
M204 S2000
G0 F9000 X111.55 Y120.528
G0 X111.55 Y118.066
G0 X111.78 Y118.066
M204 S500
G1 F3600 X108.218 Y114.504 E525.84193
M204 S2000
G0 F9000 X108.45 Y114.504
G0 X108.45 Y112.086
G0 X108.219 Y112.086
M204 S500
G1 F3600 X111.779 Y111.132 E525.96451
M204 S2000
G0 F9000 X111.55 Y111.132
G0 X111.55 Y109.581
G0 X111.78 Y109.581
M204 S500
G1 F3600 X108.216 Y106.017 E526.13215
G1 X108.218 Y105.875
G1 X111.779 Y104.92 E526.25478
M204 S2000
G0 F9000 X111.55 Y104.92
G0 X111.55 Y101.096
G0 X111.78 Y101.096
M204 S500
G1 F3600 X111.32 Y100.635 E526.27644
M204 S2000
G0 F9000 X110.947 Y100.453
M204 S500
G1 F3600 X108.218 Y110.64 E526.62721
M204 S2000
G0 F9000 X108.45 Y110.64
G0 X111.55 Y117.344
G0 X111.78 Y117.344
M204 S500
G1 F3600 X108.219 Y118.298 E526.74982
M204 S2000
G0 F9000 X108.45 Y118.298
G0 X108.45 Y122.99
G0 X108.218 Y122.99
M204 S500
G1 F3600 X111.78 Y126.552 E526.91737
M204 S2000
G0 F9000 X111.55 Y126.552
G0 X111.55 Y123.555
G0 X111.779 Y123.555
M204 S500
G1 F3600 X108.22 Y124.509 E527.03992
M204 S2000
G0 F9000 X108.45 Y124.509
G0 X110.53 Y100.095
G0 X110.779 Y100.095
M204 S500
G1 F3600 X109.234 Y98.549 E527.11262
M204 S2000
G0 F9000 X109.235 Y99.39
M204 S500
G1 F3600 X110.761 Y98.982 E527.16515
M204 S2000
G0 F9000 X110.53 Y98.982
G0 X109.469 Y93.178
G0 X109.237 Y93.178
M204 S500
G1 F3600 X110.76 Y92.77 E527.2176
M204 S2000
G0 F9000 X110.53 Y92.77
G0 X110.53 Y91.592
G0 X110.761 Y91.592
M204 S500
G1 F3600 X109.85 Y90.68 E527.26047
M204 S2000
G0 F9000 X109.85 Y91.21
G1 F2400 E526.46047
;MESH:NONMESH
G0 F300 Z2.4
G0 F9000 X110 Y90.43
G0 X110 Y89.335
G0 X110 Y80.665
G0 X110 Y79.57
G0 X110 Y79.09
G0 X110 Y79.4
;TIME_ELAPSED:741.389329
;LAYER:11
M204 S500
;TYPE:WALL-INNER
;MESH:Weather_station_stand.STL(3)
G1 F2400 E527.26047
G1 F1800 X111.884 Y79.4 E527.32313
G1 X111.884 Y50.6 E528.28102
G1 X111.48 Y50.6 E528.29446
G1 X111.122 Y50.482 E528.307
G1 X110.982 Y50.336 E528.31373
G1 X110.882 Y50.053 E528.32371
G1 X110.88 Y40.6 E528.63812
G1 X109.116 Y40.6 E528.69679
G1 X109.114 Y50.053 E529.0112
G1 X109.014 Y50.336 E529.02118
G1 X108.874 Y50.482 E529.02791
G1 X108.516 Y50.6 E529.04044
G1 X108.112 Y50.6 E529.05388
G1 X108.112 Y79.4 E530.01177
G1 X110 Y79.4 E530.07457
M204 S2000
G0 F9000 X110 Y79.8
M204 S500
;TYPE:WALL-OUTER
G1 F1800 X112.284 Y79.8 E530.15053
G1 X112.284 Y50.2 E531.13503
G1 X111.48 Y50.2 E531.16177
G1 X111.36 Y50.161 E531.16597
G1 X111.28 Y50.018 E531.17142
G1 X111.28 Y40.2 E531.49797
G1 X108.716 Y40.2 E531.58325
G1 X108.716 Y50.018 E531.9098
G1 X108.636 Y50.161 E531.91525
G1 X108.516 Y50.2 E531.91944
G1 X107.712 Y50.2 E531.94618
G1 X107.712 Y79.8 E532.93068
G1 X110 Y79.8 E533.00678
M204 S2000
G0 F9000 X109.277 Y79.321
M204 S500
;TYPE:FILL
G1 F3600 X111.804 Y69.889 E533.33156
M204 S2000
G0 F9000 X111.576 Y69.889
G0 X111.576 Y67.89
G0 X111.804 Y67.89
M204 S500
G1 F3600 X108.192 Y64.277 E533.50148
M204 S2000
G0 F9000 X108.424 Y64.277
G0 X108.424 Y62.24
G0 X108.193 Y62.24
M204 S500
G1 F3600 X111.803 Y61.273 E533.62578
M204 S2000
G0 F9000 X111.576 Y61.273
G0 X111.576 Y59.405
G0 X111.804 Y59.405
M204 S500
G1 F3600 X108.192 Y55.792 E533.7957
M204 S2000
G0 F9000 X108.192 Y56.029
M204 S500
G1 F3600 X111.804 Y55.061 E533.92008
M204 S2000
G0 F9000 X111.576 Y55.061
G0 X111.576 Y50.919
G0 X111.804 Y50.919
M204 S500
G1 F3600 X111.565 Y50.68 E533.93132
M204 S2000
G0 F9000 X110.863 Y50.221
M204 S500
G1 F3600 X108.192 Y60.188 E534.27452
M204 S2000
G0 F9000 X108.424 Y60.188
G0 X111.576 Y67.485
G0 X111.803 Y67.485
M204 S500
G1 F3600 X108.192 Y68.452 E534.39885
M204 S2000
G0 F9000 X108.424 Y68.452
G0 X108.424 Y72.763
G0 X108.192 Y72.763
M204 S500
G1 F3600 X111.804 Y76.375 E534.56875
M204 S2000
G0 F9000 X111.576 Y76.375
G0 X111.576 Y73.696
G0 X111.804 Y73.696
M204 S500
G1 F3600 X108.192 Y74.664 E534.69313
M204 S2000
G0 F9000 X108.424 Y74.664
G0 X110.571 Y49.918
G0 X110.803 Y49.918
M204 S500
G1 F3600 X109.193 Y48.308 E534.76885
M204 S2000
G0 F9000 X109.429 Y48.308
G0 X109.429 Y49.549
G0 X109.193 Y49.549
M204 S500
G1 F3600 X110.803 Y49.118 E534.82429
M204 S2000
G0 F9000 X110.571 Y49.118
G0 X109.429 Y43.337
G0 X109.195 Y43.337
M204 S500
G1 F3600 X110.801 Y42.907 E534.87959
M204 S2000
G0 F9000 X110.571 Y42.907
G0 X110.571 Y41.431
G0 X110.801 Y41.431
M204 S500
G1 F3600 X110.051 Y40.681 E534.91486
M204 S2000
G0 F9000 X110.051 Y41.21
G1 F2400 E534.11486
;MESH:Weather_station_stand.STL(2)
G0 F9000 X112.076 Y79.09
G0 X113.151 Y79.089
G0 X116.849 Y79.091
G0 X117.924 Y79.09
G0 X118.788 Y79.09
G0 X118.788 Y79.4
M204 S500
;TYPE:WALL-INNER
G1 F2400 E534.91486
G1 F1800 X121.884 Y79.4 E535.01784
G1 X121.884 Y50.6 E535.97573
G1 X121.48 Y50.6 E535.98917
G1 X121.122 Y50.482 E536.0017
G1 X120.982 Y50.336 E536.00843
G1 X120.882 Y50.053 E536.01841
G1 X120.88 Y40.6 E536.33282
G1 X119.116 Y40.6 E536.39149
G1 X119.114 Y50.053 E536.7059
G1 X119.014 Y50.336 E536.71588
G1 X118.874 Y50.482 E536.72261
G1 X118.516 Y50.6 E536.73515
G1 X118.112 Y50.6 E536.74859
G1 X118.112 Y79.4 E537.70648
G1 X118.788 Y79.4 E537.72896
M204 S2000
G0 F9000 X118.762 Y79.8
M204 S500
;TYPE:WALL-OUTER
G1 F1800 X122.284 Y79.8 E537.8461
G1 X122.284 Y50.2 E538.8306
G1 X121.48 Y50.2 E538.85735
G1 X121.36 Y50.161 E538.86154
G1 X121.28 Y50.018 E538.86699
G1 X121.28 Y40.2 E539.19354
G1 X118.716 Y40.2 E539.27882
G1 X118.716 Y50.018 E539.60537
G1 X118.636 Y50.161 E539.61082
G1 X118.516 Y50.2 E539.61501
G1 X117.712 Y50.2 E539.64175
G1 X117.712 Y79.8 E540.62625
G1 X118.762 Y79.8 E540.66118
M204 S2000
G0 F9000 X119.278 Y79.32
M204 S500
;TYPE:FILL
G1 F3600 X121.804 Y69.893 E540.98578
M204 S2000
G0 F9000 X121.576 Y69.893
G0 X121.576 Y67.89
G0 X121.804 Y67.89
M204 S500
G1 F3600 X118.192 Y64.278 E541.15568
M204 S2000
G0 F9000 X118.424 Y64.278
G0 X118.424 Y62.24
G0 X118.192 Y62.24
M204 S500
G1 F3600 X121.804 Y61.273 E541.28005
M204 S2000
G0 F9000 X121.576 Y61.273
G0 X121.576 Y59.405
G0 X121.804 Y59.405
M204 S500
G1 F3600 X118.192 Y55.793 E541.44994
M204 S2000
G0 F9000 X118.193 Y56.029
M204 S500
G1 F3600 X121.803 Y55.061 E541.57425
M204 S2000
G0 F9000 X121.576 Y55.061
G0 X121.576 Y50.919
G0 X121.804 Y50.919
M204 S500
G1 F3600 X121.565 Y50.68 E541.5855
M204 S2000
G0 F9000 X120.863 Y50.221
M204 S500
G1 F3600 X118.192 Y60.189 E541.92873
M204 S2000
G0 F9000 X118.424 Y60.189
G0 X121.576 Y67.484
G0 X121.804 Y67.484
M204 S500
G1 F3600 X118.193 Y68.452 E542.05307
M204 S2000
G0 F9000 X118.424 Y68.452
G0 X118.424 Y72.763
G0 X118.192 Y72.763
M204 S500
G1 F3600 X121.804 Y76.375 E542.22297
M204 S2000
G0 F9000 X121.576 Y76.375
G0 X121.576 Y73.696
G0 X121.803 Y73.696
M204 S500
G1 F3600 X118.193 Y74.664 E542.34728
M204 S2000
G0 F9000 X118.424 Y74.664
G0 X120.571 Y49.918
G0 X120.803 Y49.918
M204 S500
G1 F3600 X119.193 Y48.308 E542.42301
M204 S2000
G0 F9000 X119.429 Y48.308
G0 X119.429 Y49.549
G0 X119.194 Y49.549
M204 S500
G1 F3600 X120.803 Y49.118 E542.47841
M204 S2000
G0 F9000 X120.571 Y49.118
G0 X119.429 Y43.337
G0 X119.196 Y43.337
M204 S500
G1 F3600 X120.8 Y42.907 E542.53364
M204 S2000
G0 F9000 X120.571 Y42.907
G0 X120.571 Y41.431
G0 X120.801 Y41.431
M204 S500
G1 F3600 X120.05 Y40.681 E542.56895
M204 S2000
G0 F9000 X120.05 Y41.21
G1 F2400 E541.76895
;MESH:Weather_station_stand.STL(1)
G0 F9000 X118.394 Y79.57
G0 X118.394 Y80.665
G0 X117.865 Y89.347
G0 X117.866 Y99.347
G0 X118.394 Y100.43
G0 X118.394 Y129.09
G0 X118.236 Y129.4
M204 S500
;TYPE:WALL-INNER
G1 F2400 E542.56895
G1 F1800 X121.884 Y129.4 E542.69028
G1 X121.884 Y100.6 E543.64817
G1 X121.48 Y100.6 E543.66161
G1 X121.122 Y100.482 E543.67415
G1 X120.982 Y100.336 E543.68087
G1 X120.882 Y100.053 E543.69086
G1 X120.88 Y90.6 E544.00526
G1 X119.116 Y90.6 E544.06393
G1 X119.114 Y100.053 E544.37834
G1 X119.014 Y100.336 E544.38833
G1 X118.874 Y100.482 E544.39505
G1 X118.516 Y100.6 E544.40759
G1 X118.112 Y100.6 E544.42103
G1 X118.112 Y129.4 E545.37892
G1 X118.236 Y129.4 E545.38304
M204 S2000
G0 F9000 X118.2 Y129.8
M204 S500
;TYPE:WALL-OUTER
G1 F1800 X122.284 Y129.8 E545.51888
G1 X122.284 Y100.2 E546.50338
G1 X121.48 Y100.2 E546.53012
G1 X121.36 Y100.161 E546.53432
G1 X121.28 Y100.018 E546.53977
G1 X121.28 Y90.2 E546.86631
G1 X118.716 Y90.2 E546.95159
G1 X118.716 Y100.018 E547.27814
G1 X118.636 Y100.161 E547.28359
G1 X118.516 Y100.2 E547.28779
G1 X117.712 Y100.2 E547.31453
G1 X117.712 Y129.8 E548.29903
G1 X118.2 Y129.8 E548.31526
M204 S2000
G0 F9000 X118.394 Y129.12
G0 X119.278 Y129.09
G0 X119.278 Y129.32
M204 S500
;TYPE:FILL
G1 F3600 X121.804 Y119.892 E548.6399
M204 S2000
G0 F9000 X121.576 Y119.892
G0 X121.576 Y117.89
G0 X121.804 Y117.89
M204 S500
G1 F3600 X118.191 Y114.277 E548.80984
M204 S2000
G0 F9000 X118.424 Y114.277
G0 X118.424 Y112.241
G0 X118.192 Y112.241
M204 S500
G1 F3600 X121.804 Y111.273 E548.93422
M204 S2000
G0 F9000 X121.576 Y111.273
G0 X121.576 Y109.404
G0 X121.804 Y109.404
M204 S500
G1 F3600 X118.191 Y105.792 E549.10414
M204 S2000
G0 F9000 X118.193 Y106.029
M204 S500
G1 F3600 X121.803 Y105.062 E549.22844
M204 S2000
G0 F9000 X121.576 Y105.062
G0 X121.576 Y100.919
G0 X121.804 Y100.919
M204 S500
G1 F3600 X121.565 Y100.68 E549.23968
M204 S2000
G0 F9000 X120.863 Y100.221
M204 S500
G1 F3600 X118.192 Y110.189 E549.58291
M204 S2000
G0 F9000 X118.424 Y110.189
G0 X121.576 Y117.485
G0 X121.804 Y117.485
M204 S500
G1 F3600 X118.192 Y118.453 E549.70729
M204 S2000
G0 F9000 X118.424 Y118.453
G0 X118.424 Y122.762
G0 X118.191 Y122.762
M204 S500
G1 F3600 X121.804 Y126.375 E549.87723
M204 S2000
G0 F9000 X121.576 Y126.375
G0 X121.576 Y123.697
G0 X121.803 Y123.697
M204 S500
G1 F3600 X118.193 Y124.664 E550.00154
M204 S2000
G0 F9000 X118.424 Y124.664
G0 X120.571 Y99.918
G0 X120.804 Y99.918
M204 S500
G1 F3600 X119.193 Y98.308 E550.07729
M204 S2000
G0 F9000 X119.429 Y98.308
G0 X119.429 Y99.549
G0 X119.194 Y99.549
M204 S500
G1 F3600 X120.802 Y99.119 E550.13265
M204 S2000
G0 F9000 X120.571 Y99.119
G0 X119.429 Y93.337
G0 X119.196 Y93.337
M204 S500
G1 F3600 X120.8 Y92.907 E550.18788
M204 S2000
G0 F9000 X120.571 Y92.907
G0 X120.571 Y91.43
G0 X120.801 Y91.43
M204 S500
G1 F3600 X120.05 Y90.68 E550.22318
M204 S2000
G0 F9000 X120.05 Y91.21
G1 F2400 E549.42318
;MESH:Weather_station_stand.STL
G0 F9000 X117.924 Y129.09
G0 X116.849 Y129.091
G0 X113.151 Y129.089
G0 X112.076 Y129.09
G0 X110 Y129.09
G0 X110 Y129.4
M204 S500
;TYPE:WALL-INNER
G1 F2400 E550.22318
G1 F1800 X111.884 Y129.4 E550.28585
G1 X111.884 Y100.6 E551.24374
G1 X111.48 Y100.6 E551.25718
G1 X111.122 Y100.482 E551.26971
G1 X110.982 Y100.336 E551.27644
G1 X110.882 Y100.053 E551.28642
G1 X110.88 Y90.6 E551.60083
G1 X109.116 Y90.6 E551.6595
G1 X109.114 Y100.053 E551.97391
G1 X109.014 Y100.336 E551.98389
G1 X108.874 Y100.482 E551.99062
G1 X108.516 Y100.6 E552.00316
G1 X108.112 Y100.6 E552.0166
G1 X108.112 Y129.4 E552.97449
G1 X110 Y129.4 E553.03728
M204 S2000
G0 F9000 X110 Y129.8
M204 S500
;TYPE:WALL-OUTER
G1 F1800 X112.284 Y129.8 E553.11325
G1 X112.284 Y100.2 E554.09775
G1 X111.48 Y100.2 E554.12449
G1 X111.36 Y100.161 E554.12869
G1 X111.28 Y100.018 E554.13414
G1 X111.28 Y90.2 E554.46068
G1 X108.716 Y90.2 E554.54596
G1 X108.716 Y100.018 E554.87251
G1 X108.636 Y100.161 E554.87796
G1 X108.516 Y100.2 E554.88216
G1 X107.712 Y100.2 E554.9089
G1 X107.712 Y129.8 E555.8934
G1 X110 Y129.8 E555.9695
M204 S2000
G0 F9000 X109.277 Y129.32
M204 S500
;TYPE:FILL
G1 F3600 X111.804 Y119.89 E556.29421
M204 S2000
G0 F9000 X111.576 Y119.89
G0 X111.576 Y117.89
G0 X111.804 Y117.89
M204 S500
G1 F3600 X108.192 Y114.277 E556.46413
M204 S2000
G0 F9000 X108.424 Y114.277
G0 X108.424 Y112.24
G0 X108.192 Y112.24
M204 S500
G1 F3600 X111.803 Y111.273 E556.58846
M204 S2000
G0 F9000 X111.576 Y111.273
G0 X111.576 Y109.404
G0 X111.804 Y109.404
M204 S500
G1 F3600 X108.192 Y105.792 E556.75836
M204 S2000
G0 F9000 X108.193 Y106.028
M204 S500
G1 F3600 X111.803 Y105.061 E556.88266
M204 S2000
G0 F9000 X111.576 Y105.061
G0 X111.576 Y100.919
G0 X111.804 Y100.919
M204 S500
G1 F3600 X111.565 Y100.68 E556.8939
M204 S2000
G0 F9000 X110.863 Y100.22
M204 S500
G1 F3600 X108.192 Y110.188 E557.23714
M204 S2000
G0 F9000 X108.424 Y110.188
G0 X111.576 Y117.484
G0 X111.804 Y117.484
M204 S500
G1 F3600 X108.193 Y118.452 E557.36148
M204 S2000
G0 F9000 X108.424 Y118.452
G0 X108.424 Y122.762
G0 X108.192 Y122.762
M204 S500
G1 F3600 X111.804 Y126.375 E557.5314
M204 S2000
G0 F9000 X111.576 Y126.375
G0 X111.576 Y123.696
G0 X111.803 Y123.696
M204 S500
G1 F3600 X108.193 Y124.663 E557.6557
M204 S2000
G0 F9000 X108.424 Y124.663
G0 X110.571 Y99.918
G0 X110.804 Y99.918
M204 S500
G1 F3600 X109.193 Y98.308 E557.73146
M204 S2000
G0 F9000 X109.429 Y98.308
G0 X109.429 Y99.549
G0 X109.193 Y99.549
M204 S500
G1 F3600 X110.803 Y99.117 E557.7869
M204 S2000
G0 F9000 X110.571 Y99.117
G0 X109.429 Y93.336
G0 X109.196 Y93.336
M204 S500
G1 F3600 X110.8 Y92.906 E557.84213
M204 S2000
G0 F9000 X110.571 Y92.906
G0 X110.571 Y91.43
G0 X110.801 Y91.43
M204 S500
G1 F3600 X110.051 Y90.68 E557.87741
M204 S2000
G0 F9000 X110.051 Y91.21
G1 F2400 E557.07741
;MESH:NONMESH
G0 F300 Z2.6
G0 F9000 X110 Y90.43
G0 X110 Y89.335
G0 X110 Y80.665
G0 X110 Y79.57
G0 X110 Y79.09
G0 X110 Y79.4
;TIME_ELAPSED:788.489439
;LAYER:12
M204 S500
;TYPE:WALL-INNER
;MESH:Weather_station_stand.STL(3)
G1 F2400 E557.87741
G1 F1800 X111.892 Y79.4 E557.94034
G1 X111.892 Y50.6 E558.89823
G1 X111.492 Y50.6 E558.91153
G1 X111.132 Y50.481 E558.92414
G1 X110.993 Y50.334 E558.93087
G1 X110.894 Y50.052 E558.94081
G1 X110.892 Y40.6 E559.25519
G1 X109.104 Y40.6 E559.31466
G1 X109.102 Y50.052 E559.62903
G1 X109.003 Y50.334 E559.63897
G1 X108.864 Y50.481 E559.6457
G1 X108.504 Y50.6 E559.65831
G1 X108.104 Y50.6 E559.67162
G1 X108.104 Y79.4 E560.62951
G1 X110 Y79.4 E560.69257
M204 S2000
G0 F9000 X110 Y79.8
M204 S500
;TYPE:WALL-OUTER
G1 F1800 X112.292 Y79.8 E560.7688
G1 X112.292 Y50.2 E561.7533
G1 X111.492 Y50.2 E561.77991
G1 X111.372 Y50.161 E561.78411
G1 X111.292 Y50.018 E561.78956
G1 X111.292 Y40.2 E562.11611
G1 X108.704 Y40.2 E562.20218
G1 X108.704 Y50.018 E562.52873
G1 X108.624 Y50.161 E562.53418
G1 X108.504 Y50.2 E562.53838
G1 X107.704 Y50.2 E562.56499
G1 X107.704 Y79.8 E563.54949
G1 X110 Y79.8 E563.62585
M204 S2000
G0 F9000 X109.131 Y79.32
M204 S500
;TYPE:FILL
G1 F3600 X111.812 Y69.314 E563.97039
M204 S2000
G0 F9000 X111.584 Y69.313
G0 X111.584 Y67.697
G0 X111.812 Y67.698
M204 S500
G1 F3600 X108.184 Y64.07 E564.14104
M204 S2000
G0 F9000 X108.416 Y64.071
G0 X108.416 Y62.39
G0 X108.185 Y62.389
M204 S500
G1 F3600 X111.812 Y61.417 E564.26593
M204 S2000
G0 F9000 X111.584 Y61.416
G0 X111.584 Y59.212
G0 X111.812 Y59.213
M204 S500
G1 F3600 X108.184 Y55.585 E564.43658
M204 S2000
G0 F9000 X108.185 Y56.177
M204 S500
G1 F3600 X111.811 Y55.205 E564.56144
M204 S2000
G0 F9000 X111.584 Y55.204
G0 X110.657 Y50.838
G0 X110.585 Y49.854
G0 X110.815 Y49.854
M204 S500
G1 F3600 X108.184 Y59.671 E564.89948
M204 S2000
G0 F9000 X108.416 Y59.672
G0 X111.584 Y67.627
G0 X111.811 Y67.628
M204 S500
G1 F3600 X108.184 Y68.6 E565.02437
M204 S2000
G0 F9000 X108.416 Y68.601
G0 X108.416 Y72.557
G0 X108.184 Y72.556
M204 S500
G1 F3600 X111.812 Y76.184 E565.19502
M204 S2000
G0 F9000 X111.584 Y76.183
G0 X111.584 Y73.839
G0 X111.812 Y73.84
M204 S500
G1 F3600 X108.184 Y74.812 E565.31994
M204 S2000
G0 F9000 X108.416 Y74.813
G0 X109.414 Y49.699
G0 X109.182 Y49.698
M204 S500
G1 F3600 X110.814 Y49.261 E565.37614
M204 S2000
G0 F9000 X110.815 Y49.731
M204 S500
G1 F3600 X109.182 Y48.097 E565.45297
M204 S2000
G0 F9000 X109.414 Y48.098
G0 X109.414 Y43.487
G0 X109.183 Y43.486
M204 S500
G1 F3600 X110.812 Y43.05 E565.50906
M204 S2000
G0 F9000 X110.585 Y43.05
G0 X110.585 Y41.243
G0 X110.813 Y41.243
M204 S500
G1 F3600 X110.249 Y40.68 E565.53556
M204 S2000
G0 F9000 X110.249 Y41.21
G1 F2400 E564.73556
;MESH:Weather_station_stand.STL(2)
G0 F9000 X111.071 Y50.424
G0 X112.148 Y49.347
G0 X113.047 Y49.347
G0 X116.841 Y50.426
G0 X117.936 Y50.426
G0 X118.788 Y79.09
G0 X118.788 Y79.4
M204 S500
;TYPE:WALL-INNER
G1 F2400 E565.53556
G1 F1800 X121.892 Y79.4 E565.6388
G1 X121.892 Y50.6 E566.5967
G1 X121.492 Y50.6 E566.61
G1 X121.132 Y50.481 E566.62261
G1 X120.993 Y50.334 E566.62934
G1 X120.894 Y50.052 E566.63928
G1 X120.892 Y40.6 E566.95365
G1 X119.104 Y40.6 E567.01312
G1 X119.102 Y50.052 E567.3275
G1 X119.003 Y50.334 E567.33744
G1 X118.864 Y50.481 E567.34417
G1 X118.504 Y50.6 E567.35678
G1 X118.104 Y50.6 E567.37008
G1 X118.104 Y79.4 E568.32797
G1 X118.788 Y79.4 E568.35072
M204 S2000
G0 F9000 X118.762 Y79.8
M204 S500
;TYPE:WALL-OUTER
G1 F1800 X122.292 Y79.8 E568.46813
G1 X122.292 Y50.2 E569.45263
G1 X121.492 Y50.2 E569.47924
G1 X121.372 Y50.161 E569.48344
G1 X121.292 Y50.018 E569.48889
G1 X121.292 Y40.2 E569.81544
G1 X118.704 Y40.2 E569.90151
G1 X118.704 Y50.018 E570.22806
G1 X118.624 Y50.161 E570.23351
G1 X118.504 Y50.2 E570.23771
G1 X117.704 Y50.2 E570.26432
G1 X117.704 Y79.8 E571.24882
G1 X118.762 Y79.8 E571.28401
M204 S2000
G0 F9000 X119.132 Y79.32
M204 S500
;TYPE:FILL
G1 F3600 X121.812 Y69.318 E571.62841
M204 S2000
G0 F9000 X121.584 Y69.317
G0 X121.584 Y67.697
G0 X121.812 Y67.698
M204 S500
G1 F3600 X118.184 Y64.07 E571.79906
M204 S2000
G0 F9000 X118.416 Y64.071
G0 X118.416 Y62.389
G0 X118.184 Y62.388
M204 S500
G1 F3600 X121.811 Y61.417 E571.92394
M204 S2000
G0 F9000 X121.584 Y61.416
G0 X121.584 Y59.212
G0 X121.812 Y59.213
M204 S500
G1 F3600 X118.184 Y55.585 E572.09459
M204 S2000
G0 F9000 X118.185 Y56.177
M204 S500
G1 F3600 X121.811 Y55.205 E572.21945
M204 S2000
G0 F9000 X121.584 Y55.204
G0 X120.657 Y50.838
G0 X120.585 Y49.857
G0 X120.815 Y49.857
M204 S500
G1 F3600 X118.184 Y59.674 E572.55749
M204 S2000
G0 F9000 X118.416 Y59.675
G0 X121.584 Y67.627
G0 X121.811 Y67.628
M204 S500
G1 F3600 X118.184 Y68.6 E572.68238
M204 S2000
G0 F9000 X118.416 Y68.601
G0 X118.416 Y72.557
G0 X118.184 Y72.556
M204 S500
G1 F3600 X121.812 Y76.184 E572.85303
M204 S2000
G0 F9000 X121.584 Y76.183
G0 X121.584 Y73.839
G0 X121.812 Y73.84
M204 S500
G1 F3600 X118.184 Y74.812 E572.97795
M204 S2000
G0 F9000 X118.416 Y74.813
G0 X119.414 Y49.699
G0 X119.182 Y49.698
M204 S500
G1 F3600 X120.814 Y49.26 E573.03415
M204 S2000
G0 F9000 X120.815 Y49.731
M204 S500
G1 F3600 X119.181 Y48.097 E573.11101
M204 S2000
G0 F9000 X119.414 Y48.098
G0 X119.414 Y43.487
G0 X119.183 Y43.486
M204 S500
G1 F3600 X120.813 Y43.049 E573.16714
M204 S2000
G0 F9000 X120.585 Y43.049
G0 X120.585 Y41.243
G0 X120.813 Y41.243
M204 S500
G1 F3600 X120.249 Y40.68 E573.19365
M204 S2000
G0 F9000 X120.249 Y41.21
G1 F2400 E572.39365
;MESH:Weather_station_stand.STL(1)
G0 F9000 X118.416 Y79.57
G0 X118.416 Y80.665
G0 X117.852 Y89.347
G0 X117.851 Y99.347
G0 X118.416 Y100.43
G0 X118.416 Y129.12
G0 X118.236 Y129.4
M204 S500
;TYPE:WALL-INNER
G1 F2400 E573.19365
G1 F1800 X121.892 Y129.4 E573.31524
G1 X121.892 Y100.6 E574.27314
G1 X121.492 Y100.6 E574.28644
G1 X121.132 Y100.481 E574.29905
G1 X120.993 Y100.334 E574.30578
G1 X120.894 Y100.052 E574.31572
G1 X120.892 Y90.6 E574.6301
G1 X119.104 Y90.6 E574.68957
G1 X119.102 Y100.052 E575.00394
G1 X119.003 Y100.334 E575.01388
G1 X118.864 Y100.481 E575.02061
G1 X118.504 Y100.6 E575.03322
G1 X118.104 Y100.6 E575.04652
G1 X118.104 Y129.4 E576.00442
G1 X118.236 Y129.4 E576.00881
M204 S2000
G0 F9000 X118.2 Y129.8
M204 S500
;TYPE:WALL-OUTER
G1 F1800 X122.292 Y129.8 E576.14491
G1 X122.292 Y100.2 E577.12941
G1 X121.492 Y100.2 E577.15602
G1 X121.372 Y100.161 E577.16021
G1 X121.292 Y100.018 E577.16566
G1 X121.292 Y90.2 E577.49221
G1 X118.704 Y90.2 E577.57829
G1 X118.704 Y100.018 E577.90483
G1 X118.624 Y100.161 E577.91028
G1 X118.504 Y100.2 E577.91448
G1 X117.704 Y100.2 E577.94109
G1 X117.704 Y129.8 E578.92559
G1 X118.2 Y129.8 E578.94209
M204 S2000
G0 F9000 X118.386 Y129.12
G0 X119.132 Y129.09
G0 X119.132 Y129.32
M204 S500
;TYPE:FILL
G1 F3600 X121.812 Y119.318 E579.28649
M204 S2000
G0 F9000 X121.584 Y119.317
G0 X121.584 Y117.698
G0 X121.813 Y117.699
M204 S500
G1 F3600 X118.184 Y114.07 E579.45719
M204 S2000
G0 F9000 X118.416 Y114.071
G0 X118.416 Y112.39
G0 X118.184 Y112.389
M204 S500
G1 F3600 X121.812 Y111.417 E579.58211
M204 S2000
G0 F9000 X121.584 Y111.416
G0 X121.584 Y109.212
G0 X121.813 Y109.213
M204 S500
G1 F3600 X118.184 Y105.584 E579.75281
M204 S2000
G0 F9000 X118.185 Y106.177
M204 S500
G1 F3600 X121.811 Y105.206 E579.87766
M204 S2000
G0 F9000 X121.584 Y105.205
G0 X120.657 Y100.838
G0 X120.585 Y99.858
G0 X120.815 Y99.858
M204 S500
G1 F3600 X118.184 Y109.674 E580.21566
M204 S2000
G0 F9000 X118.416 Y109.675
G0 X121.584 Y117.628
G0 X121.811 Y117.629
M204 S500
G1 F3600 X118.184 Y118.601 E580.34055
M204 S2000
G0 F9000 X118.416 Y118.602
G0 X118.416 Y122.556
G0 X118.184 Y122.555
M204 S500
G1 F3600 X121.813 Y126.184 E580.51125
M204 S2000
G0 F9000 X121.584 Y126.183
G0 X121.584 Y123.84
G0 X121.812 Y123.841
M204 S500
G1 F3600 X118.184 Y124.813 E580.63617
M204 S2000
G0 F9000 X118.416 Y124.814
G0 X119.414 Y99.7
G0 X119.181 Y99.699
M204 S500
G1 F3600 X120.813 Y99.261 E580.69238
M204 S2000
G0 F9000 X120.815 Y99.73
M204 S500
G1 F3600 X119.181 Y98.097 E580.76921
M204 S2000
G0 F9000 X119.414 Y98.098
G0 X119.414 Y93.488
G0 X119.183 Y93.487
M204 S500
G1 F3600 X120.813 Y93.05 E580.82534
M204 S2000
G0 F9000 X120.585 Y93.05
G0 X120.585 Y91.243
G0 X120.813 Y91.243
M204 S500
G1 F3600 X120.25 Y90.68 E580.85182
M204 S2000
G0 F9000 X120.25 Y91.21
G1 F2400 E580.05182
;MESH:Weather_station_stand.STL
G0 F9000 X117.936 Y129.092
G0 X116.841 Y129.092
G0 X113.159 Y129.09
G0 X112.064 Y129.09
G0 X110 Y129.09
G0 X110 Y129.4
M204 S500
;TYPE:WALL-INNER
G1 F2400 E580.85182
G1 F1800 X111.892 Y129.4 E580.91475
G1 X111.892 Y100.6 E581.87264
G1 X111.492 Y100.6 E581.88595
G1 X111.132 Y100.481 E581.89856
G1 X110.993 Y100.334 E581.90529
G1 X110.894 Y100.052 E581.91523
G1 X110.892 Y90.6 E582.2296
G1 X109.104 Y90.6 E582.28907
G1 X109.102 Y100.052 E582.60344
G1 X109.003 Y100.334 E582.61339
G1 X108.864 Y100.481 E582.62011
G1 X108.504 Y100.6 E582.63272
G1 X108.104 Y100.6 E582.64603
G1 X108.104 Y129.4 E583.60392
G1 X110 Y129.4 E583.66698
M204 S2000
G0 F9000 X110 Y129.8
M204 S500
;TYPE:WALL-OUTER
G1 F1800 X112.292 Y129.8 E583.74321
G1 X112.292 Y100.2 E584.72771
G1 X111.492 Y100.2 E584.75432
G1 X111.372 Y100.161 E584.75852
G1 X111.292 Y100.018 E584.76397
G1 X111.292 Y90.2 E585.09052
G1 X108.704 Y90.2 E585.17659
G1 X108.704 Y100.018 E585.50314
G1 X108.624 Y100.161 E585.50859
G1 X108.504 Y100.2 E585.51279
G1 X107.704 Y100.2 E585.5394
G1 X107.704 Y129.8 E586.5239
G1 X110 Y129.8 E586.60026
M204 S2000
G0 F9000 X109.131 Y129.32
M204 S500
;TYPE:FILL
G1 F3600 X111.812 Y119.314 E586.9448
M204 S2000
G0 F9000 X111.584 Y119.313
G0 X111.584 Y117.698
G0 X111.813 Y117.699
M204 S500
G1 F3600 X108.184 Y114.07 E587.1155
M204 S2000
G0 F9000 X108.416 Y114.071
G0 X108.416 Y112.389
G0 X108.185 Y112.388
M204 S500
G1 F3600 X111.812 Y111.416 E587.24039
M204 S2000
G0 F9000 X111.584 Y111.415
G0 X111.584 Y109.212
G0 X111.813 Y109.213
M204 S500
G1 F3600 X108.184 Y105.584 E587.41109
M204 S2000
G0 F9000 X108.185 Y106.177
M204 S500
G1 F3600 X111.811 Y105.205 E587.53595
M204 S2000
G0 F9000 X111.584 Y105.204
G0 X110.657 Y100.838
G0 X110.585 Y99.853
G0 X110.815 Y99.853
M204 S500
G1 F3600 X108.184 Y109.671 E587.87402
M204 S2000
G0 F9000 X108.416 Y109.672
G0 X111.584 Y117.627
G0 X111.811 Y117.628
M204 S500
G1 F3600 X108.184 Y118.6 E587.99891
M204 S2000
G0 F9000 X108.416 Y118.601
G0 X108.416 Y122.556
G0 X108.184 Y122.555
M204 S500
G1 F3600 X111.813 Y126.184 E588.1696
M204 S2000
G0 F9000 X111.584 Y126.183
G0 X111.584 Y123.839
G0 X111.812 Y123.84
M204 S500
G1 F3600 X108.184 Y124.812 E588.29453
M204 S2000
G0 F9000 X108.416 Y124.813
G0 X109.414 Y99.699
G0 X109.182 Y99.698
M204 S500
G1 F3600 X110.814 Y99.26 E588.35073
M204 S2000
G0 F9000 X110.815 Y99.73
M204 S500
G1 F3600 X109.182 Y98.097 E588.42754
M204 S2000
G0 F9000 X109.414 Y98.098
G0 X109.414 Y93.487
G0 X109.183 Y93.486
M204 S500
G1 F3600 X110.812 Y93.049 E588.48364
M204 S2000
G0 F9000 X110.585 Y93.049
G0 X110.585 Y91.242
G0 X110.812 Y91.242
M204 S500
G1 F3600 X110.25 Y90.68 E588.51007
M204 S2000
G0 F9000 X110.25 Y91.21
G1 F2400 E587.71007
;MESH:NONMESH
G0 F300 Z2.8
G0 F9000 X110 Y90.43
G0 X110 Y89.335
G0 X110 Y80.665
G0 X110 Y79.57
G0 X110 Y79.09
G0 X110 Y79.4
;TIME_ELAPSED:835.220103
;LAYER:13
M204 S500
;TYPE:WALL-INNER
;MESH:Weather_station_stand.STL(3)
G1 F2400 E588.51007
G1 F1800 X111.884 Y79.4 E588.57273
G1 X111.884 Y50.6 E589.53063
G1 X111.484 Y50.6 E589.54393
G1 X111.125 Y50.482 E589.5565
G1 X110.985 Y50.334 E589.56328
G1 X110.886 Y50.053 E589.57318
G1 X110.884 Y40.6 E589.88759
G1 X109.112 Y40.6 E589.94653
G1 X109.11 Y50.053 E590.26094
G1 X109.011 Y50.334 E590.27085
G1 X108.872 Y50.482 E590.2776
G1 X108.512 Y50.6 E590.2902
G1 X108.116 Y50.6 E590.30337
G1 X108.112 Y79.4 E591.26126
G1 X110 Y79.4 E591.32406
M204 S2000
G0 F9000 X110 Y79.8
M204 S500
;TYPE:WALL-OUTER
G1 F1800 X112.284 Y79.8 E591.40002
G1 X112.284 Y50.2 E592.38452
G1 X111.484 Y50.2 E592.41113
G1 X111.364 Y50.161 E592.41533
G1 X111.284 Y50.018 E592.42078
G1 X111.284 Y40.2 E592.74733
G1 X108.712 Y40.2 E592.83287
G1 X108.712 Y50.018 E593.15942
G1 X108.632 Y50.161 E593.16487
G1 X108.512 Y50.2 E593.16907
G1 X107.716 Y50.2 E593.19554
G1 X107.712 Y79.8 E594.18004
G1 X110 Y79.8 E594.25614
M204 S2000
G0 F9000 X110 Y79.09
G0 X108.985 Y79.09
G0 X108.985 Y79.32
M204 S500
;TYPE:FILL
G1 F3600 X111.804 Y68.8 E594.61838
M204 S2000
G0 F9000 X111.574 Y68.8
G0 X111.574 Y67.777
G0 X111.803 Y67.777
M204 S500
G1 F3600 X108.194 Y68.744 E594.74265
M204 S2000
G0 F9000 X108.425 Y68.745
G0 X108.425 Y72.366
G0 X108.193 Y72.365
M204 S500
G1 F3600 X111.804 Y75.977 E594.91253
M204 S2000
G0 F9000 X111.574 Y75.977
G0 X111.574 Y73.988
G0 X111.803 Y73.988
M204 S500
G1 F3600 X108.193 Y74.956 E595.03684
M204 S2000
G0 F9000 X108.425 Y74.957
G0 X111.574 Y67.491
G0 X111.804 Y67.491
M204 S500
G1 F3600 X108.194 Y63.881 E595.20664
M204 S2000
G0 F9000 X108.425 Y63.882
G0 X108.425 Y62.533
G0 X108.194 Y62.532
M204 S500
G1 F3600 X111.803 Y61.565 E595.33091
M204 S2000
G0 F9000 X111.574 Y61.565
G0 X111.574 Y59.006
G0 X111.804 Y59.006
M204 S500
G1 F3600 X108.195 Y55.397 E595.50067
M204 S2000
G0 F9000 X108.195 Y56.32
M204 S500
G1 F3600 X111.803 Y55.353 E595.6249
M204 S2000
G0 F9000 X111.574 Y55.353
G0 X108.425 Y59.088
G0 X108.195 Y59.087
M204 S500
G1 F3600 X110.806 Y49.341 E595.96049
G1 X110.806 Y49.409
G1 X109.19 Y49.842 E596.01613
M204 S2000
G0 F9000 X109.424 Y49.843
G0 X110.575 Y49.524
G0 X110.807 Y49.524
M204 S500
G1 F3600 X109.189 Y47.906 E596.09224
M204 S2000
G0 F9000 X109.424 Y47.907
G0 X109.424 Y43.631
G0 X109.192 Y43.63
M204 S500
G1 F3600 X110.805 Y43.197 E596.14779
M204 S2000
G0 F9000 X110.575 Y43.197
G0 X110.575 Y41.036
G0 X110.804 Y41.036
M204 S500
G1 F3600 X110.449 Y40.681 E596.16448
M204 S2000
G0 F9000 X110.275 Y41.21
G1 F2400 E595.36448
;MESH:Weather_station_stand.STL(2)
G0 F9000 X111.061 Y50.424
G0 X112.138 Y49.347
G0 X113.037 Y49.347
G0 X116.85 Y50.426
G0 X117.945 Y50.426
G0 X118.788 Y79.09
G0 X118.788 Y79.4
M204 S500
;TYPE:WALL-INNER
G1 F2400 E596.16448
G1 F1800 X121.884 Y79.4 E596.26746
G1 X121.884 Y50.6 E597.22535
G1 X121.484 Y50.6 E597.23865
G1 X121.125 Y50.482 E597.25122
G1 X120.985 Y50.334 E597.258
G1 X120.886 Y50.053 E597.26791
G1 X120.884 Y40.6 E597.58232
G1 X119.112 Y40.6 E597.64125
G1 X119.11 Y50.053 E597.95566
G1 X119.011 Y50.334 E597.96557
G1 X118.872 Y50.482 E597.97232
G1 X118.512 Y50.6 E597.98492
G1 X118.116 Y50.6 E597.9981
G1 X118.112 Y79.4 E598.95599
G1 X118.788 Y79.4 E598.97847
M204 S2000
G0 F9000 X118.762 Y79.8
M204 S500
;TYPE:WALL-OUTER
G1 F1800 X122.284 Y79.8 E599.09561
G1 X122.284 Y50.2 E600.08011
G1 X121.484 Y50.2 E600.10672
G1 X121.364 Y50.161 E600.11092
G1 X121.284 Y50.018 E600.11637
G1 X121.284 Y40.2 E600.44292
G1 X118.712 Y40.2 E600.52846
G1 X118.712 Y50.018 E600.85501
G1 X118.632 Y50.161 E600.86046
G1 X118.512 Y50.2 E600.86466
G1 X117.716 Y50.2 E600.89113
G1 X117.712 Y79.8 E601.87563
G1 X118.762 Y79.8 E601.91055
M204 S2000
G0 F9000 X118.986 Y79.321
M204 S500
;TYPE:FILL
G1 F3600 X121.804 Y68.803 E602.27272
M204 S2000
G0 F9000 X121.574 Y68.803
G0 X121.574 Y67.776
G0 X121.803 Y67.776
M204 S500
G1 F3600 X118.194 Y68.743 E602.39699
M204 S2000
G0 F9000 X118.425 Y68.744
G0 X118.425 Y72.366
G0 X118.193 Y72.365
M204 S500
G1 F3600 X121.804 Y75.977 E602.56687
M204 S2000
G0 F9000 X121.574 Y75.977
G0 X121.574 Y73.988
G0 X121.804 Y73.988
M204 S500
G1 F3600 X118.193 Y74.955 E602.6912
M204 S2000
G0 F9000 X118.425 Y74.956
G0 X121.574 Y67.491
G0 X121.804 Y67.491
M204 S500
G1 F3600 X118.194 Y63.881 E602.861
M204 S2000
G0 F9000 X118.425 Y63.882
G0 X118.425 Y62.533
G0 X118.195 Y62.532
M204 S500
G1 F3600 X121.803 Y61.565 E602.98524
M204 S2000
G0 F9000 X121.574 Y61.565
G0 X121.574 Y59.006
G0 X121.804 Y59.006
M204 S500
G1 F3600 X118.195 Y55.397 E603.155
M204 S2000
G0 F9000 X118.196 Y56.32
M204 S500
G1 F3600 X121.804 Y55.353 E603.27924
M204 S2000
G0 F9000 X121.574 Y55.353
G0 X118.425 Y59.09
G0 X118.195 Y59.089
M204 S500
G1 F3600 X120.806 Y49.343 E603.61482
G1 X120.806 Y49.409
G1 X119.189 Y49.842 E603.6705
M204 S2000
G0 F9000 X119.424 Y49.843
G0 X120.575 Y49.524
G0 X120.807 Y49.524
M204 S500
G1 F3600 X119.189 Y47.906 E603.7466
M204 S2000
G0 F9000 X119.424 Y47.907
G0 X119.424 Y43.631
G0 X119.192 Y43.63
M204 S500
G1 F3600 X120.805 Y43.197 E603.80215
M204 S2000
G0 F9000 X120.575 Y43.197
G0 X120.575 Y41.036
G0 X120.804 Y41.036
M204 S500
G1 F3600 X120.449 Y40.681 E603.81885
M204 S2000
G0 F9000 X120.275 Y41.21
G1 F2400 E603.01885
;MESH:Weather_station_stand.STL(1)
G0 F9000 X118.425 Y79.57
G0 X118.425 Y80.665
G0 X117.862 Y89.347
G0 X117.861 Y99.347
G0 X118.425 Y100.43
G0 X118.425 Y129.12
G0 X118.236 Y129.4
M204 S500
;TYPE:WALL-INNER
G1 F2400 E603.81885
G1 F1800 X121.884 Y129.4 E603.94018
G1 X121.884 Y100.6 E604.89807
G1 X121.484 Y100.6 E604.91138
G1 X121.125 Y100.482 E604.92395
G1 X120.985 Y100.334 E604.93072
G1 X120.886 Y100.053 E604.94063
G1 X120.884 Y90.6 E605.25504
G1 X119.112 Y90.6 E605.31398
G1 X119.11 Y100.053 E605.62838
G1 X119.011 Y100.334 E605.63829
G1 X118.872 Y100.482 E605.64505
G1 X118.512 Y100.6 E605.65765
G1 X118.116 Y100.6 E605.67082
G1 X118.112 Y129.4 E606.62871
G1 X118.236 Y129.4 E606.63283
M204 S2000
G0 F9000 X118.2 Y129.8
M204 S500
;TYPE:WALL-OUTER
G1 F1800 X122.284 Y129.8 E606.76867
G1 X122.284 Y100.2 E607.75317
G1 X121.484 Y100.2 E607.77978
G1 X121.364 Y100.161 E607.78397
G1 X121.284 Y100.018 E607.78942
G1 X121.284 Y90.2 E608.11597
G1 X118.712 Y90.2 E608.20152
G1 X118.712 Y100.018 E608.52806
G1 X118.632 Y100.161 E608.53351
G1 X118.512 Y100.2 E608.53771
G1 X117.716 Y100.2 E608.56419
G1 X117.712 Y129.8 E609.54869
G1 X118.2 Y129.8 E609.56492
M204 S2000
G0 F9000 X118.986 Y129.32
M204 S500
;TYPE:FILL
G1 F3600 X121.804 Y118.802 E609.92709
M204 S2000
G0 F9000 X121.574 Y118.802
G0 X121.574 Y117.777
G0 X121.803 Y117.777
M204 S500
G1 F3600 X118.194 Y118.744 E610.05136
M204 S2000
G0 F9000 X118.425 Y118.745
G0 X118.425 Y122.365
G0 X118.192 Y122.364
M204 S500
G1 F3600 X121.804 Y125.976 E610.22125
M204 S2000
G0 F9000 X121.574 Y125.976
G0 X121.574 Y123.989
G0 X121.804 Y123.989
M204 S500
G1 F3600 X118.193 Y124.956 E610.34559
M204 S2000
G0 F9000 X118.425 Y124.957
G0 X121.574 Y117.491
G0 X121.804 Y117.491
M204 S500
G1 F3600 X118.194 Y113.88 E610.51541
M204 S2000
G0 F9000 X118.425 Y113.881
G0 X118.425 Y112.533
G0 X118.195 Y112.532
M204 S500
G1 F3600 X121.804 Y111.565 E610.63968
M204 S2000
G0 F9000 X121.574 Y111.565
G0 X121.574 Y109.005
G0 X121.804 Y109.005
M204 S500
G1 F3600 X118.195 Y105.396 E610.80944
M204 S2000
G0 F9000 X118.196 Y106.32
M204 S500
G1 F3600 X121.804 Y105.354 E610.93367
M204 S2000
G0 F9000 X121.574 Y105.354
G0 X118.425 Y109.092
G0 X118.195 Y109.091
M204 S500
G1 F3600 X120.806 Y99.344 E611.26929
G1 X120.806 Y99.409
G1 X119.189 Y99.843 E611.32497
M204 S2000
G0 F9000 X119.424 Y99.844
G0 X120.575 Y99.522
G0 X120.806 Y99.522
M204 S500
G1 F3600 X119.189 Y97.905 E611.40103
M204 S2000
G0 F9000 X119.424 Y97.906
G0 X119.424 Y93.631
G0 X119.192 Y93.63
M204 S500
G1 F3600 X120.805 Y93.198 E611.45657
M204 S2000
G0 F9000 X120.575 Y93.198
G0 X120.575 Y91.036
G0 X120.805 Y91.036
M204 S500
G1 F3600 X120.449 Y90.68 E611.47331
M204 S2000
G0 F9000 X120.275 Y91.21
G1 F2400 E610.67331
;MESH:Weather_station_stand.STL
G0 F9000 X117.945 Y129.092
G0 X116.85 Y129.092
G0 X113.149 Y129.092
G0 X112.054 Y129.092
G0 X110 Y129.09
G0 X110 Y129.4
M204 S500
;TYPE:WALL-INNER
G1 F2400 E611.47331
G1 F1800 X111.884 Y129.4 E611.53598
G1 X111.884 Y100.6 E612.49387
G1 X111.484 Y100.6 E612.50717
G1 X111.125 Y100.482 E612.51974
G1 X110.985 Y100.334 E612.52652
G1 X110.886 Y100.053 E612.53643
G1 X110.884 Y90.6 E612.85083
G1 X109.112 Y90.6 E612.90977
G1 X109.11 Y100.053 E613.22418
G1 X109.011 Y100.334 E613.23409
G1 X108.872 Y100.482 E613.24084
G1 X108.512 Y100.6 E613.25344
G1 X108.116 Y100.6 E613.26661
G1 X108.112 Y129.4 E614.2245
G1 X110 Y129.4 E614.2873
M204 S2000
G0 F9000 X110 Y129.8
M204 S500
;TYPE:WALL-OUTER
G1 F1800 X112.284 Y129.8 E614.36327
G1 X112.284 Y100.2 E615.34777
G1 X111.484 Y100.2 E615.37437
G1 X111.364 Y100.161 E615.37857
G1 X111.284 Y100.018 E615.38402
G1 X111.284 Y90.2 E615.71057
G1 X108.712 Y90.2 E615.79611
G1 X108.712 Y100.018 E616.12266
G1 X108.632 Y100.161 E616.12811
G1 X108.512 Y100.2 E616.13231
G1 X107.716 Y100.2 E616.15878
G1 X107.712 Y129.8 E617.14328
G1 X110 Y129.8 E617.21938
M204 S2000
G0 F9000 X110 Y129.09
G0 X108.985 Y129.09
G0 X108.985 Y129.32
M204 S500
;TYPE:FILL
G1 F3600 X111.804 Y118.8 E617.58162
M204 S2000
G0 F9000 X111.574 Y118.8
G0 X111.574 Y117.776
G0 X111.803 Y117.776
M204 S500
G1 F3600 X108.194 Y118.743 E617.70589
M204 S2000
G0 F9000 X108.425 Y118.744
G0 X108.425 Y122.365
G0 X108.192 Y122.364
M204 S500
G1 F3600 X111.804 Y125.976 E617.87579
M204 S2000
G0 F9000 X111.574 Y125.976
G0 X111.574 Y123.988
G0 X111.804 Y123.988
M204 S500
G1 F3600 X108.193 Y124.955 E618.00013
M204 S2000
G0 F9000 X108.425 Y124.956
G0 X111.574 Y117.491
G0 X111.804 Y117.491
M204 S500
G1 F3600 X108.194 Y113.88 E618.16995
M204 S2000
G0 F9000 X108.425 Y113.881
G0 X108.425 Y112.533
G0 X108.195 Y112.532
M204 S500
G1 F3600 X111.804 Y111.565 E618.29422
M204 S2000
G0 F9000 X111.574 Y111.565
G0 X111.574 Y109.005
G0 X111.804 Y109.005
M204 S500
G1 F3600 X108.195 Y105.396 E618.46398
M204 S2000
G0 F9000 X108.195 Y106.32
M204 S500
G1 F3600 X111.803 Y105.353 E618.58822
M204 S2000
G0 F9000 X111.574 Y105.353
G0 X108.425 Y109.088
G0 X108.195 Y109.087
M204 S500
G1 F3600 X110.806 Y99.341 E618.9238
G1 X110.805 Y99.409
G1 X109.189 Y99.842 E618.97945
M204 S2000
G0 F9000 X109.424 Y99.843
G0 X110.575 Y99.522
G0 X110.806 Y99.522
M204 S500
G1 F3600 X109.189 Y97.905 E619.0555
M204 S2000
G0 F9000 X109.424 Y97.906
G0 X109.424 Y93.63
G0 X109.192 Y93.629
M204 S500
G1 F3600 X110.805 Y93.197 E619.11104
M204 S2000
G0 F9000 X110.575 Y93.197
G0 X110.575 Y91.036
G0 X110.805 Y91.036
M204 S500
G1 F3600 X110.449 Y90.68 E619.12779
M204 S2000
G0 F9000 X110.275 Y91.21
G1 F2400 E618.32779
;MESH:NONMESH
G0 F300 Z3
G0 F9000 X110 Y90.43
G0 X110 Y89.335
G0 X110 Y80.665
G0 X110 Y79.57
G0 X110 Y79.09
G0 X110 Y79.4
;TIME_ELAPSED:880.098228
;LAYER:14
M204 S500
;TYPE:WALL-INNER
;MESH:Weather_station_stand.STL(3)
G1 F2400 E619.12779
G1 F1800 X111.86 Y79.4 E619.18965
G1 X111.86 Y50.6 E620.14754
G1 X111.44 Y50.6 E620.16151
G1 X111.088 Y50.487 E620.17381
G1 X110.946 Y50.342 E620.18056
G1 X110.842 Y50.053 E620.19078
G1 X110.84 Y40.6 E620.50518
G1 X109.156 Y40.6 E620.56119
G1 X109.154 Y50.053 E620.8756
G1 X109.05 Y50.342 E620.88582
G1 X108.908 Y50.487 E620.89257
G1 X108.556 Y50.6 E620.90486
G1 X108.136 Y50.6 E620.91883
G1 X108.136 Y79.4 E621.87672
G1 X110 Y79.4 E621.93872
M204 S2000
G0 F9000 X110 Y79.8
M204 S500
;TYPE:WALL-OUTER
G1 F1800 X112.26 Y79.8 E622.01389
G1 X112.26 Y50.2 E622.99839
G1 X111.44 Y50.2 E623.02566
G1 X111.322 Y50.163 E623.02978
G1 X111.24 Y50.018 E623.03532
G1 X111.24 Y40.2 E623.36186
G1 X108.756 Y40.2 E623.44448
G1 X108.756 Y50.018 E623.77103
G1 X108.674 Y50.163 E623.77657
G1 X108.556 Y50.2 E623.78068
G1 X107.736 Y50.2 E623.80796
G1 X107.736 Y79.8 E624.79246
G1 X110 Y79.8 E624.86776
M204 S2000
G0 F9000 X110 Y79.09
G0 X108.838 Y79.09
G0 X108.838 Y79.32
M204 S500
;TYPE:FILL
G1 F3600 X111.78 Y68.34 E625.24584
M204 S2000
G0 F9000 X111.779 Y67.93
M204 S500
G1 F3600 X108.216 Y68.885 E625.36853
M204 S2000
G0 F9000 X108.448 Y68.886
G0 X108.448 Y72.188
G0 X108.216 Y72.187
M204 S500
G1 F3600 X111.78 Y75.752 E625.53619
M204 S2000
G0 F9000 X111.552 Y75.751
G0 X111.552 Y74.141
G0 X111.78 Y74.142
M204 S500
G1 F3600 X108.217 Y75.096 E625.65887
M204 S2000
G0 F9000 X108.448 Y75.097
G0 X111.552 Y67.265
G0 X111.78 Y67.266
M204 S500
G1 F3600 X108.216 Y63.702 E625.82651
M204 S2000
G0 F9000 X108.448 Y63.703
G0 X108.448 Y62.674
G0 X108.216 Y62.673
M204 S500
G1 F3600 X111.78 Y61.718 E625.94923
M204 S2000
G0 F9000 X111.552 Y61.717
G0 X111.552 Y58.78
G0 X111.78 Y58.781
M204 S500
G1 F3600 X108.216 Y55.217 E626.11687
M204 S2000
G0 F9000 X108.448 Y55.218
G0 X108.448 Y56.462
G0 X108.217 Y56.461
M204 S500
G1 F3600 X111.779 Y55.507 E626.23952
M204 S2000
G0 F9000 X111.552 Y55.506
G0 X108.448 Y58.459
G0 X108.216 Y58.458
M204 S500
G1 F3600 X110.277 Y50.769 E626.50428
M204 S2000
G0 F9000 X110.455 Y50.104
M204 S500
G1 F3600 X110.761 Y48.959 E626.5437
M204 S2000
G0 F9000 X110.449 Y48.965
M204 S500
G1 F3600 X110.762 Y49.278 E626.55842
M204 S2000
G0 F9000 X110.762 Y49.568
M204 S500
G1 F3600 X110.45 Y49.651 E626.56916
M204 S2000
G0 F9000 X109.545 Y49.894
M204 S500
G1 F3600 X109.235 Y49.977 E626.57984
M204 S2000
G0 F9000 X109.467 Y49.978
G0 X109.548 Y48.063
M204 S500
G1 F3600 X109.234 Y47.75 E626.59458
M204 S2000
G0 F9000 X109.467 Y47.751
G0 X109.467 Y43.766
G0 X109.235 Y43.765
M204 S500
G1 F3600 X109.549 Y43.681 E626.60539
M204 S2000
G0 F9000 X110.45 Y43.44
M204 S500
G1 F3600 X110.761 Y43.356 E626.61611
M204 S2000
G0 F9000 X110.532 Y43.356
G0 X110.562 Y40.88
G0 X110.76 Y40.791
M204 S500
G1 F3600 X110.65 Y40.681 E626.62128
M204 S2000
G0 F9000 X110.452 Y40.88
M204 S500
G1 F900 X109.435 Y41.897 E626.64998
M204 S2000
G0 F9000 X109.435 Y42.462
M204 S500
G1 F900 X110.56 Y41.338 E626.68172
M204 S2000
G0 F9000 X110.56 Y41.904
M204 S500
G1 F900 X109.435 Y43.028 E626.71346
M204 S2000
G0 F9000 X109.435 Y43.594
M204 S500
G1 F900 X110.56 Y42.47 E626.74519
M204 S2000
G0 F9000 X110.56 Y43.035
M204 S500
G1 F900 X109.435 Y44.16 E626.77694
M204 S2000
G0 F9000 X109.435 Y44.725
M204 S500
G1 F900 X110.56 Y43.601 E626.80868
M204 S2000
G0 F9000 X110.56 Y44.166
M204 S500
G1 F900 X109.435 Y45.291 E626.84043
M204 S2000
G0 F9000 X109.435 Y45.857
M204 S500
G1 F900 X110.56 Y44.732 E626.87218
M204 S2000
G0 F9000 X110.56 Y45.297
M204 S500
G1 F900 X109.435 Y46.423 E626.90394
M204 S2000
G0 F9000 X109.435 Y46.989
M204 S500
G1 F900 X110.56 Y45.863 E626.9357
M204 S2000
G0 F9000 X110.56 Y46.429
M204 S500
G1 F900 X109.435 Y47.554 E626.96745
M204 S2000
G0 F9000 X109.435 Y48.12
M204 S500
G1 F900 X110.56 Y46.994 E626.99922
M204 S2000
G0 F9000 X110.561 Y47.559
M204 S500
G1 F900 X109.435 Y48.686 E627.03101
M204 S2000
G0 F9000 X109.435 Y49.251
M204 S500
G1 F900 X110.561 Y48.125 E627.06279
M204 S2000
G0 F9000 X110.561 Y48.691
M204 S500
G1 F900 X109.435 Y49.817 E627.09457
M204 S2000
G0 F9000 X109.467 Y49.817
G0 X110.532 Y49.822
G0 X110.561 Y49.822
M204 S500
G1 F900 X108.416 Y51.967 E627.1551
M204 S2000
G0 F9000 X108.416 Y52.532
M204 S500
G1 F900 X110.642 Y50.306 E627.21793
M204 S2000
G0 F9000 X110.862 Y50.653
M204 S500
G1 F900 X110.305 Y51.209 E627.23363
M204 S2000
G0 F9000 X108.448 Y51.401
G0 X108.416 Y51.401
M204 S500
G1 F900 X110.561 Y49.256 E627.29417
M204 S2000
G0 F9000 X110.532 Y49.256
G0 X109.467 Y41.331
G0 X109.435 Y41.331
M204 S500
G1 F900 X109.887 Y40.88 E627.30691
M204 S2000
G0 F9000 X109.887 Y41.21
G1 F2400 E626.50691
;MESH:Weather_station_stand.STL(2)
G0 F9000 X112.032 Y79.088
G0 X113.127 Y79.088
G0 X116.873 Y79.09
G0 X117.968 Y79.09
G0 X118.788 Y79.09
G0 X118.788 Y79.4
M204 S500
;TYPE:WALL-INNER
G1 F2400 E627.30691
G1 F1800 X121.86 Y79.4 E627.40909
G1 X121.86 Y50.6 E628.36698
G1 X121.44 Y50.6 E628.38095
G1 X121.088 Y50.487 E628.39324
G1 X120.946 Y50.342 E628.39999
G1 X120.842 Y50.053 E628.41021
G1 X120.84 Y40.6 E628.72462
G1 X119.156 Y40.6 E628.78063
G1 X119.154 Y50.053 E629.09504
G1 X119.05 Y50.342 E629.10525
G1 X118.908 Y50.487 E629.112
G1 X118.556 Y50.6 E629.1243
G1 X118.136 Y50.6 E629.13827
G1 X118.136 Y79.4 E630.09616
G1 X118.788 Y79.4 E630.11784
M204 S2000
G0 F9000 X118.762 Y79.8
M204 S500
;TYPE:WALL-OUTER
G1 F1800 X122.26 Y79.8 E630.23419
G1 X122.26 Y50.2 E631.21869
G1 X121.44 Y50.2 E631.24596
G1 X121.322 Y50.163 E631.25007
G1 X121.24 Y50.018 E631.25561
G1 X121.24 Y40.2 E631.58216
G1 X118.756 Y40.2 E631.66478
G1 X118.756 Y50.018 E631.99133
G1 X118.674 Y50.163 E631.99687
G1 X118.556 Y50.2 E632.00098
G1 X117.736 Y50.2 E632.02826
G1 X117.736 Y79.8 E633.01276
G1 X118.762 Y79.8 E633.04688
M204 S2000
G0 F9000 X118.839 Y79.32
M204 S500
;TYPE:FILL
G1 F3600 X121.78 Y68.344 E633.42482
M204 S2000
G0 F9000 X121.779 Y67.93
M204 S500
G1 F3600 X118.217 Y68.884 E633.54747
M204 S2000
G0 F9000 X118.448 Y68.885
G0 X118.448 Y72.189
G0 X118.216 Y72.188
M204 S500
G1 F3600 X121.78 Y75.752 E633.71511
M204 S2000
G0 F9000 X121.552 Y75.751
G0 X121.552 Y74.14
G0 X121.78 Y74.141
M204 S500
G1 F3600 X118.216 Y75.096 E633.83783
M204 S2000
G0 F9000 X118.448 Y75.097
G0 X121.552 Y67.265
G0 X121.78 Y67.266
M204 S500
G1 F3600 X118.216 Y63.703 E634.00545
M204 S2000
G0 F9000 X118.448 Y63.704
G0 X118.448 Y62.674
G0 X118.216 Y62.673
M204 S500
G1 F3600 X121.779 Y61.718 E634.12814
M204 S2000
G0 F9000 X121.552 Y61.717
G0 X121.552 Y58.78
G0 X121.78 Y58.781
M204 S500
G1 F3600 X118.216 Y55.217 E634.29578
M204 S2000
G0 F9000 X118.448 Y55.218
G0 X118.448 Y56.462
G0 X118.216 Y56.461
M204 S500
G1 F3600 X121.779 Y55.507 E634.41846
M204 S2000
G0 F9000 X121.552 Y55.506
G0 X118.448 Y58.463
G0 X118.216 Y58.462
M204 S500
G1 F3600 X120.277 Y50.769 E634.68335
M204 S2000
G0 F9000 X120.455 Y50.105
M204 S500
G1 F3600 X120.762 Y48.96 E634.72278
M204 S2000
G0 F9000 X120.449 Y48.965
M204 S500
G1 F3600 X120.762 Y49.278 E634.7375
M204 S2000
G0 F9000 X120.762 Y49.567
M204 S500
G1 F3600 X120.451 Y49.651 E634.74821
M204 S2000
G0 F9000 X119.546 Y49.893
M204 S500
G1 F3600 X119.235 Y49.977 E634.75893
M204 S2000
G0 F9000 X119.467 Y49.978
G0 X119.548 Y48.063
M204 S500
G1 F3600 X119.234 Y47.75 E634.77367
M204 S2000
G0 F9000 X119.467 Y47.751
G0 X119.467 Y43.766
G0 X119.236 Y43.765
M204 S500
G1 F3600 X119.55 Y43.681 E634.78449
M204 S2000
G0 F9000 X120.449 Y43.44
M204 S500
G1 F3600 X120.76 Y43.356 E634.7952
M204 S2000
G0 F9000 X120.532 Y43.356
G0 X120.562 Y40.88
G0 X120.76 Y40.791
M204 S500
G1 F3600 X120.65 Y40.681 E634.80037
M204 S2000
G0 F9000 X120.452 Y40.88
M204 S500
G1 F900 X119.436 Y41.896 E634.82905
M204 S2000
G0 F9000 X119.436 Y42.462
M204 S500
G1 F900 X120.56 Y41.338 E634.86077
M204 S2000
G0 F9000 X120.56 Y41.904
M204 S500
G1 F900 X119.436 Y43.027 E634.89248
M204 S2000
G0 F9000 X119.436 Y43.593
M204 S500
G1 F900 X120.56 Y42.47 E634.92418
M204 S2000
G0 F9000 X120.56 Y43.035
M204 S500
G1 F900 X119.435 Y44.16 E634.95593
M204 S2000
G0 F9000 X119.435 Y44.725
M204 S500
G1 F900 X120.56 Y43.601 E634.98767
M204 S2000
G0 F9000 X120.56 Y44.166
M204 S500
G1 F900 X119.435 Y45.291 E635.01942
M204 S2000
G0 F9000 X119.435 Y45.857
M204 S500
G1 F900 X120.56 Y44.732 E635.05117
M204 S2000
G0 F9000 X120.56 Y45.297
M204 S500
G1 F900 X119.435 Y46.422 E635.08292
M204 S2000
G0 F9000 X119.435 Y46.988
M204 S500
G1 F900 X120.56 Y45.863 E635.11467
M204 S2000
G0 F9000 X120.56 Y46.429
M204 S500
G1 F900 X119.435 Y47.554 E635.14642
M204 S2000
G0 F9000 X119.435 Y48.12
M204 S500
G1 F900 X120.56 Y46.994 E635.17818
M204 S2000
G0 F9000 X120.561 Y47.559
M204 S500
G1 F900 X119.435 Y48.686 E635.20998
M204 S2000
G0 F9000 X119.435 Y49.251
M204 S500
G1 F900 X120.561 Y48.125 E635.24175
M204 S2000
G0 F9000 X120.561 Y48.691
M204 S500
G1 F900 X119.435 Y49.817 E635.27353
M204 S2000
G0 F9000 X119.467 Y49.817
G0 X120.532 Y49.822
G0 X120.561 Y49.822
M204 S500
G1 F900 X118.416 Y51.967 E635.33407
M204 S2000
G0 F9000 X118.416 Y52.532
M204 S500
G1 F900 X120.642 Y50.306 E635.39689
M204 S2000
G0 F9000 X120.862 Y50.653
M204 S500
G1 F900 X120.307 Y51.207 E635.41254
M204 S2000
G0 F9000 X118.448 Y51.401
G0 X118.416 Y51.401
M204 S500
G1 F900 X120.561 Y49.256 E635.47308
M204 S2000
G0 F9000 X120.532 Y49.256
G0 X119.467 Y41.33
G0 X119.436 Y41.33
M204 S500
G1 F900 X119.886 Y40.88 E635.48578
M204 S2000
G0 F9000 X119.886 Y41.21
G1 F2400 E634.68578
;MESH:Weather_station_stand.STL(1)
G0 F9000 X118.448 Y79.57
G0 X118.448 Y80.665
G0 X117.905 Y89.347
G0 X117.904 Y99.347
G0 X118.448 Y100.43
G0 X118.448 Y129.12
G0 X118.236 Y129.4
M204 S500
;TYPE:WALL-INNER
G1 F2400 E635.48578
G1 F1800 X121.86 Y129.4 E635.60631
G1 X121.86 Y100.6 E636.5642
G1 X121.44 Y100.6 E636.57817
G1 X121.088 Y100.487 E636.59047
G1 X120.946 Y100.342 E636.59722
G1 X120.842 Y100.053 E636.60744
G1 X120.84 Y90.6 E636.92184
G1 X119.156 Y90.6 E636.97785
G1 X119.154 Y100.053 E637.29226
G1 X119.05 Y100.342 E637.30248
G1 X118.908 Y100.487 E637.30923
G1 X118.556 Y100.6 E637.32152
G1 X118.136 Y100.6 E637.33549
G1 X118.136 Y129.4 E638.29338
G1 X118.236 Y129.4 E638.29671
M204 S2000
G0 F9000 X118.2 Y129.8
M204 S500
;TYPE:WALL-OUTER
G1 F1800 X122.26 Y129.8 E638.43175
G1 X122.26 Y100.2 E639.41625
G1 X121.44 Y100.2 E639.44352
G1 X121.322 Y100.163 E639.44763
G1 X121.24 Y100.018 E639.45317
G1 X121.24 Y90.2 E639.77972
G1 X118.756 Y90.2 E639.86234
G1 X118.756 Y100.018 E640.18889
G1 X118.674 Y100.163 E640.19443
G1 X118.556 Y100.2 E640.19854
G1 X117.736 Y100.2 E640.22581
G1 X117.736 Y129.8 E641.21031
G1 X118.2 Y129.8 E641.22575
M204 S2000
G0 F9000 X118.839 Y129.32
M204 S500
;TYPE:FILL
G1 F3600 X121.78 Y118.344 E641.60369
M204 S2000
G0 F9000 X121.78 Y117.93
M204 S500
G1 F3600 X118.216 Y118.885 E641.72641
M204 S2000
G0 F9000 X118.448 Y118.886
G0 X118.448 Y122.188
G0 X118.216 Y122.187
M204 S500
G1 F3600 X121.78 Y125.751 E641.89405
M204 S2000
G0 F9000 X121.552 Y125.75
G0 X121.552 Y124.141
G0 X121.78 Y124.142
M204 S500
G1 F3600 X118.217 Y125.097 E642.01674
M204 S2000
G0 F9000 X118.448 Y125.098
G0 X121.552 Y117.265
G0 X121.78 Y117.266
M204 S500
G1 F3600 X118.216 Y113.701 E642.1844
M204 S2000
G0 F9000 X118.448 Y113.702
G0 X118.448 Y112.675
G0 X118.216 Y112.674
M204 S500
G1 F3600 X121.78 Y111.719 E642.30712
M204 S2000
G0 F9000 X121.552 Y111.718
G0 X121.552 Y108.78
G0 X121.78 Y108.781
M204 S500
G1 F3600 X118.216 Y105.216 E642.47479
M204 S2000
G0 F9000 X118.448 Y105.217
G0 X118.448 Y106.463
G0 X118.217 Y106.462
M204 S500
G1 F3600 X121.78 Y105.507 E642.59747
M204 S2000
G0 F9000 X121.552 Y105.506
G0 X118.448 Y108.462
G0 X118.216 Y108.461
M204 S500
G1 F3600 X120.277 Y100.77 E642.8623
M204 S2000
G0 F9000 X120.455 Y100.106
M204 S500
G1 F3600 X120.761 Y98.962 E642.90169
M204 S2000
G0 F9000 X120.449 Y98.965
M204 S500
G1 F3600 X120.762 Y99.277 E642.91639
M204 S2000
G0 F9000 X120.761 Y99.568
M204 S500
G1 F3600 X120.451 Y99.652 E642.92707
M204 S2000
G0 F9000 X119.546 Y99.894
M204 S500
G1 F3600 X119.235 Y99.977 E642.93778
M204 S2000
G0 F9000 X119.467 Y99.978
G0 X119.547 Y98.062
M204 S500
G1 F3600 X119.234 Y97.75 E642.95248
M204 S2000
G0 F9000 X119.467 Y97.751
G0 X119.467 Y93.767
G0 X119.235 Y93.766
M204 S500
G1 F3600 X119.55 Y93.681 E642.96333
M204 S2000
G0 F9000 X120.449 Y93.44
M204 S500
G1 F3600 X120.759 Y93.357 E642.974
M204 S2000
G0 F9000 X120.532 Y93.357
G0 X120.562 Y90.88
G0 X120.761 Y90.791
M204 S500
G1 F3600 X120.65 Y90.68 E642.97922
M204 S2000
G0 F9000 X120.451 Y90.88
M204 S500
G1 F900 X119.436 Y91.896 E643.00788
M204 S2000
G0 F9000 X119.436 Y92.461
M204 S500
G1 F900 X120.56 Y91.337 E643.03961
M204 S2000
G0 F9000 X120.56 Y91.903
M204 S500
G1 F900 X119.436 Y93.027 E643.07133
M204 S2000
G0 F9000 X119.436 Y93.593
M204 S500
G1 F900 X120.56 Y92.468 E643.10306
M204 S2000
G0 F9000 X120.56 Y93.034
M204 S500
G1 F900 X119.436 Y94.158 E643.13478
M204 S2000
G0 F9000 X119.436 Y94.724
M204 S500
G1 F900 X120.56 Y93.6 E643.16651
M204 S2000
G0 F9000 X120.56 Y94.165
M204 S500
G1 F900 X119.436 Y95.29 E643.19824
M204 S2000
G0 F9000 X119.435 Y95.856
M204 S500
G1 F900 X120.56 Y94.731 E643.22999
M204 S2000
G0 F9000 X120.56 Y95.297
M204 S500
G1 F900 X119.435 Y96.422 E643.26174
M204 S2000
G0 F9000 X119.435 Y96.987
M204 S500
G1 F900 X120.561 Y95.862 E643.29351
M204 S2000
G0 F9000 X120.561 Y96.427
M204 S500
G1 F900 X119.435 Y97.553 E643.32528
M204 S2000
G0 F9000 X119.435 Y98.119
M204 S500
G1 F900 X120.561 Y96.993 E643.35706
M204 S2000
G0 F9000 X120.561 Y97.559
M204 S500
G1 F900 X119.435 Y98.685 E643.38884
M204 S2000
G0 F9000 X119.435 Y99.25
M204 S500
G1 F900 X120.561 Y98.125 E643.4206
M204 S2000
G0 F9000 X120.561 Y98.69
M204 S500
G1 F900 X119.435 Y99.816 E643.45238
M204 S2000
G0 F9000 X119.467 Y99.816
G0 X120.532 Y99.822
G0 X120.561 Y99.822
M204 S500
G1 F900 X118.416 Y101.966 E643.5129
M204 S2000
G0 F9000 X118.416 Y101.401
M204 S500
G1 F900 X120.561 Y99.256 E643.57344
M204 S2000
G0 F9000 X120.532 Y99.256
G0 X120.532 Y100.306
G0 X120.642 Y100.306
M204 S500
G1 F900 X118.416 Y102.532 E643.63626
M204 S2000
G0 F9000 X118.448 Y102.532
G0 X120.308 Y101.206
M204 S500
G1 F900 X120.862 Y100.652 E643.6519
M204 S2000
G0 F9000 X120.862 Y100.91
G0 X119.467 Y91.33
G0 X119.436 Y91.33
M204 S500
G1 F900 X119.886 Y90.88 E643.6646
M204 S2000
G0 F9000 X119.886 Y91.21
G1 F2400 E642.8646
;MESH:Weather_station_stand.STL
G0 F9000 X118.981 Y100.424
G0 X117.904 Y99.347
G0 X116.988 Y99.347
G0 X113.127 Y100.422
G0 X112.032 Y100.422
G0 X110 Y129.09
G0 X110 Y129.4
M204 S500
;TYPE:WALL-INNER
G1 F2400 E643.6646
G1 F1800 X111.86 Y129.4 E643.72646
G1 X111.86 Y100.6 E644.68435
G1 X111.44 Y100.6 E644.69832
G1 X111.088 Y100.487 E644.71062
G1 X110.946 Y100.342 E644.71737
G1 X110.842 Y100.053 E644.72759
G1 X110.84 Y90.6 E645.04199
G1 X109.156 Y90.6 E645.098
G1 X109.154 Y100.053 E645.41241
G1 X109.05 Y100.342 E645.42263
G1 X108.908 Y100.487 E645.42938
G1 X108.556 Y100.6 E645.44167
G1 X108.136 Y100.6 E645.45564
G1 X108.136 Y129.4 E646.41353
G1 X110 Y129.4 E646.47553
M204 S2000
G0 F9000 X110 Y129.8
M204 S500
;TYPE:WALL-OUTER
G1 F1800 X112.26 Y129.8 E646.5507
G1 X112.26 Y100.2 E647.5352
G1 X111.44 Y100.2 E647.56247
G1 X111.322 Y100.163 E647.56659
G1 X111.24 Y100.018 E647.57213
G1 X111.24 Y90.2 E647.89867
G1 X108.756 Y90.2 E647.98129
G1 X108.756 Y100.018 E648.30784
G1 X108.674 Y100.163 E648.31338
G1 X108.556 Y100.2 E648.31749
G1 X107.736 Y100.2 E648.34477
G1 X107.736 Y129.8 E649.32927
G1 X110 Y129.8 E649.40457
M204 S2000
G0 F9000 X110 Y129.09
G0 X108.838 Y129.09
G0 X108.838 Y129.321
M204 S500
;TYPE:FILL
G1 F3600 X111.78 Y118.341 E649.78265
M204 S2000
G0 F9000 X111.779 Y117.93
M204 S500
G1 F3600 X108.217 Y118.884 E649.9053
M204 S2000
G0 F9000 X108.448 Y118.885
G0 X108.448 Y122.188
G0 X108.216 Y122.187
M204 S500
G1 F3600 X111.78 Y125.751 E650.07293
M204 S2000
G0 F9000 X111.552 Y125.75
G0 X111.552 Y124.14
G0 X111.78 Y124.141
M204 S500
G1 F3600 X108.217 Y125.096 E650.19562
M204 S2000
G0 F9000 X108.448 Y125.097
G0 X111.552 Y117.265
G0 X111.78 Y117.266
M204 S500
G1 F3600 X108.216 Y113.701 E650.36329
M204 S2000
G0 F9000 X108.448 Y113.702
G0 X108.448 Y112.674
G0 X108.216 Y112.673
M204 S500
G1 F3600 X111.78 Y111.718 E650.48601
M204 S2000
G0 F9000 X111.552 Y111.717
G0 X111.552 Y108.78
G0 X111.78 Y108.781
M204 S500
G1 F3600 X108.216 Y105.216 E650.65367
M204 S2000
G0 F9000 X108.448 Y105.217
G0 X108.448 Y106.462
G0 X108.217 Y106.461
M204 S500
G1 F3600 X111.779 Y105.507 E650.77632
M204 S2000
G0 F9000 X111.552 Y105.506
G0 X108.448 Y108.459
G0 X108.216 Y108.458
M204 S500
G1 F3600 X110.277 Y100.768 E651.04112
M204 S2000
G0 F9000 X110.454 Y100.106
M204 S500
G1 F3600 X110.761 Y98.96 E651.08058
M204 S2000
G0 F9000 X110.449 Y98.965
M204 S500
G1 F3600 X110.762 Y99.277 E651.09528
M204 S2000
G0 F9000 X110.762 Y99.567
M204 S500
G1 F3600 X110.451 Y99.651 E651.10599
M204 S2000
G0 F9000 X109.545 Y99.893
M204 S500
G1 F3600 X109.235 Y99.977 E651.11667
M204 S2000
G0 F9000 X109.467 Y99.978
G0 X109.547 Y98.062
M204 S500
G1 F3600 X109.234 Y97.749 E651.13139
M204 S2000
G0 F9000 X109.467 Y97.75
G0 X109.467 Y93.766
G0 X109.236 Y93.765
M204 S500
G1 F3600 X109.549 Y93.681 E651.14217
M204 S2000
G0 F9000 X110.449 Y93.439
M204 S500
G1 F3600 X110.76 Y93.356 E651.15288
M204 S2000
G0 F9000 X110.532 Y93.356
G0 X110.562 Y90.88
G0 X110.761 Y90.791
M204 S500
G1 F3600 X110.65 Y90.68 E651.1581
M204 S2000
G0 F9000 X110.451 Y90.88
M204 S500
G1 F900 X109.436 Y91.896 E651.18676
M204 S2000
G0 F9000 X109.436 Y92.461
M204 S500
G1 F900 X110.56 Y91.337 E651.21848
M204 S2000
G0 F9000 X110.56 Y91.903
M204 S500
G1 F900 X109.436 Y93.027 E651.2502
M204 S2000
G0 F9000 X109.436 Y93.593
M204 S500
G1 F900 X110.56 Y92.468 E651.28194
M204 S2000
G0 F9000 X110.56 Y93.034
M204 S500
G1 F900 X109.435 Y94.159 E651.31369
M204 S2000
G0 F9000 X109.435 Y94.725
M204 S500
G1 F900 X110.56 Y93.6 E651.34544
M204 S2000
G0 F9000 X110.56 Y94.165
M204 S500
G1 F900 X109.435 Y95.29 E651.37719
M204 S2000
G0 F9000 X109.435 Y95.856
M204 S500
G1 F900 X110.56 Y94.731 E651.40894
M204 S2000
G0 F9000 X110.56 Y95.297
M204 S500
G1 F900 X109.435 Y96.422 E651.44069
M204 S2000
G0 F9000 X109.435 Y96.987
M204 S500
G1 F900 X110.561 Y95.862 E651.47245
M204 S2000
G0 F9000 X110.561 Y96.427
M204 S500
G1 F900 X109.435 Y97.554 E651.50425
M204 S2000
G0 F9000 X109.435 Y98.12
M204 S500
G1 F900 X110.561 Y96.993 E651.53604
M204 S2000
G0 F9000 X110.561 Y97.559
M204 S500
G1 F900 X109.435 Y98.685 E651.56782
M204 S2000
G0 F9000 X109.435 Y99.251
M204 S500
G1 F900 X110.561 Y98.125 E651.59959
M204 S2000
G0 F9000 X110.561 Y98.69
M204 S500
G1 F900 X109.435 Y99.817 E651.63139
M204 S2000
G0 F9000 X109.467 Y99.817
G0 X110.532 Y99.822
G0 X110.561 Y99.822
M204 S500
G1 F900 X108.416 Y101.966 E651.69191
M204 S2000
G0 F9000 X108.416 Y101.401
M204 S500
G1 F900 X110.561 Y99.256 E651.75245
M204 S2000
G0 F9000 X110.532 Y99.256
G0 X110.532 Y100.306
G0 X110.642 Y100.306
M204 S500
G1 F900 X108.416 Y102.532 E651.81527
M204 S2000
G0 F9000 X108.448 Y102.532
G0 X110.305 Y101.209
M204 S500
G1 F900 X110.862 Y100.652 E651.83099
M204 S2000
G0 F9000 X110.862 Y100.91
G0 X109.467 Y91.33
G0 X109.436 Y91.33
M204 S500
G1 F900 X109.886 Y90.88 E651.84369
M204 S2000
G0 F9000 X109.886 Y91.21
G1 F2400 E651.04369
;MESH:NONMESH
G0 F300 Z3.2
G0 F9000 X110 Y90.43
G0 X110 Y89.335
G0 X110 Y80.665
G0 X110 Y79.57
G0 X110 Y79.09
G0 X110 Y79.4
;TIME_ELAPSED:940.681188
;LAYER:15
M204 S500
;TYPE:WALL-INNER
;MESH:Weather_station_stand.STL(3)
G1 F2400 E651.84369
G1 F1800 X111.816 Y79.4 E651.90409
G1 X111.816 Y50.6 E652.86198
G1 X111.368 Y50.6 E652.87688
G1 X111.028 Y50.495 E652.88872
G1 X110.882 Y50.353 E652.89549
G1 X110.77 Y50.052 E652.90617
G1 X110.768 Y40.6 E653.22055
G1 X109.232 Y40.6 E653.27163
G1 X109.226 Y50.052 E653.58601
G1 X109.114 Y50.353 E653.59669
G1 X108.968 Y50.495 E653.60346
G1 X108.628 Y50.6 E653.6153
G1 X108.18 Y50.6 E653.6302
G1 X108.18 Y79.4 E654.58809
G1 X110 Y79.4 E654.64863
M204 S2000
G0 F9000 X110 Y79.8
M204 S500
;TYPE:WALL-OUTER
G1 F1800 X112.216 Y79.8 E654.72233
G1 X112.216 Y50.2 E655.70683
G1 X111.368 Y50.2 E655.73504
G1 X111.254 Y50.165 E655.739
G1 X111.168 Y50.018 E655.74467
G1 X111.168 Y40.2 E656.07121
G1 X108.832 Y40.2 E656.14891
G1 X108.828 Y50.018 E656.47546
G1 X108.742 Y50.165 E656.48112
G1 X108.628 Y50.2 E656.48509
G1 X107.78 Y50.2 E656.51329
G1 X107.78 Y79.8 E657.49779
G1 X110 Y79.8 E657.57163
M204 S2000
G0 F9000 X110 Y79.09
G0 X108.692 Y79.09
G0 X108.692 Y79.32
M204 S500
;TYPE:FILL
G1 F3600 X111.736 Y67.96 E657.9628
G1 X111.736 Y68.088
G1 X108.26 Y69.019 E658.08248
M204 S2000
G0 F9000 X108.491 Y69.02
G0 X108.491 Y72.033
G0 X108.26 Y72.032
M204 S500
G1 F3600 X111.736 Y75.508 E658.24598
M204 S2000
G0 F9000 X111.508 Y75.508
G0 X111.508 Y74.299
G0 X111.735 Y74.299
M204 S500
G1 F3600 X108.261 Y75.23 E658.36561
M204 S2000
G0 F9000 X108.491 Y75.231
G0 X111.508 Y67.023
G0 X111.736 Y67.023
M204 S500
G1 F3600 X108.26 Y63.547 E658.52911
M204 S2000
G0 F9000 X108.261 Y62.807
M204 S500
G1 F3600 X111.736 Y61.876 E658.64876
M204 S2000
G0 F9000 X111.508 Y61.876
G0 X111.508 Y58.538
G0 X111.736 Y58.538
M204 S500
G1 F3600 X108.26 Y55.062 E658.81226
M204 S2000
G0 F9000 X108.491 Y55.063
G0 X108.491 Y56.596
G0 X108.261 Y56.595
M204 S500
G1 F3600 X111.736 Y55.664 E658.93192
M204 S2000
G0 F9000 X111.508 Y55.664
G0 X108.491 Y57.751
G0 X108.26 Y57.75
M204 S500
G1 F3600 X110.154 Y50.68 E659.17536
M204 S2000
G1 F2400 E658.37536
G0 F9000 X110.154 Y50.9
G0 X111.407 Y50.805
G0 X110.754 Y50.45
G0 X110.596 Y40.772
G0 X110 Y40.7
G0 X110 Y41.368
M204 S500
;TYPE:SKIN
G1 F2400 E659.17536
G1 F1690.1 X109.997 Y45.79 E659.33199
G1 F1607.1 X109.994 Y50.212 E659.49672
M204 S2000
G0 F9000 X110 Y50.64
M204 S500
G1 F1800 X109.326 Y50.64 E659.51914
G1 X109.427 Y50.516 E659.52446
G1 X109.584 Y50.104 E659.53912
G1 X109.592 Y40.96 E659.84325
G1 X110.408 Y40.96 E659.87039
G1 X110.413 Y50.111 E660.17475
G1 X110.565 Y50.516 E660.18914
G1 X110.666 Y50.64 E660.19446
G1 X110 Y50.64 E660.21661
M204 S2000
G0 F9000 X110 Y51.2
G1 F2400 E659.41661
;MESH:Weather_station_stand.STL(2)
G0 F9000 X111.988 Y79.09
G0 X113.083 Y79.09
G0 X116.916 Y79.092
G0 X118.011 Y79.092
G0 X118.788 Y79.09
G0 X118.788 Y79.4
M204 S500
;TYPE:WALL-INNER
G1 F2400 E660.21661
G1 F1800 X121.816 Y79.4 E660.31732
G1 X121.816 Y50.6 E661.27522
G1 X121.368 Y50.6 E661.29012
G1 X121.028 Y50.495 E661.30195
G1 X120.882 Y50.353 E661.30873
G1 X120.77 Y50.052 E661.31941
G1 X120.768 Y40.6 E661.63378
G1 X119.232 Y40.6 E661.68487
G1 X119.226 Y50.052 E661.99925
G1 X119.114 Y50.353 E662.00993
G1 X118.968 Y50.495 E662.0167
G1 X118.628 Y50.6 E662.02854
G1 X118.18 Y50.6 E662.04344
G1 X118.18 Y79.4 E663.00133
G1 X118.788 Y79.4 E663.02155
M204 S2000
G0 F9000 X118.762 Y79.8
M204 S500
;TYPE:WALL-OUTER
G1 F1800 X122.216 Y79.8 E663.13643
G1 X122.216 Y50.2 E664.12093
G1 X121.368 Y50.2 E664.14914
G1 X121.254 Y50.165 E664.1531
G1 X121.168 Y50.018 E664.15877
G1 X121.168 Y40.2 E664.48532
G1 X118.832 Y40.2 E664.56301
G1 X118.828 Y50.018 E664.88956
G1 X118.742 Y50.165 E664.89522
G1 X118.628 Y50.2 E664.89919
G1 X117.78 Y50.2 E664.92739
G1 X117.78 Y79.8 E665.91189
G1 X118.762 Y79.8 E665.94456
M204 S2000
G0 F9000 X118.693 Y79.321
M204 S500
;TYPE:FILL
G1 F3600 X121.736 Y67.964 E666.33562
G1 X121.735 Y68.088
G1 X118.26 Y69.019 E666.45527
M204 S2000
G0 F9000 X118.491 Y69.02
G0 X118.491 Y72.033
G0 X118.26 Y72.032
M204 S500
G1 F3600 X121.736 Y75.508 E666.61877
M204 S2000
G0 F9000 X121.508 Y75.508
G0 X121.508 Y74.299
G0 X121.735 Y74.299
M204 S500
G1 F3600 X118.261 Y75.23 E666.73839
M204 S2000
G0 F9000 X118.491 Y75.231
G0 X121.508 Y67.023
G0 X121.736 Y67.023
M204 S500
G1 F3600 X118.26 Y63.547 E666.90189
M204 S2000
G0 F9000 X118.26 Y62.807
M204 S500
G1 F3600 X121.736 Y61.876 E667.02158
M204 S2000
G0 F9000 X121.508 Y61.876
G0 X121.508 Y58.538
G0 X121.736 Y58.538
M204 S500
G1 F3600 X118.26 Y55.062 E667.18508
M204 S2000
G0 F9000 X118.491 Y55.063
G0 X118.491 Y56.596
G0 X118.261 Y56.595
M204 S500
G1 F3600 X121.736 Y55.664 E667.30474
M204 S2000
G0 F9000 X121.508 Y55.664
G0 X118.491 Y57.754
G0 X118.26 Y57.753
M204 S500
G1 F3600 X120.155 Y50.679 E667.54832
M204 S2000
G0 F9000 X119.326 Y50.64
M204 S500
;TYPE:SKIN
G1 F1800 X119.427 Y50.516 E667.55363
G1 X119.584 Y50.104 E667.5683
G1 X119.592 Y40.96 E667.87243
G1 X120.408 Y40.96 E667.89957
G1 X120.413 Y50.111 E668.20393
G1 X120.565 Y50.516 E668.21832
G1 X120.666 Y50.64 E668.22364
G1 X119.326 Y50.64 E668.26821
M204 S2000
G1 F2400 E667.46821
G0 F9000 X119.326 Y50.91
G0 X118.589 Y50.805
G0 X119.374 Y50.174
G0 X119.404 Y40.772
G0 X120 Y40.7
G0 X120 Y41.368
M204 S500
G1 F2400 E668.26821
G1 F1690.1 X119.997 Y45.79 E668.42485
G1 F1607.1 X119.994 Y50.212 E668.58957
M204 S2000
G0 F9000 X119.994 Y51.2
G1 F2400 E667.78957
;MESH:Weather_station_stand.STL(1)
G0 F9000 X118.491 Y79.57
G0 X118.491 Y80.665
G0 X117.979 Y89.347
G0 X117.978 Y99.347
G0 X118.491 Y100.43
G0 X118.491 Y129.12
G0 X118.236 Y129.4
M204 S500
;TYPE:WALL-INNER
G1 F2400 E668.58957
G1 F1800 X121.816 Y129.4 E668.70864
G1 X121.816 Y100.6 E669.66653
G1 X121.368 Y100.6 E669.68143
G1 X121.028 Y100.495 E669.69327
G1 X120.882 Y100.353 E669.70004
G1 X120.77 Y100.052 E669.71073
G1 X120.768 Y90.6 E670.0251
G1 X119.232 Y90.6 E670.07619
G1 X119.226 Y100.052 E670.39056
G1 X119.114 Y100.353 E670.40125
G1 X118.968 Y100.495 E670.40802
G1 X118.628 Y100.6 E670.41985
G1 X118.18 Y100.6 E670.43475
G1 X118.18 Y129.4 E671.39265
G1 X118.236 Y129.4 E671.39451
M204 S2000
G0 F9000 X118.2 Y129.8
M204 S500
;TYPE:WALL-OUTER
G1 F1800 X122.216 Y129.8 E671.52808
G1 X122.216 Y100.2 E672.51258
G1 X121.368 Y100.2 E672.54079
G1 X121.254 Y100.165 E672.54475
G1 X121.168 Y100.018 E672.55042
G1 X121.168 Y90.2 E672.87697
G1 X118.832 Y90.2 E672.95466
G1 X118.828 Y100.018 E673.28121
G1 X118.742 Y100.165 E673.28687
G1 X118.628 Y100.2 E673.29084
G1 X117.78 Y100.2 E673.31904
G1 X117.78 Y129.8 E674.30354
G1 X118.2 Y129.8 E674.31751
M204 S2000
G0 F9000 X118.693 Y129.32
M204 S500
;TYPE:FILL
G1 F3600 X121.736 Y117.964 E674.70854
G1 X121.736 Y118.088
G1 X118.26 Y119.02 E674.82824
M204 S2000
G0 F9000 X118.491 Y119.021
G0 X118.491 Y122.032
G0 X118.259 Y122.031
M204 S500
G1 F3600 X121.736 Y125.508 E674.99178
M204 S2000
G0 F9000 X121.508 Y125.508
G0 X121.508 Y124.3
G0 X121.735 Y124.3
M204 S500
G1 F3600 X118.261 Y125.231 E675.11141
M204 S2000
G0 F9000 X118.491 Y125.232
G0 X121.508 Y117.023
G0 X121.736 Y117.023
M204 S500
G1 F3600 X118.259 Y113.546 E675.27495
M204 S2000
G0 F9000 X118.26 Y112.808
M204 S500
G1 F3600 X121.735 Y111.877 E675.39461
M204 S2000
G0 F9000 X121.508 Y111.877
G0 X121.508 Y108.537
G0 X121.736 Y108.537
M204 S500
G1 F3600 X118.259 Y105.061 E675.55813
M204 S2000
G0 F9000 X118.491 Y105.062
G0 X118.491 Y106.597
G0 X118.26 Y106.596
M204 S500
G1 F3600 X121.735 Y105.665 E675.67779
M204 S2000
G0 F9000 X121.508 Y105.665
G0 X118.491 Y107.755
G0 X118.26 Y107.754
M204 S500
G1 F3600 X120.156 Y100.679 E675.92141
M204 S2000
G0 F9000 X119.326 Y100.64
M204 S500
;TYPE:SKIN
G1 F1800 X119.427 Y100.516 E675.92673
G1 X119.584 Y100.104 E675.94139
G1 X119.592 Y90.96 E676.24552
G1 X120.408 Y90.96 E676.27266
G1 X120.413 Y100.111 E676.57703
G1 X120.565 Y100.516 E676.59141
G1 X120.666 Y100.64 E676.59673
G1 X119.326 Y100.64 E676.6413
M204 S2000
G1 F2400 E675.8413
G0 F9000 X119.326 Y100.91
G0 X118.589 Y100.805
G0 X119.375 Y100.172
G0 X119.404 Y90.772
G0 X120 Y90.7
G0 X120 Y91.368
M204 S500
G1 F2400 E676.6413
G1 F1690.1 X119.997 Y95.79 E676.79794
G1 F1607.1 X119.994 Y100.212 E676.96266
M204 S2000
G0 F9000 X119.994 Y101.2
G1 F2400 E676.16266
;MESH:Weather_station_stand.STL
G0 F9000 X118.011 Y129.092
G0 X116.916 Y129.092
G0 X113.083 Y129.092
G0 X111.988 Y129.092
G0 X110 Y129.09
G0 X110 Y129.4
M204 S500
;TYPE:WALL-INNER
G1 F2400 E676.96266
G1 F1800 X111.816 Y129.4 E677.02306
G1 X111.816 Y100.6 E677.98096
G1 X111.368 Y100.6 E677.99586
G1 X111.028 Y100.495 E678.00769
G1 X110.882 Y100.353 E678.01447
G1 X110.77 Y100.052 E678.02515
G1 X110.768 Y90.6 E678.33952
G1 X109.232 Y90.6 E678.39061
G1 X109.226 Y100.052 E678.70498
G1 X109.114 Y100.353 E678.71567
G1 X108.968 Y100.495 E678.72244
G1 X108.628 Y100.6 E678.73428
G1 X108.18 Y100.6 E678.74918
G1 X108.18 Y129.4 E679.70707
G1 X110 Y129.4 E679.7676
M204 S2000
G0 F9000 X110 Y129.8
M204 S500
;TYPE:WALL-OUTER
G1 F1800 X112.216 Y129.8 E679.84131
G1 X112.216 Y100.2 E680.82581
G1 X111.368 Y100.2 E680.85401
G1 X111.254 Y100.165 E680.85798
G1 X111.168 Y100.018 E680.86364
G1 X111.168 Y90.2 E681.19019
G1 X108.832 Y90.2 E681.26789
G1 X108.828 Y100.018 E681.59443
G1 X108.742 Y100.165 E681.6001
G1 X108.628 Y100.2 E681.60406
G1 X107.78 Y100.2 E681.63227
G1 X107.78 Y129.8 E682.61677
G1 X110 Y129.8 E682.69061
M204 S2000
G0 F9000 X110 Y129.09
G0 X108.692 Y129.09
G0 X108.692 Y129.321
M204 S500
;TYPE:FILL
G1 F3600 X111.736 Y117.96 E683.0818
G1 X111.736 Y118.087
G1 X108.26 Y119.019 E683.2015
M204 S2000
G0 F9000 X108.491 Y119.02
G0 X108.491 Y122.032
G0 X108.259 Y122.031
M204 S500
G1 F3600 X111.736 Y125.508 E683.36505
M204 S2000
G0 F9000 X111.508 Y125.508
G0 X111.508 Y124.299
G0 X111.735 Y124.299
M204 S500
G1 F3600 X108.261 Y125.23 E683.48467
M204 S2000
G0 F9000 X108.491 Y125.231
G0 X111.508 Y117.023
G0 X111.736 Y117.023
M204 S500
G1 F3600 X108.259 Y113.546 E683.64822
M204 S2000
G0 F9000 X108.26 Y112.807
M204 S500
G1 F3600 X111.736 Y111.876 E683.7679
M204 S2000
G0 F9000 X111.508 Y111.876
G0 X111.508 Y108.537
G0 X111.736 Y108.537
M204 S500
G1 F3600 X108.259 Y105.061 E683.93143
M204 S2000
G0 F9000 X108.491 Y105.062
G0 X108.491 Y106.596
G0 X108.261 Y106.595
M204 S500
G1 F3600 X111.736 Y105.664 E684.05108
M204 S2000
G0 F9000 X111.508 Y105.664
G0 X108.491 Y107.751
G0 X108.26 Y107.75
M204 S500
G1 F3600 X110.155 Y100.68 E684.29453
M204 S2000
G1 F2400 E683.49453
G0 F9000 X110.155 Y100.9
G0 X111.407 Y100.805
G0 X110.754 Y100.45
G0 X110.596 Y90.772
G0 X110 Y90.7
G0 X110 Y91.368
M204 S500
;TYPE:SKIN
G1 F2400 E684.29453
G1 F1690.1 X109.997 Y95.79 E684.45117
G1 F1607.1 X109.994 Y100.212 E684.61589
M204 S2000
G0 F9000 X110 Y100.64
M204 S500
G1 F1800 X109.326 Y100.64 E684.63831
G1 X109.427 Y100.516 E684.64363
G1 X109.584 Y100.104 E684.6583
G1 X109.592 Y90.96 E684.96243
G1 X110.408 Y90.96 E684.98957
G1 X110.413 Y100.111 E685.29393
G1 X110.565 Y100.516 E685.30832
G1 X110.666 Y100.64 E685.31364
G1 X110 Y100.64 E685.33579
M204 S2000
G0 F9000 X110 Y101.2
G1 F2400 E684.53579
;MESH:NONMESH
G0 F300 Z3.4
G0 F9000 X111.407 Y100.805
G0 X110.754 Y100.45
G0 X110.596 Y90.772
G0 X110 Y90.43
G0 X110 Y89.335
G0 X110 Y80.665
G0 X110 Y79.57
G0 X110 Y79.09
G0 X110 Y79.4
;TIME_ELAPSED:988.817126
;LAYER:16
M204 S500
;TYPE:WALL-INNER
;MESH:Weather_station_stand.STL(3)
G1 F2400 E685.33579
G1 F1800 X111.76 Y79.4 E685.39433
G1 X111.76 Y50.6 E686.35222
G1 X111.26 Y50.6 E686.36885
G1 X110.939 Y50.508 E686.37995
G1 X110.789 Y50.373 E686.38667
G1 X110.662 Y50.053 E686.39812
G1 X110.66 Y40.6 E686.71253
G1 X109.336 Y40.6 E686.75656
G1 X109.334 Y50.053 E687.07097
G1 X109.207 Y50.373 E687.08242
G1 X109.057 Y50.508 E687.08913
G1 X108.736 Y50.6 E687.10024
G1 X108.236 Y50.6 E687.11687
G1 X108.236 Y79.4 E688.07476
G1 X110 Y79.4 E688.13343
M204 S2000
G0 F9000 X110 Y79.8
M204 S500
;TYPE:WALL-OUTER
G1 F1800 X112.16 Y79.8 E688.20527
G1 X112.16 Y50.2 E689.18977
G1 X111.26 Y50.2 E689.21971
G1 X111.103 Y50.125 E689.22549
G1 X111.06 Y50.018 E689.22933
G1 X111.06 Y40.2 E689.55588
G1 X108.936 Y40.2 E689.62652
G1 X108.936 Y50.018 E689.95307
G1 X108.843 Y50.17 E689.959
G1 X108.736 Y50.2 E689.96269
G1 X107.836 Y50.2 E689.99263
G1 X107.836 Y79.8 E690.97713
G1 X110 Y79.8 E691.0491
M204 S2000
G0 F9000 X110 Y79.09
G0 X108.547 Y79.09
G0 X108.545 Y79.32
M204 S500
;TYPE:FILL
G1 F3600 X111.68 Y67.62 E691.45197
M204 S2000
G0 F9000 X111.68 Y68.25
M204 S500
G1 F3600 X108.316 Y69.151 E691.5678
M204 S2000
G0 F9000 X108.547 Y69.152
G0 X108.547 Y71.888
G0 X108.316 Y71.887
M204 S500
G1 F3600 X111.68 Y75.252 E691.72606
M204 S2000
G0 F9000 X111.679 Y74.461
M204 S500
G1 F3600 X108.317 Y75.362 E691.84183
M204 S2000
G0 F9000 X108.547 Y75.363
G0 X111.452 Y66.766
G0 X111.68 Y66.766
M204 S500
G1 F3600 X108.316 Y63.402 E692.00006
M204 S2000
G0 F9000 X108.317 Y62.939
M204 S500
G1 F3600 X111.68 Y62.038 E692.11586
M204 S2000
G0 F9000 X111.452 Y62.038
G0 X111.452 Y58.281
G0 X111.68 Y58.281
M204 S500
G1 F3600 X108.316 Y54.917 E692.27409
M204 S2000
G0 F9000 X108.547 Y54.918
G0 X108.547 Y56.729
G0 X108.316 Y56.728
M204 S500
G1 F3600 X111.679 Y55.827 E692.38989
M204 S2000
G0 F9000 X111.452 Y55.827
G0 X108.547 Y56.993
G0 X108.316 Y56.992
M204 S500
G1 F3600 X110.007 Y50.68 E692.60723
M204 S2000
G0 F9000 X110 Y50.564
M204 S500
;TYPE:SKIN
G1 F1304.3 X109.589 Y50.564 E692.62609
G1 F1302 X109.74 Y50.186 E692.64481
G1 F1323.5 X109.742 Y47.128 E692.78314
G1 F1363.6 X109.745 Y44.07 E692.91739
G1 F1411.8 X109.747 Y41.012 E693.04707
G1 F1434.3 X110.249 Y41.011 E693.06803
G1 F1406.2 X110.248 Y45.586 E693.2628
G1 F1350.8 X110.248 Y50.161 E693.46556
G1 F1313.9 X110.403 Y50.564 E693.48523
G1 F1304.3 X110 Y50.564 E693.50373
M204 S2000
G0 F9000 X110 Y51.2
G1 F2400 E692.70373
;MESH:Weather_station_stand.STL(2)
G0 F9000 X111.932 Y79.09
G0 X113.027 Y79.09
G0 X116.972 Y79.092
G0 X118.067 Y79.092
G0 X118.788 Y79.09
G0 X118.788 Y79.4
M204 S500
;TYPE:WALL-INNER
G1 F2400 E693.50373
G1 F1800 X121.76 Y79.4 E693.60258
G1 X121.76 Y50.6 E694.56047
G1 X121.26 Y50.6 E694.5771
G1 X120.939 Y50.508 E694.58821
G1 X120.789 Y50.373 E694.59492
G1 X120.662 Y50.053 E694.60637
G1 X120.66 Y40.6 E694.92078
G1 X119.336 Y40.6 E694.96481
G1 X119.334 Y50.053 E695.27922
G1 X119.207 Y50.373 E695.29067
G1 X119.057 Y50.508 E695.29739
G1 X118.736 Y50.6 E695.30849
G1 X118.236 Y50.6 E695.32512
G1 X118.236 Y79.4 E696.28301
G1 X118.788 Y79.4 E696.30137
M204 S2000
G0 F9000 X118.762 Y79.8
M204 S500
;TYPE:WALL-OUTER
G1 F1800 X122.16 Y79.8 E696.41439
G1 X122.16 Y50.2 E697.39889
G1 X121.26 Y50.2 E697.42883
G1 X121.103 Y50.125 E697.43461
G1 X121.06 Y50.018 E697.43845
G1 X121.06 Y40.2 E697.765
G1 X118.936 Y40.2 E697.83564
G1 X118.936 Y50.018 E698.16219
G1 X118.843 Y50.17 E698.16812
G1 X118.736 Y50.2 E698.17181
G1 X117.836 Y50.2 E698.20175
G1 X117.836 Y79.8 E699.18625
G1 X118.762 Y79.8 E699.21704
M204 S2000
G0 F9000 X118.546 Y79.321
M204 S500
;TYPE:FILL
G1 F3600 X121.68 Y67.624 E699.61981
M204 S2000
G0 F9000 X121.679 Y68.25
M204 S500
G1 F3600 X118.317 Y69.151 E699.73558
M204 S2000
G0 F9000 X118.547 Y69.152
G0 X118.547 Y71.888
G0 X118.316 Y71.887
M204 S500
G1 F3600 X121.68 Y75.252 E699.89383
M204 S2000
G0 F9000 X121.679 Y74.461
M204 S500
G1 F3600 X118.317 Y75.362 E700.0096
M204 S2000
G0 F9000 X118.547 Y75.363
G0 X121.452 Y66.766
G0 X121.68 Y66.766
M204 S500
G1 F3600 X118.316 Y63.402 E700.16783
M204 S2000
G0 F9000 X118.317 Y62.939
M204 S500
G1 F3600 X121.68 Y62.038 E700.28363
M204 S2000
G0 F9000 X121.452 Y62.038
G0 X121.452 Y58.281
G0 X121.68 Y58.281
M204 S500
G1 F3600 X118.316 Y54.917 E700.44186
M204 S2000
G0 F9000 X118.547 Y54.918
G0 X118.547 Y56.728
G0 X118.317 Y56.727
M204 S500
G1 F3600 X121.679 Y55.826 E700.55763
M204 S2000
G0 F9000 X121.452 Y55.826
G0 X118.547 Y56.997
G0 X118.316 Y56.996
M204 S500
G1 F3600 X120.008 Y50.679 E700.77514
M204 S2000
G0 F9000 X119.589 Y50.564
M204 S500
;TYPE:SKIN
G1 F1302 X119.74 Y50.186 E700.79386
G1 F1323.5 X119.742 Y47.128 E700.93218
G1 F1363.6 X119.745 Y44.07 E701.06644
G1 F1411.8 X119.747 Y41.012 E701.19612
G1 F1434.3 X120.249 Y41.011 E701.21707
G1 F1406.2 X120.248 Y45.586 E701.41184
G1 F1350.8 X120.248 Y50.161 E701.6146
G1 F1313.9 X120.403 Y50.564 E701.63428
G1 F1302 X119.589 Y50.564 E701.67171
M204 S2000
G0 F9000 X119.829 Y51.092
G1 F2400 E700.87171
;MESH:Weather_station_stand.STL(1)
G0 F9000 X118.547 Y79.57
G0 X118.547 Y80.665
G0 X118.085 Y89.347
G0 X118.084 Y99.347
G0 X118.547 Y100.43
G0 X118.547 Y129.12
G0 X118.236 Y129.4
M204 S500
;TYPE:WALL-INNER
G1 F2400 E701.67171
G1 F1800 X121.76 Y129.4 E701.78892
G1 X121.76 Y100.6 E702.74681
G1 X121.26 Y100.6 E702.76344
G1 X120.939 Y100.508 E702.77454
G1 X120.789 Y100.373 E702.78126
G1 X120.662 Y100.053 E702.79271
G1 X120.66 Y90.6 E703.10711
G1 X119.336 Y90.6 E703.15115
G1 X119.334 Y100.053 E703.46556
G1 X119.207 Y100.373 E703.47701
G1 X119.057 Y100.508 E703.48372
G1 X118.736 Y100.6 E703.49483
G1 X118.236 Y100.6 E703.51146
G1 X118.236 Y129.4 E704.46935
M204 S2000
G0 F9000 X118.2 Y129.8
M204 S500
;TYPE:WALL-OUTER
G1 F1800 X122.16 Y129.8 E704.60106
G1 X122.16 Y100.2 E705.58556
G1 X121.26 Y100.2 E705.61549
G1 X121.103 Y100.125 E705.62128
G1 X121.06 Y100.018 E705.62512
G1 X121.06 Y90.2 E705.95167
G1 X118.936 Y90.2 E706.02231
G1 X118.936 Y100.018 E706.34886
G1 X118.843 Y100.17 E706.35478
G1 X118.736 Y100.2 E706.35848
G1 X117.836 Y100.2 E706.38841
G1 X117.836 Y129.8 E707.37291
G1 X118.2 Y129.8 E707.38502
M204 S2000
G0 F9000 X118.546 Y129.32
M204 S500
;TYPE:FILL
G1 F3600 X121.68 Y117.624 E707.78776
M204 S2000
G0 F9000 X121.68 Y118.25
M204 S500
G1 F3600 X118.316 Y119.152 E707.90359
M204 S2000
G0 F9000 X118.547 Y119.153
G0 X118.547 Y121.888
G0 X118.316 Y121.887
M204 S500
G1 F3600 X121.68 Y125.251 E708.06183
M204 S2000
G0 F9000 X121.679 Y124.462
M204 S500
G1 F3600 X118.317 Y125.363 E708.17759
M204 S2000
G0 F9000 X118.547 Y125.364
G0 X121.452 Y116.766
G0 X121.68 Y116.766
M204 S500
G1 F3600 X118.316 Y113.402 E708.33583
M204 S2000
G0 F9000 X118.316 Y112.94
M204 S500
G1 F3600 X121.68 Y112.039 E708.45166
M204 S2000
G0 F9000 X121.452 Y112.039
G0 X121.452 Y108.281
G0 X121.68 Y108.281
M204 S500
G1 F3600 X118.316 Y104.916 E708.60991
M204 S2000
G0 F9000 X118.547 Y104.917
G0 X118.547 Y106.729
G0 X118.317 Y106.728
M204 S500
G1 F3600 X121.679 Y105.827 E708.72568
M204 S2000
G0 F9000 X121.452 Y105.827
G0 X118.547 Y106.997
G0 X118.316 Y106.996
M204 S500
G1 F3600 X120.009 Y100.679 E708.9432
M204 S2000
G0 F9000 X119.589 Y100.564
M204 S500
;TYPE:SKIN
G1 F1302 X119.74 Y100.186 E708.96191
G1 F1323.5 X119.742 Y97.128 E709.10024
G1 F1363.6 X119.745 Y94.07 E709.2345
G1 F1411.8 X119.747 Y91.012 E709.36418
G1 F1434.3 X120.249 Y91.011 E709.38513
G1 F1406.2 X120.248 Y95.586 E709.5799
G1 F1350.8 X120.248 Y100.161 E709.78266
G1 F1313.9 X120.403 Y100.564 E709.80234
G1 F1302 X119.589 Y100.564 E709.83977
M204 S2000
G0 F9000 X119.829 Y101.092
G1 F2400 E709.03977
;MESH:Weather_station_stand.STL
G0 F9000 X118.067 Y129.092
G0 X116.972 Y129.092
G0 X113.027 Y129.092
G0 X111.932 Y129.092
G0 X110 Y129.09
G0 X110 Y129.4
M204 S500
;TYPE:WALL-INNER
G1 F2400 E709.83977
G1 F1800 X111.76 Y129.4 E709.8983
G1 X111.76 Y100.6 E710.8562
G1 X111.26 Y100.6 E710.87283
G1 X110.939 Y100.508 E710.88393
G1 X110.789 Y100.373 E710.89064
G1 X110.662 Y100.053 E710.90209
G1 X110.66 Y90.6 E711.2165
G1 X109.336 Y90.6 E711.26054
G1 X109.334 Y100.053 E711.57495
G1 X109.207 Y100.373 E711.5864
G1 X109.057 Y100.508 E711.59311
G1 X108.736 Y100.6 E711.60422
G1 X108.236 Y100.6 E711.62085
G1 X108.236 Y129.4 E712.57874
G1 X110 Y129.4 E712.63741
M204 S2000
G0 F9000 X110 Y129.8
M204 S500
;TYPE:WALL-OUTER
G1 F1800 X112.16 Y129.8 E712.70925
G1 X112.16 Y100.2 E713.69375
G1 X111.26 Y100.2 E713.72369
G1 X111.103 Y100.125 E713.72947
G1 X111.06 Y100.018 E713.73331
G1 X111.06 Y90.2 E714.05986
G1 X108.936 Y90.2 E714.1305
G1 X108.936 Y100.018 E714.45705
G1 X108.843 Y100.17 E714.46297
G1 X108.736 Y100.2 E714.46667
G1 X107.836 Y100.2 E714.49661
G1 X107.836 Y129.8 E715.48111
G1 X110 Y129.8 E715.55308
M204 S2000
G0 F9000 X110 Y129.09
G0 X108.547 Y129.09
G0 X108.545 Y129.32
M204 S500
;TYPE:FILL
G1 F3600 X111.679 Y117.623 E715.95585
M204 S2000
G0 F9000 X111.68 Y118.249
M204 S500
G1 F3600 X108.316 Y119.151 E716.07169
M204 S2000
G0 F9000 X108.547 Y119.152
G0 X108.547 Y121.887
G0 X108.315 Y121.886
M204 S500
G1 F3600 X111.68 Y125.251 E716.22996
M204 S2000
G0 F9000 X111.679 Y124.461
M204 S500
G1 F3600 X108.317 Y125.362 E716.34573
M204 S2000
G0 F9000 X108.547 Y125.363
G0 X111.452 Y116.766
G0 X111.68 Y116.766
M204 S500
G1 F3600 X108.315 Y113.401 E716.50401
M204 S2000
G0 F9000 X108.317 Y112.939
M204 S500
G1 F3600 X111.68 Y112.038 E716.61981
M204 S2000
G0 F9000 X111.452 Y112.038
G0 X111.452 Y108.281
G0 X111.68 Y108.281
M204 S500
G1 F3600 X108.315 Y104.916 E716.77809
M204 S2000
G0 F9000 X108.547 Y104.917
G0 X108.547 Y106.728
G0 X108.317 Y106.727
M204 S500
G1 F3600 X111.679 Y105.826 E716.89385
M204 S2000
G0 F9000 X111.452 Y105.826
G0 X108.547 Y106.993
G0 X108.316 Y106.992
M204 S500
G1 F3600 X110.008 Y100.68 E717.1112
M204 S2000
G0 F9000 X110 Y100.564
M204 S500
;TYPE:SKIN
G1 F1304.3 X109.589 Y100.564 E717.13007
G1 F1302 X109.74 Y100.186 E717.14879
G1 F1323.5 X109.742 Y97.128 E717.28711
G1 F1363.6 X109.745 Y94.07 E717.42137
G1 F1411.8 X109.747 Y91.012 E717.55105
G1 F1434.3 X110.249 Y91.011 E717.572
G1 F1406.2 X110.248 Y95.586 E717.76677
G1 F1350.8 X110.248 Y100.161 E717.96953
G1 F1313.9 X110.403 Y100.564 E717.98921
G1 F1304.3 X110 Y100.564 E718.0077
M204 S2000
G0 F9000 X110 Y101.2
G1 F2400 E717.2077
;MESH:NONMESH
G0 F300 Z3.6
G0 F9000 X111.299 Y100.805
G0 X110.664 Y100.475
G0 X110.488 Y90.772
G0 X110 Y90.43
G0 X110 Y89.335
G0 X110 Y80.665
G0 X110 Y79.57
G0 X110 Y79.09
G0 X110 Y79.4
;TIME_ELAPSED:1033.179871
;LAYER:17
M204 S500
;TYPE:WALL-INNER
;MESH:Weather_station_stand.STL(3)
G1 F2400 E718.0077
G1 F1800 X111.68 Y79.4 E718.06358
G1 X111.68 Y50.6 E719.02147
G1 X111.108 Y50.6 E719.0405
G1 X110.816 Y50.525 E719.05053
G1 X110.661 Y50.401 E719.05713
G1 X110.51 Y50.053 E719.06974
G1 X110.508 Y40.6 E719.38415
G1 X109.488 Y40.6 E719.41808
G1 X109.486 Y50.053 E719.73249
G1 X109.335 Y50.401 E719.7451
G1 X109.18 Y50.525 E719.75171
G1 X108.888 Y50.6 E719.76173
G1 X108.316 Y50.6 E719.78076
G1 X108.316 Y79.4 E720.73865
G1 X110 Y79.4 E720.79466
M204 S2000
G0 F9000 X110 Y79.8
M204 S500
;TYPE:WALL-OUTER
G1 F1800 X112.08 Y79.8 E720.86384
G1 X112.08 Y50.2 E721.84834
G1 X111.108 Y50.2 E721.88067
G1 X110.959 Y50.134 E721.88609
G1 X110.908 Y50.018 E721.8903
G1 X110.908 Y40.2 E722.21685
G1 X109.088 Y40.2 E722.27739
G1 X109.088 Y50.018 E722.60393
G1 X109.037 Y50.134 E722.60815
G1 X108.888 Y50.2 E722.61357
G1 X107.916 Y50.2 E722.6459
G1 X107.916 Y79.8 E723.6304
G1 X110 Y79.8 E723.69971
M204 S2000
G0 F9000 X110 Y79.09
G0 X108.627 Y79.12
G0 X108.399 Y79.32
M204 S500
;TYPE:FILL
G1 F3600 X111.6 Y67.375 E724.11102
M204 S2000
G0 F9000 X111.6 Y66.486
M204 S500
G1 F3600 X108.396 Y63.283 E724.2617
M204 S2000
G0 F9000 X108.397 Y63.064
M204 S500
G1 F3600 X111.6 Y62.205 E724.372
M204 S2000
G0 F9000 X111.372 Y62.205
G0 X111.372 Y58.001
G0 X111.6 Y58.001
M204 S500
G1 F3600 X108.396 Y54.797 E724.52271
M204 S2000
G0 F9000 X108.627 Y54.798
G0 X108.627 Y56.151
G0 X108.396 Y56.15
M204 S500
G1 F3600 X109.862 Y50.679 E724.71109
M204 S2000
G0 F9000 X109.862 Y50.9
G0 X111.372 Y55.994
G0 X111.599 Y55.994
M204 S500
G1 F3600 X108.397 Y56.852 E724.82135
M204 S2000
G0 F9000 X108.627 Y56.853
G0 X111.372 Y68.417
G0 X111.599 Y68.417
M204 S500
G1 F3600 X108.396 Y69.275 E724.93164
M204 S2000
G0 F9000 X108.627 Y69.276
G0 X108.627 Y71.769
G0 X108.396 Y71.768
M204 S500
G1 F3600 X111.6 Y74.972 E725.08234
M204 S2000
G0 F9000 X111.599 Y74.629
M204 S500
G1 F3600 X108.397 Y75.487 E725.1926
M204 S2000
G0 F9000 X108.627 Y75.488
G0 X110 Y50.9
G0 X110 Y50.613
M204 S500
;TYPE:SKIN
G1 F1585.9 X109.645 Y50.613 E725.206
G1 F1651.4 X109.82 Y50.228 E725.22133
G1 F1756.1 X109.821 Y47.905 E725.30053
G1 F1832.1 X109.821 Y45.582 E725.37644
G1 F1914.9 X109.822 Y43.259 E725.44907
G1 F2005.6 X109.823 Y40.936 E725.51841
G1 F2057.1 X110.173 Y40.935 E725.5286
G1 F2005.6 X110.173 Y43.258 E725.59794
G1 F1914.9 X110.172 Y45.581 E725.67057
G1 F1832.1 X110.172 Y47.904 E725.74648
G1 F1756.1 X110.172 Y50.227 E725.82567
G1 F1651.4 X110.346 Y50.613 E725.84102
G1 F1585.9 X110 Y50.613 E725.85409
M204 S2000
G0 F9000 X110 Y51.2
G1 F2400 E725.05409
;MESH:Weather_station_stand.STL(2)
G0 F9000 X111.852 Y79.09
G0 X112.947 Y79.09
G0 X117.052 Y79.092
G0 X118.147 Y79.092
G0 X118.788 Y79.09
G0 X118.788 Y79.4
M204 S500
;TYPE:WALL-INNER
G1 F2400 E725.85409
G1 F1800 X121.68 Y79.4 E725.95027
G1 X121.68 Y50.6 E726.90817
G1 X121.108 Y50.6 E726.92719
G1 X120.816 Y50.525 E726.93722
G1 X120.661 Y50.401 E726.94382
G1 X120.51 Y50.053 E726.95644
G1 X120.508 Y40.6 E727.27084
G1 X119.488 Y40.6 E727.30477
G1 X119.486 Y50.053 E727.61918
G1 X119.335 Y50.401 E727.6318
G1 X119.18 Y50.525 E727.6384
G1 X118.888 Y50.6 E727.64842
G1 X118.316 Y50.6 E727.66745
G1 X118.316 Y79.4 E728.62534
G1 X118.788 Y79.4 E728.64104
M204 S2000
G0 F9000 X118.762 Y79.8
M204 S500
;TYPE:WALL-OUTER
G1 F1800 X122.08 Y79.8 E728.7514
G1 X122.08 Y50.2 E729.7359
G1 X121.108 Y50.2 E729.76823
G1 X120.959 Y50.134 E729.77365
G1 X120.908 Y50.018 E729.77786
G1 X120.908 Y40.2 E730.10441
G1 X119.088 Y40.2 E730.16494
G1 X119.088 Y50.018 E730.49149
G1 X119.037 Y50.134 E730.4957
G1 X118.888 Y50.2 E730.50113
G1 X117.916 Y50.2 E730.53345
G1 X117.916 Y79.8 E731.51795
G1 X118.762 Y79.8 E731.54609
M204 S2000
G0 F9000 X118.4 Y79.32
M204 S500
;TYPE:FILL
G1 F3600 X121.6 Y67.377 E731.95733
M204 S2000
G0 F9000 X121.6 Y66.486
M204 S500
G1 F3600 X118.396 Y63.283 E732.10801
M204 S2000
G0 F9000 X118.396 Y63.064
M204 S500
G1 F3600 X121.6 Y62.205 E732.21834
M204 S2000
G0 F9000 X121.372 Y62.205
G0 X121.372 Y58.001
G0 X121.6 Y58.001
M204 S500
G1 F3600 X118.396 Y54.797 E732.36905
M204 S2000
G0 F9000 X118.627 Y54.798
G0 X118.627 Y56.152
G0 X118.396 Y56.151
M204 S500
G1 F3600 X119.862 Y50.68 E732.55743
M204 S2000
G0 F9000 X119.862 Y50.9
G0 X121.372 Y55.994
G0 X121.6 Y55.994
M204 S500
G1 F3600 X118.397 Y56.852 E732.66772
M204 S2000
G0 F9000 X118.627 Y56.853
G0 X121.372 Y68.417
G0 X121.6 Y68.417
M204 S500
G1 F3600 X118.396 Y69.275 E732.77804
M204 S2000
G0 F9000 X118.627 Y69.276
G0 X118.627 Y71.769
G0 X118.396 Y71.768
M204 S500
G1 F3600 X121.6 Y74.972 E732.92875
M204 S2000
G0 F9000 X121.6 Y74.629
M204 S500
G1 F3600 X118.397 Y75.487 E733.03904
M204 S2000
G0 F9000 X118.627 Y75.488
G0 X119.769 Y50.87
G0 X119.645 Y50.613
M204 S500
;TYPE:SKIN
G1 F1651.4 X119.82 Y50.228 E733.05437
G1 F1756.1 X119.821 Y47.905 E733.13356
G1 F1832.1 X119.821 Y45.582 E733.20947
G1 F1914.9 X119.822 Y43.259 E733.2821
G1 F2005.6 X119.823 Y40.936 E733.35145
G1 F2057.1 X120.173 Y40.935 E733.36163
G1 F2005.6 X120.173 Y43.258 E733.43098
G1 F1914.9 X120.172 Y45.581 E733.5036
G1 F1832.1 X120.172 Y47.904 E733.57951
G1 F1756.1 X120.172 Y50.227 E733.65871
G1 F1651.4 X120.346 Y50.613 E733.67406
G1 F1585.9 X119.645 Y50.613 E733.70052
M204 S2000
G0 F9000 X119.981 Y51.2
G1 F2400 E732.90052
;MESH:Weather_station_stand.STL(1)
G0 F9000 X118.627 Y79.57
G0 X118.627 Y80.665
G0 X118.237 Y89.347
G0 X118.236 Y99.347
G0 X118.627 Y100.43
G0 X118.627 Y128.525
G0 X118.316 Y128.524
M204 S500
;TYPE:WALL-INNER
G1 F2400 E733.70052
G1 F1800 X118.316 Y129.4 E733.72966
G1 X121.68 Y129.4 E733.84154
G1 X121.68 Y100.6 E734.79944
G1 X121.108 Y100.6 E734.81846
G1 X120.816 Y100.525 E734.82849
G1 X120.661 Y100.401 E734.83509
G1 X120.51 Y100.053 E734.84771
G1 X120.508 Y90.6 E735.16212
G1 X119.488 Y90.6 E735.19604
G1 X119.486 Y100.053 E735.51045
G1 X119.335 Y100.401 E735.52307
G1 X119.18 Y100.525 E735.52967
G1 X118.888 Y100.6 E735.5397
G1 X118.316 Y100.6 E735.55872
G1 X118.316 Y128.524 E736.48748
M204 S2000
G0 F9000 X118.627 Y128.525
G0 X118.597 Y129.12
G0 X118.2 Y129.8
M204 S500
;TYPE:WALL-OUTER
G1 F1800 X122.08 Y129.8 E736.61653
G1 X122.08 Y100.2 E737.60103
G1 X121.108 Y100.2 E737.63335
G1 X120.959 Y100.134 E737.63877
G1 X120.908 Y100.018 E737.64299
G1 X120.908 Y90.2 E737.96954
G1 X119.088 Y90.2 E738.03007
G1 X119.088 Y100.018 E738.35662
G1 X119.037 Y100.134 E738.36083
G1 X118.888 Y100.2 E738.36625
G1 X117.916 Y100.2 E738.39858
G1 X117.916 Y129.8 E739.38308
G1 X118.2 Y129.8 E739.39253
M204 S2000
G0 F9000 X118.4 Y129.32
M204 S500
;TYPE:FILL
G1 F3600 X121.6 Y117.378 E739.80373
M204 S2000
G0 F9000 X121.6 Y116.487
M204 S500
G1 F3600 X118.396 Y113.282 E739.95446
M204 S2000
G0 F9000 X118.396 Y113.064
M204 S500
G1 F3600 X121.599 Y112.206 E740.06475
M204 S2000
G0 F9000 X121.372 Y112.206
G0 X121.372 Y108.001
G0 X121.6 Y108.001
M204 S500
G1 F3600 X118.396 Y104.797 E740.21546
M204 S2000
G0 F9000 X118.627 Y104.798
G0 X118.627 Y106.151
G0 X118.397 Y106.15
M204 S500
G1 F3600 X119.863 Y100.679 E740.40384
M204 S2000
G0 F9000 X119.863 Y100.9
G0 X121.372 Y105.994
G0 X121.6 Y105.994
M204 S500
G1 F3600 X118.397 Y106.853 E740.51414
M204 S2000
G0 F9000 X118.627 Y106.854
G0 X121.372 Y118.418
G0 X121.599 Y118.418
M204 S500
G1 F3600 X118.396 Y119.276 E740.62443
M204 S2000
G0 F9000 X118.627 Y119.277
G0 X118.627 Y121.768
G0 X118.396 Y121.767
M204 S500
G1 F3600 X121.6 Y124.972 E740.77516
M204 S2000
G0 F9000 X121.6 Y124.629
M204 S500
G1 F3600 X118.397 Y125.488 E740.88546
M204 S2000
G0 F9000 X118.627 Y125.489
G0 X119.769 Y100.87
G0 X119.645 Y100.613
M204 S500
;TYPE:SKIN
G1 F1651.4 X119.82 Y100.228 E740.90079
G1 F1756.1 X119.821 Y97.905 E740.97998
G1 F1832.1 X119.821 Y95.582 E741.05589
G1 F1914.9 X119.822 Y93.259 E741.12852
G1 F2005.6 X119.823 Y90.936 E741.19786
G1 F2057.1 X120.173 Y90.935 E741.20805
G1 F2005.6 X120.173 Y93.258 E741.27739
G1 F1914.9 X120.172 Y95.581 E741.35002
G1 F1832.1 X120.172 Y97.904 E741.42593
G1 F1756.1 X120.172 Y100.227 E741.50513
G1 F1651.4 X120.346 Y100.613 E741.52048
G1 F1585.9 X119.645 Y100.613 E741.54694
M204 S2000
G0 F9000 X119.981 Y101.2
G1 F2400 E740.74694
;MESH:Weather_station_stand.STL
G0 F9000 X118.147 Y129.092
G0 X117.052 Y129.092
G0 X112.947 Y129.092
G0 X111.852 Y129.092
G0 X110 Y129.09
G0 X110 Y129.4
M204 S500
;TYPE:WALL-INNER
G1 F2400 E741.54694
G1 F1800 X111.68 Y129.4 E741.60282
G1 X111.68 Y100.6 E742.56071
G1 X111.108 Y100.6 E742.57973
G1 X110.816 Y100.525 E742.58976
G1 X110.661 Y100.401 E742.59636
G1 X110.51 Y100.053 E742.60898
G1 X110.508 Y90.6 E742.92339
G1 X109.488 Y90.6 E742.95731
G1 X109.486 Y100.053 E743.27172
G1 X109.335 Y100.401 E743.28434
G1 X109.18 Y100.525 E743.29094
G1 X108.888 Y100.6 E743.30097
G1 X108.316 Y100.6 E743.31999
G1 X108.316 Y129.4 E744.27789
G1 X110 Y129.4 E744.3339
M204 S2000
G0 F9000 X110 Y129.8
M204 S500
;TYPE:WALL-OUTER
G1 F1800 X112.08 Y129.8 E744.40308
G1 X112.08 Y100.2 E745.38758
G1 X111.108 Y100.2 E745.41991
G1 X110.959 Y100.134 E745.42533
G1 X110.908 Y100.018 E745.42954
G1 X110.908 Y90.2 E745.75609
G1 X109.088 Y90.2 E745.81662
G1 X109.088 Y100.018 E746.14317
G1 X109.037 Y100.134 E746.14738
G1 X108.888 Y100.2 E746.1528
G1 X107.916 Y100.2 E746.18513
G1 X107.916 Y129.8 E747.16963
G1 X110 Y129.8 E747.23895
M204 S2000
G0 F9000 X110 Y129.09
G0 X108.627 Y129.12
G0 X108.399 Y129.321
M204 S500
;TYPE:FILL
G1 F3600 X111.6 Y117.375 E747.65029
M204 S2000
G0 F9000 X111.601 Y116.487
M204 S500
G1 F3600 X108.396 Y113.282 E747.80104
M204 S2000
G0 F9000 X108.396 Y113.063
M204 S500
G1 F3600 X111.6 Y112.205 E747.91136
M204 S2000
G0 F9000 X111.372 Y112.205
G0 X111.372 Y108.001
G0 X111.601 Y108.001
M204 S500
G1 F3600 X108.396 Y104.797 E748.06209
M204 S2000
G0 F9000 X108.627 Y104.798
G0 X108.627 Y106.151
G0 X108.396 Y106.15
M204 S500
G1 F3600 X109.862 Y100.679 E748.25048
M204 S2000
G0 F9000 X109.862 Y100.9
G0 X111.372 Y105.994
G0 X111.599 Y105.994
M204 S500
G1 F3600 X108.397 Y106.852 E748.36074
M204 S2000
G0 F9000 X108.627 Y106.853
G0 X111.372 Y118.417
G0 X111.599 Y118.417
M204 S500
G1 F3600 X108.396 Y119.275 E748.47102
M204 S2000
G0 F9000 X108.627 Y119.276
G0 X108.627 Y121.768
G0 X108.396 Y121.767
M204 S500
G1 F3600 X111.601 Y124.972 E748.62178
M204 S2000
G0 F9000 X111.6 Y124.628
M204 S500
G1 F3600 X108.397 Y125.487 E748.73207
M204 S2000
G0 F9000 X108.627 Y125.488
G0 X110 Y100.9
G0 X110 Y100.613
M204 S500
;TYPE:SKIN
G1 F1585.9 X109.645 Y100.613 E748.74547
G1 F1651.4 X109.82 Y100.228 E748.76081
G1 F1756.1 X109.821 Y97.905 E748.84
G1 F1832.1 X109.821 Y95.582 E748.91591
G1 F1914.9 X109.822 Y93.259 E748.98854
G1 F2005.6 X109.823 Y90.936 E749.05788
G1 F2057.1 X110.173 Y90.935 E749.06807
G1 F2005.6 X110.173 Y93.258 E749.13741
G1 F1914.9 X110.172 Y95.581 E749.21004
G1 F1832.1 X110.172 Y97.904 E749.28595
G1 F1756.1 X110.172 Y100.227 E749.36515
G1 F1651.4 X110.346 Y100.613 E749.3805
G1 F1585.9 X110 Y100.613 E749.39356
M204 S2000
G0 F9000 X110 Y101.2
G1 F2400 E748.59356
;MESH:NONMESH
G0 F300 Z3.8
G0 F9000 X111.147 Y100.805
G0 X110.543 Y100.511
G0 X110.336 Y90.772
G0 X110 Y90.43
G0 X110 Y89.335
G0 X110 Y80.665
G0 X110 Y79.57
G0 X110 Y79.09
G0 X110 Y79.4
;TIME_ELAPSED:1078.388285
;LAYER:18
M204 S500
;TYPE:WALL-INNER
;MESH:Weather_station_stand.STL(3)
G1 F2400 E749.39356
G1 F1800 X111.584 Y79.4 E749.44624
G1 X111.584 Y50.6 E750.40413
G1 X110.892 Y50.6 E750.42715
G1 X110.646 Y50.548 E750.43551
G1 X110.491 Y50.447 E750.44167
G1 F1607.1 X110.246 Y50.057 E750.45882
G1 F1457.5 X110.246 Y40.646 E750.84539
G1 F1463.4 X109.754 Y40.646 E750.86552
G1 F1457.5 X109.75 Y50.057 E751.25209
G1 F1607.1 X109.505 Y50.447 E751.26925
G1 F1800 X109.35 Y50.548 E751.2754
G1 X109.104 Y50.6 E751.28376
G1 X108.412 Y50.6 E751.30678
G1 X108.412 Y79.4 E752.26467
G1 X110 Y79.4 E752.31749
M204 S2000
G0 F9000 X110 Y79.8
M204 S500
;TYPE:WALL-OUTER
G1 F1800 X111.984 Y79.8 E752.38347
G1 X111.984 Y50.2 E753.36797
G1 X110.892 Y50.2 E753.40429
G1 X110.758 Y50.149 E753.40906
G1 X110.692 Y50.018 E753.41394
G1 X110.692 Y40.2 E753.74049
G1 X109.308 Y40.2 E753.78652
G1 X109.304 Y50.018 E754.11307
G1 X109.238 Y50.149 E754.11795
G1 X109.104 Y50.2 E754.12272
G1 X108.012 Y50.2 E754.15904
G1 X108.012 Y79.8 E755.14354
G1 X110 Y79.8 E755.20966
M204 S2000
G0 F9000 X110 Y79.09
G0 X109.843 Y73.384
M204 S500
;TYPE:FILL
G1 F3600 X110.123 Y72.339 E755.24564
M204 S2000
G0 F9000 X109.645 Y72.816
M204 S500
G1 F3600 X110.135 Y73.306 E755.26869
M204 S2000
G0 F9000 X109.68 Y50.91
G0 X109.68 Y50.808
M204 S500
G1 F3600 X109.891 Y50.02 E755.29582
M204 S2000
G0 F9000 X110.286 Y50.281
M204 S500
G1 F3600 X109.581 Y50.47 E755.3201
M204 S2000
G0 F9000 X110.065 Y50.318
M204 S500
G1 F900 X108.692 Y51.691 E755.35885
M204 S2000
G0 F9000 X108.692 Y52.257
M204 S500
G1 F900 X109.713 Y51.236 E755.38766
M204 S2000
G0 F9000 X108.938 Y50.88
M204 S500
G1 F900 X108.692 Y51.125 E755.39459
M204 S2000
G0 F9000 X108.723 Y51.125
G0 X108.723 Y52.822
G0 X108.692 Y52.822
M204 S500
G1 F900 X110.678 Y50.836 E755.45064
M204 S2000
G0 F9000 X111.2 Y50.88
M204 S500
G1 F900 X108.692 Y53.388 E755.52142
M204 S2000
G0 F9000 X108.692 Y53.954
M204 S500
G1 F900 X111.304 Y51.342 E755.59514
M204 S2000
G0 F9000 X111.304 Y51.908
M204 S500
G1 F900 X108.692 Y54.519 E755.66884
M204 S2000
G0 F9000 X108.692 Y55.086
M204 S500
G1 F900 X111.304 Y52.474 E755.74256
M204 S2000
G0 F9000 X111.304 Y53.039
M204 S500
G1 F900 X108.692 Y55.651 E755.81627
M204 S2000
G0 F9000 X108.692 Y56.216
M204 S500
G1 F900 X111.304 Y53.605 E755.88998
M204 S2000
G0 F9000 X111.304 Y54.171
M204 S500
G1 F900 X108.704 Y56.771 E755.96335
M204 S2000
G0 F9000 X108.693 Y57.347
M204 S500
G1 F900 X111.304 Y54.736 E756.03704
M204 S2000
G0 F9000 X111.304 Y55.302
M204 S500
G1 F900 X110.249 Y56.356 E756.0668
M204 S2000
G0 F9000 X110.103 Y56.503
M204 S500
G1 F900 X108.694 Y57.912 E756.10657
M204 S2000
G0 F9000 X108.693 Y58.478
M204 S500
G1 F900 X111.304 Y55.868 E756.18024
M204 S2000
G0 F9000 X111.304 Y56.433
M204 S500
G1 F900 X108.693 Y59.044 E756.25393
M204 S2000
G0 F9000 X108.693 Y59.61
M204 S500
G1 F900 X111.304 Y56.999 E756.32762
M204 S2000
G0 F9000 X111.304 Y57.565
M204 S500
G1 F900 X108.694 Y60.175 E756.40128
M204 S2000
G0 F9000 X108.694 Y60.74
M204 S500
G1 F900 X111.304 Y58.131 E756.47492
M204 S2000
G0 F9000 X111.304 Y58.696
M204 S500
G1 F900 X108.694 Y61.306 E756.54858
M204 S2000
G0 F9000 X108.694 Y61.871
M204 S500
G1 F900 X111.304 Y59.262 E756.62223
M204 S2000
G0 F9000 X111.304 Y59.828
M204 S500
G1 F900 X108.694 Y62.437 E756.69587
M204 S2000
G0 F9000 X108.718 Y62.978
M204 S500
G1 F900 X111.304 Y60.393 E756.76884
M204 S2000
G0 F9000 X111.304 Y60.959
M204 S500
G1 F900 X108.692 Y63.57 E756.84254
M204 S2000
G0 F9000 X108.692 Y64.136
M204 S500
G1 F900 X111.304 Y61.525 E756.91625
M204 S2000
G0 F9000 X111.304 Y62.09
M204 S500
G1 F900 X108.692 Y64.702 E756.98996
M204 S2000
G0 F9000 X108.692 Y65.267
M204 S500
G1 F900 X111.303 Y62.657 E757.06364
M204 S2000
G0 F9000 X111.303 Y63.222
M204 S500
G1 F900 X108.692 Y65.833 E757.13732
M204 S2000
G0 F9000 X108.692 Y66.399
M204 S500
G1 F900 X111.303 Y63.788 E757.21101
M204 S2000
G0 F9000 X111.303 Y64.354
M204 S500
G1 F900 X108.692 Y66.964 E757.28469
M204 S2000
G0 F9000 X108.692 Y67.53
M204 S500
G1 F900 X111.304 Y64.919 E757.35839
M204 S2000
G0 F9000 X111.304 Y65.484
M204 S500
G1 F900 X108.692 Y68.096 E757.4321
M204 S2000
G0 F9000 X108.692 Y68.661
M204 S500
G1 F900 X111.304 Y66.05 E757.50581
M204 S2000
G0 F9000 X111.304 Y66.615
M204 S500
G1 F900 X108.692 Y69.227 E757.57952
M204 S2000
G0 F9000 X108.692 Y69.793
M204 S500
G1 F900 X111.304 Y67.181 E757.65324
M204 S2000
G0 F9000 X111.304 Y67.746
M204 S500
G1 F900 X108.692 Y70.359 E757.72697
M204 S2000
G0 F9000 X108.692 Y70.924
M204 S500
G1 F900 X111.304 Y68.312 E757.80069
M204 S2000
G0 F9000 X111.304 Y68.879
M204 S500
G1 F900 X108.692 Y71.49 E757.87439
M204 S2000
G0 F9000 X108.692 Y72.056
M204 S500
G1 F900 X111.304 Y69.444 E757.9481
M204 S2000
G0 F9000 X111.304 Y70.01
M204 S500
G1 F900 X108.692 Y72.621 E758.02181
M204 S2000
G0 F9000 X108.692 Y73.187
M204 S500
G1 F900 X111.304 Y70.576 E758.09551
M204 S2000
G0 F9000 X111.304 Y71.141
M204 S500
G1 F900 X108.692 Y73.753 E758.16922
M204 S2000
G0 F9000 X108.692 Y74.318
M204 S500
G1 F900 X109.82 Y73.191 E758.20105
M204 S2000
G0 F9000 X110.101 Y73.475
M204 S500
G1 F900 X111.304 Y72.273 E758.23498
M204 S2000
G0 F9000 X111.304 Y72.838
M204 S500
G1 F900 X108.692 Y75.45 E758.3087
M204 S2000
G0 F9000 X108.692 Y76.015
M204 S500
G1 F900 X111.304 Y73.404 E758.3824
M204 S2000
G0 F9000 X111.304 Y73.97
M204 S500
G1 F900 X108.692 Y76.581 E758.4561
M204 S2000
G0 F9000 X108.692 Y77.147
M204 S500
G1 F900 X111.304 Y74.535 E758.52982
M204 S2000
G0 F9000 X111.304 Y75.101
M204 S500
G1 F900 X108.692 Y77.712 E758.60352
M204 S2000
G0 F9000 X108.692 Y78.278
M204 S500
G1 F900 X111.304 Y75.667 E758.67722
M204 S2000
G0 F9000 X111.304 Y76.232
M204 S500
G1 F900 X108.692 Y78.844 E758.75094
M204 S2000
G0 F9000 X108.981 Y79.12
M204 S500
G1 F900 X111.304 Y76.798 E758.81649
M204 S2000
G0 F9000 X111.304 Y77.364
M204 S500
G1 F900 X109.547 Y79.12 E758.86606
M204 S2000
G0 F9000 X110.113 Y79.12
M204 S500
G1 F900 X111.304 Y77.93 E758.89966
M204 S2000
G0 F9000 X111.304 Y78.495
M204 S500
G1 F900 X110.678 Y79.12 E758.91731
M204 S2000
G0 F9000 X111.244 Y79.12
M204 S500
G1 F900 X111.304 Y79.061 E758.91899
M204 S2000
G0 F9000 X111.276 Y79.061
G0 X108.723 Y74.884
G0 X108.692 Y74.884
M204 S500
G1 F900 X109.915 Y73.661 E758.9535
M204 S2000
G0 F9000 X110.123 Y72.888
M204 S500
G1 F900 X111.304 Y71.707 E758.98684
M204 S2000
G0 F9000 X110.976 Y71.707
G1 F2400 E758.18684
;MESH:Weather_station_stand.STL(2)
G0 F9000 X111.756 Y79.09
G0 X112.851 Y79.09
G0 X117.148 Y79.092
G0 X118.243 Y79.092
G0 X118.788 Y79.09
G0 X118.788 Y79.4
M204 S500
;TYPE:WALL-INNER
G1 F2400 E758.98684
G1 F1800 X121.584 Y79.4 E759.07983
G1 X121.584 Y50.6 E760.03772
G1 X120.892 Y50.6 E760.06074
G1 X120.646 Y50.548 E760.0691
G1 X120.491 Y50.447 E760.07525
G1 F1607.1 X120.246 Y50.057 E760.09241
G1 F1457.5 X120.246 Y40.646 E760.47898
G1 F1463.4 X119.754 Y40.646 E760.49911
G1 F1457.5 X119.75 Y50.057 E760.88568
G1 F1607.1 X119.505 Y50.447 E760.90283
G1 F1800 X119.35 Y50.548 E760.90899
G1 X119.104 Y50.6 E760.91735
G1 X118.412 Y50.6 E760.94037
G1 X118.412 Y79.4 E761.89826
G1 X118.788 Y79.4 E761.91076
M204 S2000
G0 F9000 X118.762 Y79.8
M204 S500
;TYPE:WALL-OUTER
G1 F1800 X121.984 Y79.8 E762.01793
G1 X121.984 Y50.2 E763.00243
G1 X120.892 Y50.2 E763.03875
G1 X120.758 Y50.149 E763.04352
G1 X120.692 Y50.018 E763.04839
G1 X120.692 Y40.2 E763.37494
G1 X119.308 Y40.2 E763.42097
G1 X119.304 Y50.018 E763.74752
G1 X119.238 Y50.149 E763.7524
G1 X119.104 Y50.2 E763.75717
G1 X118.012 Y50.2 E763.79349
G1 X118.012 Y79.8 E764.77799
G1 X118.762 Y79.8 E764.80294
M204 S2000
G0 F9000 X118.762 Y79.09
G0 X119.843 Y73.384
M204 S500
;TYPE:FILL
G1 F3600 X120.123 Y72.339 E764.83892
M204 S2000
G0 F9000 X119.646 Y72.817
M204 S500
G1 F3600 X120.135 Y73.306 E764.86192
M204 S2000
G0 F9000 X119.681 Y50.91
G0 X119.681 Y50.807
M204 S500
G1 F3600 X119.892 Y50.02 E764.88902
M204 S2000
G0 F9000 X120.285 Y50.281
M204 S500
G1 F3600 X119.581 Y50.47 E764.91326
M204 S2000
G0 F9000 X120.066 Y50.317
M204 S500
G1 F900 X118.692 Y51.691 E764.95204
M204 S2000
G0 F9000 X118.692 Y52.257
M204 S500
G1 F900 X119.712 Y51.236 E764.98084
M204 S2000
G0 F9000 X118.937 Y50.88
M204 S500
G1 F900 X118.692 Y51.125 E764.98776
M204 S2000
G0 F9000 X118.723 Y51.125
G0 X118.723 Y52.822
G0 X118.692 Y52.822
M204 S500
G1 F900 X120.678 Y50.836 E765.04381
M204 S2000
G0 F9000 X121.2 Y50.88
M204 S500
G1 F900 X118.692 Y53.388 E765.11459
M204 S2000
G0 F9000 X118.692 Y53.954
M204 S500
G1 F900 X121.303 Y51.343 E765.18827
M204 S2000
G0 F9000 X121.303 Y51.909
M204 S500
G1 F900 X118.692 Y54.519 E765.26195
M204 S2000
G0 F9000 X118.692 Y55.085
M204 S500
G1 F900 X121.303 Y52.474 E765.33564
M204 S2000
G0 F9000 X121.303 Y53.04
M204 S500
G1 F900 X118.692 Y55.651 E765.40932
M204 S2000
G0 F9000 X118.692 Y56.216
M204 S500
G1 F900 X121.303 Y53.606 E765.483
M204 S2000
G0 F9000 X121.303 Y54.171
M204 S500
G1 F900 X118.703 Y56.771 E765.55638
M204 S2000
G0 F9000 X118.693 Y57.347
M204 S500
G1 F900 X121.303 Y54.737 E765.63004
M204 S2000
G0 F9000 X121.303 Y55.303
M204 S500
G1 F900 X120.25 Y56.356 E765.65975
M204 S2000
G0 F9000 X120.103 Y56.503
M204 S500
G1 F900 X118.693 Y57.913 E765.69955
M204 S2000
G0 F9000 X118.693 Y58.478
M204 S500
G1 F900 X121.303 Y55.869 E765.77319
M204 S2000
G0 F9000 X121.302 Y56.435
M204 S500
G1 F900 X118.693 Y59.044 E765.84682
M204 S2000
G0 F9000 X118.693 Y59.61
M204 S500
G1 F900 X121.302 Y57.001 E765.92046
M204 S2000
G0 F9000 X121.302 Y57.566
M204 S500
G1 F900 X118.694 Y60.175 E765.99407
M204 S2000
G0 F9000 X118.694 Y60.74
M204 S500
G1 F900 X121.303 Y58.131 E766.06771
M204 S2000
G0 F9000 X121.303 Y58.696
M204 S500
G1 F900 X118.694 Y61.306 E766.14135
M204 S2000
G0 F9000 X118.694 Y61.871
M204 S500
G1 F900 X121.303 Y59.262 E766.21498
M204 S2000
G0 F9000 X121.303 Y59.828
M204 S500
G1 F900 X118.694 Y62.437 E766.28861
M204 S2000
G0 F9000 X118.718 Y62.978
M204 S500
G1 F900 X121.303 Y60.393 E766.36157
M204 S2000
G0 F9000 X121.303 Y60.959
M204 S500
G1 F900 X118.692 Y63.57 E766.43526
M204 S2000
G0 F9000 X118.692 Y64.136
M204 S500
G1 F900 X121.303 Y61.525 E766.50894
M204 S2000
G0 F9000 X121.303 Y62.09
M204 S500
G1 F900 X118.692 Y64.702 E766.58265
M204 S2000
G0 F9000 X118.692 Y65.267
M204 S500
G1 F900 X121.303 Y62.657 E766.65632
M204 S2000
G0 F9000 X121.303 Y63.222
M204 S500
G1 F900 X118.692 Y65.833 E766.73001
M204 S2000
G0 F9000 X118.692 Y66.399
M204 S500
G1 F900 X121.303 Y63.788 E766.8037
M204 S2000
G0 F9000 X121.303 Y64.353
M204 S500
G1 F900 X118.692 Y66.964 E766.87739
M204 S2000
G0 F9000 X118.692 Y67.53
M204 S500
G1 F900 X121.303 Y64.919 E766.95107
M204 S2000
G0 F9000 X121.303 Y65.484
M204 S500
G1 F900 X118.692 Y68.096 E767.02478
M204 S2000
G0 F9000 X118.692 Y68.661
M204 S500
G1 F900 X121.303 Y66.05 E767.09846
M204 S2000
G0 F9000 X121.304 Y66.615
M204 S500
G1 F900 X118.692 Y69.227 E767.17218
M204 S2000
G0 F9000 X118.692 Y69.793
M204 S500
G1 F900 X121.304 Y67.181 E767.2459
M204 S2000
G0 F9000 X121.304 Y67.746
M204 S500
G1 F900 X118.692 Y70.359 E767.31963
M204 S2000
G0 F9000 X118.692 Y70.924
M204 S500
G1 F900 X121.304 Y68.312 E767.39334
M204 S2000
G0 F9000 X121.304 Y68.878
M204 S500
G1 F900 X118.692 Y71.49 E767.46706
M204 S2000
G0 F9000 X118.692 Y72.056
M204 S500
G1 F900 X121.304 Y69.444 E767.54078
M204 S2000
G0 F9000 X121.304 Y70.009
M204 S500
G1 F900 X118.692 Y72.621 E767.61449
M204 S2000
G0 F9000 X118.692 Y73.187
M204 S500
G1 F900 X121.304 Y70.575 E767.68821
M204 S2000
G0 F9000 X121.304 Y71.141
M204 S500
G1 F900 X118.692 Y73.753 E767.76192
M204 S2000
G0 F9000 X118.692 Y74.318
M204 S500
G1 F900 X119.819 Y73.192 E767.79372
M204 S2000
G0 F9000 X120.103 Y73.473
M204 S500
G1 F900 X121.304 Y72.272 E767.82761
M204 S2000
G0 F9000 X121.304 Y72.838
M204 S500
G1 F900 X118.692 Y75.45 E767.90133
M204 S2000
G0 F9000 X118.692 Y76.015
M204 S500
G1 F900 X121.304 Y73.403 E767.97504
M204 S2000
G0 F9000 X121.304 Y73.969
M204 S500
G1 F900 X118.692 Y76.581 E768.04876
M204 S2000
G0 F9000 X118.692 Y77.147
M204 S500
G1 F900 X121.304 Y74.535 E768.12248
M204 S2000
G0 F9000 X121.303 Y75.101
M204 S500
G1 F900 X118.692 Y77.712 E768.19616
M204 S2000
G0 F9000 X118.692 Y78.278
M204 S500
G1 F900 X121.303 Y75.667 E768.26985
M204 S2000
G0 F9000 X121.303 Y76.232
M204 S500
G1 F900 X118.692 Y78.844 E768.34355
M204 S2000
G0 F9000 X118.982 Y79.12
M204 S500
G1 F900 X121.303 Y76.798 E768.40907
M204 S2000
G0 F9000 X121.303 Y77.364
M204 S500
G1 F900 X119.548 Y79.12 E768.45862
M204 S2000
G0 F9000 X120.113 Y79.12
M204 S500
G1 F900 X121.303 Y77.93 E768.4922
M204 S2000
G0 F9000 X121.303 Y78.495
M204 S500
G1 F900 X120.679 Y79.12 E768.50983
M204 S2000
G0 F9000 X121.245 Y79.12
M204 S500
G1 F900 X121.303 Y79.061 E768.51148
M204 S2000
G0 F9000 X121.276 Y79.061
G0 X118.723 Y74.884
G0 X118.692 Y74.884
M204 S500
G1 F900 X119.917 Y73.659 E768.54605
M204 S2000
G0 F9000 X120.124 Y72.886
M204 S500
G1 F900 X121.304 Y71.706 E768.57935
M204 S2000
G0 F9000 X120.976 Y71.706
G1 F2400 E767.77935
;MESH:Weather_station_stand.STL(1)
G0 F9000 X118.723 Y79.57
G0 X118.723 Y80.665
G0 X118.482 Y88.479
G0 X118.454 Y99.347
G0 X118.723 Y100.43
G0 X118.723 Y127.469
G0 X118.412 Y127.468
M204 S500
;TYPE:WALL-INNER
G1 F2400 E768.57935
G1 F1800 X118.412 Y129.4 E768.64361
G1 X121.584 Y129.4 E768.74911
G1 X121.584 Y100.6 E769.707
G1 X120.892 Y100.6 E769.73002
G1 X120.646 Y100.548 E769.73838
G1 X120.491 Y100.447 E769.74453
G1 F1607.1 X120.246 Y100.057 E769.76169
G1 F1457.5 X120.246 Y90.646 E770.14826
G1 F1463.4 X119.754 Y90.646 E770.16839
G1 F1457.5 X119.75 Y100.057 E770.55496
G1 F1607.1 X119.505 Y100.447 E770.57211
G1 F1800 X119.35 Y100.548 E770.57827
G1 X119.104 Y100.6 E770.58663
G1 X118.412 Y100.6 E770.60965
G1 X118.412 Y127.468 E771.50328
M204 S2000
G1 F2400 E770.70328
G0 F9000 X118.723 Y127.469
G0 X118.693 Y129.12
G0 X118.2 Y129.8
M204 S500
;TYPE:WALL-OUTER
G1 F2400 E771.50328
G1 F1800 X121.984 Y129.8 E771.62914
G1 X121.984 Y100.2 E772.61364
G1 X120.892 Y100.2 E772.64996
G1 X120.758 Y100.149 E772.65472
G1 X120.692 Y100.018 E772.6596
G1 X120.692 Y90.2 E772.98615
G1 X119.308 Y90.2 E773.03218
G1 X119.304 Y100.018 E773.35873
G1 X119.238 Y100.149 E773.36361
G1 X119.104 Y100.2 E773.36838
G1 X118.012 Y100.2 E773.4047
G1 X118.012 Y129.8 E774.3892
G1 X118.2 Y129.8 E774.39545
M204 S2000
G0 F9000 X118.693 Y129.12
G0 X119.843 Y123.384
M204 S500
;TYPE:FILL
G1 F3600 X120.124 Y122.337 E774.43151
M204 S2000
G0 F9000 X119.645 Y122.816
M204 S500
G1 F3600 X120.135 Y123.306 E774.45456
M204 S2000
G0 F9000 X119.681 Y100.91
G0 X119.681 Y100.808
M204 S500
G1 F3600 X119.892 Y100.019 E774.48172
M204 S2000
G0 F9000 X120.285 Y100.282
M204 S500
G1 F3600 X119.58 Y100.471 E774.506
M204 S2000
G0 F9000 X120.065 Y100.317
M204 S500
G1 F900 X118.692 Y101.69 E774.54475
M204 S2000
G0 F9000 X118.692 Y101.125
M204 S500
G1 F900 X118.937 Y100.88 E774.55166
M204 S2000
G0 F9000 X119.714 Y101.234
M204 S500
G1 F900 X118.692 Y102.256 E774.5805
M204 S2000
G0 F9000 X118.692 Y102.822
M204 S500
G1 F900 X120.678 Y100.836 E774.63655
M204 S2000
G0 F9000 X121.2 Y100.88
M204 S500
G1 F900 X118.692 Y103.387 E774.70732
M204 S2000
G0 F9000 X118.692 Y103.953
M204 S500
G1 F900 X121.304 Y101.341 E774.78104
M204 S2000
G0 F9000 X121.304 Y101.907
M204 S500
G1 F900 X118.692 Y104.519 E774.85475
M204 S2000
G0 F9000 X118.692 Y105.085
M204 S500
G1 F900 X121.304 Y102.473 E774.92847
M204 S2000
G0 F9000 X121.304 Y103.038
M204 S500
G1 F900 X118.692 Y105.65 E775.00218
M204 S2000
G0 F9000 X118.692 Y106.216
M204 S500
G1 F900 X121.304 Y103.604 E775.0759
M204 S2000
G0 F9000 X121.304 Y104.17
M204 S500
G1 F900 X118.701 Y106.772 E775.14935
M204 S2000
G0 F9000 X118.693 Y107.347
M204 S500
G1 F900 X121.304 Y104.735 E775.22305
M204 S2000
G0 F9000 X121.304 Y105.301
M204 S500
G1 F900 X120.248 Y106.357 E775.25285
M204 S2000
G0 F9000 X120.102 Y106.503
M204 S500
G1 F900 X118.693 Y107.912 E775.29262
M204 S2000
G0 F9000 X118.693 Y108.478
M204 S500
G1 F900 X121.304 Y105.867 E775.36631
M204 S2000
G0 F9000 X121.304 Y106.432
M204 S500
G1 F900 X118.693 Y109.044 E775.44001
M204 S2000
G0 F9000 X118.693 Y109.609
M204 S500
G1 F900 X121.304 Y106.998 E775.5137
M204 S2000
G0 F9000 X121.304 Y107.564
M204 S500
G1 F900 X118.694 Y110.174 E775.58736
M204 S2000
G0 F9000 X118.694 Y110.74
M204 S500
G1 F900 X121.304 Y108.129 E775.66103
M204 S2000
G0 F9000 X121.304 Y108.695
M204 S500
G1 F900 X118.694 Y111.306 E775.7347
M204 S2000
G0 F9000 X118.694 Y111.871
M204 S500
G1 F900 X121.304 Y109.261 E775.80836
M204 S2000
G0 F9000 X121.304 Y109.826
M204 S500
G1 F900 X118.694 Y112.436 E775.88202
M204 S2000
G0 F9000 X118.718 Y112.979
M204 S500
G1 F900 X121.304 Y110.392 E775.95502
M204 S2000
G0 F9000 X121.304 Y110.958
M204 S500
G1 F900 X118.692 Y113.57 E776.02874
M204 S2000
G0 F9000 X118.692 Y114.136
M204 S500
G1 F900 X121.304 Y111.523 E776.10247
M204 S2000
G0 F9000 X121.304 Y112.089
M204 S500
G1 F900 X118.692 Y114.701 E776.17618
M204 S2000
G0 F9000 X118.692 Y115.267
M204 S500
G1 F900 X121.303 Y112.656 E776.24987
M204 S2000
G0 F9000 X121.303 Y113.222
M204 S500
G1 F900 X118.692 Y115.833 E776.32356
M204 S2000
G0 F9000 X118.692 Y116.398
M204 S500
G1 F900 X121.303 Y113.788 E776.39723
M204 S2000
G0 F9000 X121.303 Y114.353
M204 S500
G1 F900 X118.692 Y116.964 E776.47092
M204 S2000
G0 F9000 X118.692 Y117.53
M204 S500
G1 F900 X121.303 Y114.919 E776.54461
M204 S2000
G0 F9000 X121.303 Y115.485
M204 S500
G1 F900 X118.692 Y118.095 E776.61828
M204 S2000
G0 F9000 X118.692 Y118.661
M204 S500
G1 F900 X121.303 Y116.05 E776.69197
M204 S2000
G0 F9000 X121.304 Y116.615
M204 S500
G1 F900 X118.724 Y119.195 E776.76478
M204 S2000
G0 F9000 X118.692 Y119.792
M204 S500
G1 F900 X121.304 Y117.18 E776.8385
M204 S2000
G0 F9000 X121.304 Y117.746
M204 S500
G1 F900 X118.692 Y120.358 E776.91222
M204 S2000
G0 F9000 X118.692 Y120.924
M204 S500
G1 F900 X121.304 Y118.312 E776.98593
M204 S2000
G0 F9000 X121.304 Y118.877
M204 S500
G1 F900 X118.692 Y121.489 E777.05965
M204 S2000
G0 F9000 X118.692 Y122.055
M204 S500
G1 F900 X121.304 Y119.443 E777.13337
M204 S2000
G0 F9000 X121.304 Y120.009
M204 S500
G1 F900 X118.692 Y122.621 E777.20708
M204 S2000
G0 F9000 X118.692 Y123.186
M204 S500
G1 F900 X121.304 Y120.574 E777.2808
M204 S2000
G0 F9000 X121.304 Y121.14
M204 S500
G1 F900 X118.692 Y123.752 E777.35452
M204 S2000
G0 F9000 X118.692 Y124.318
M204 S500
G1 F900 X119.819 Y123.191 E777.38632
M204 S2000
G0 F9000 X120.102 Y123.474
M204 S500
G1 F900 X121.304 Y122.271 E777.42026
M204 S2000
G0 F9000 X121.304 Y121.706
M204 S500
G1 F900 X120.123 Y122.887 E777.45359
M204 S2000
G0 F9000 X119.916 Y123.66
M204 S500
G1 F900 X118.692 Y124.884 E777.48813
M204 S2000
G0 F9000 X118.692 Y125.449
M204 S500
G1 F900 X121.304 Y122.837 E777.56185
M204 S2000
G0 F9000 X121.304 Y123.403
M204 S500
G1 F900 X118.692 Y126.015 E777.63557
M204 S2000
G0 F9000 X118.692 Y126.581
M204 S500
G1 F900 X121.304 Y123.969 E777.70928
M204 S2000
G0 F9000 X121.304 Y124.534
M204 S500
G1 F900 X118.692 Y127.146 E777.783
M204 S2000
G0 F9000 X118.692 Y127.712
M204 S500
G1 F900 X121.304 Y125.1 E777.85671
M204 S2000
G0 F9000 X121.304 Y125.666
M204 S500
G1 F900 X118.692 Y128.278 E777.93043
M204 S2000
G0 F9000 X118.692 Y128.843
M204 S500
G1 F900 X121.304 Y126.231 E778.00415
M204 S2000
G0 F9000 X121.304 Y126.797
M204 S500
G1 F900 X118.981 Y129.121 E778.06972
M204 S2000
G0 F9000 X119.546 Y129.121
M204 S500
G1 F900 X121.304 Y127.363 E778.11934
M204 S2000
G0 F9000 X121.304 Y127.928
M204 S500
G1 F900 X120.112 Y129.121 E778.15299
M204 S2000
G0 F9000 X120.678 Y129.121
M204 S500
G1 F900 X121.304 Y128.494 E778.17067
M204 S2000
G0 F9000 X121.304 Y129.06
M204 S500
G1 F900 X121.243 Y129.121 E778.17239
M204 S2000
G0 F9000 X120.976 Y128.79
G1 F2400 E777.37239
;MESH:Weather_station_stand.STL
G0 F9000 X118.243 Y129.092
G0 X117.148 Y129.092
G0 X112.851 Y129.092
G0 X111.756 Y129.092
G0 X110 Y129.09
G0 X110 Y129.4
M204 S500
;TYPE:WALL-INNER
G1 F2400 E778.17239
G1 F1800 X111.584 Y129.4 E778.22508
G1 X111.584 Y100.6 E779.18297
G1 X110.892 Y100.6 E779.20599
G1 X110.646 Y100.548 E779.21435
G1 X110.491 Y100.447 E779.2205
G1 F1607.1 X110.246 Y100.057 E779.23766
G1 F1457.5 X110.246 Y90.646 E779.62423
G1 F1463.4 X109.754 Y90.646 E779.64435
G1 F1457.5 X109.75 Y100.057 E780.03092
G1 F1607.1 X109.505 Y100.447 E780.04808
G1 F1800 X109.35 Y100.548 E780.05423
G1 X109.104 Y100.6 E780.0626
G1 X108.412 Y100.6 E780.08561
G1 X108.412 Y129.4 E781.0435
G1 X110 Y129.4 E781.09632
M204 S2000
G0 F9000 X110 Y129.8
M204 S500
;TYPE:WALL-OUTER
G1 F1800 X111.984 Y129.8 E781.16231
G1 X111.984 Y100.2 E782.14681
G1 X110.892 Y100.2 E782.18313
G1 X110.758 Y100.149 E782.1879
G1 X110.692 Y100.018 E782.19278
G1 X110.692 Y90.2 E782.51933
G1 X109.308 Y90.2 E782.56536
G1 X109.304 Y100.018 E782.89191
G1 X109.238 Y100.149 E782.89678
G1 X109.104 Y100.2 E782.90155
G1 X108.012 Y100.2 E782.93787
G1 X108.012 Y129.8 E783.92237
G1 X110 Y129.8 E783.98849
M204 S2000
G0 F9000 X110 Y129.09
G0 X109.843 Y123.384
M204 S500
;TYPE:FILL
G1 F3600 X110.123 Y122.337 E784.02454
M204 S2000
G0 F9000 X109.645 Y122.816
M204 S500
G1 F3600 X110.135 Y123.305 E784.04757
M204 S2000
G0 F9000 X109.68 Y100.91
G0 X109.68 Y100.808
M204 S500
G1 F3600 X109.891 Y100.021 E784.07467
M204 S2000
G0 F9000 X110.286 Y100.281
M204 S500
G1 F3600 X109.581 Y100.47 E784.09894
M204 S2000
G0 F9000 X110.065 Y100.317
M204 S500
G1 F900 X108.692 Y101.69 E784.13769
M204 S2000
G0 F9000 X108.692 Y101.125
M204 S500
G1 F900 X108.937 Y100.88 E784.14461
M204 S2000
G0 F9000 X109.714 Y101.234
M204 S500
G1 F900 X108.692 Y102.256 E784.17345
M204 S2000
G0 F9000 X108.692 Y102.822
M204 S500
G1 F900 X110.678 Y100.836 E784.2295
M204 S2000
G0 F9000 X111.2 Y100.88
M204 S500
G1 F900 X108.692 Y103.387 E784.30027
M204 S2000
G0 F9000 X108.692 Y103.953
M204 S500
G1 F900 X111.304 Y101.342 E784.37397
M204 S2000
G0 F9000 X111.304 Y101.908
M204 S500
G1 F900 X108.692 Y104.519 E784.44767
M204 S2000
G0 F9000 X108.692 Y105.085
M204 S500
G1 F900 X111.304 Y102.473 E784.52139
M204 S2000
G0 F9000 X111.304 Y103.039
M204 S500
G1 F900 X108.692 Y105.65 E784.59509
M204 S2000
G0 F9000 X108.692 Y106.216
M204 S500
G1 F900 X111.304 Y103.605 E784.66879
M204 S2000
G0 F9000 X111.304 Y104.17
M204 S500
G1 F900 X108.704 Y106.77 E784.74217
M204 S2000
G0 F9000 X108.693 Y107.347
M204 S500
G1 F900 X111.304 Y104.736 E784.81586
M204 S2000
G0 F9000 X111.304 Y105.302
M204 S500
G1 F900 X110.249 Y106.357 E784.84563
M204 S2000
G0 F9000 X110.104 Y106.502
M204 S500
G1 F900 X108.693 Y107.912 E784.88544
M204 S2000
G0 F9000 X108.693 Y108.478
M204 S500
G1 F900 X111.304 Y105.867 E784.95913
M204 S2000
G0 F9000 X111.304 Y106.433
M204 S500
G1 F900 X108.693 Y109.044 E785.03281
M204 S2000
G0 F9000 X108.694 Y109.609
M204 S500
G1 F900 X111.304 Y106.999 E785.10647
M204 S2000
G0 F9000 X111.304 Y107.564
M204 S500
G1 F900 X108.694 Y110.174 E785.18013
M204 S2000
G0 F9000 X108.694 Y110.739
M204 S500
G1 F900 X111.304 Y108.129 E785.25379
M204 S2000
G0 F9000 X111.304 Y108.695
M204 S500
G1 F900 X108.694 Y111.305 E785.32745
M204 S2000
G0 F9000 X108.695 Y111.87
M204 S500
G1 F900 X111.304 Y109.261 E785.40108
M204 S2000
G0 F9000 X111.304 Y109.826
M204 S500
G1 F900 X108.695 Y112.436 E785.47473
M204 S2000
G0 F9000 X108.72 Y112.976
M204 S500
G1 F900 X111.304 Y110.392 E785.54766
M204 S2000
G0 F9000 X111.304 Y110.958
M204 S500
G1 F900 X108.692 Y113.57 E785.62137
M204 S2000
G0 F9000 X108.692 Y114.136
M204 S500
G1 F900 X111.304 Y111.523 E785.6951
M204 S2000
G0 F9000 X111.304 Y112.089
M204 S500
G1 F900 X108.692 Y114.701 E785.76882
M204 S2000
G0 F9000 X108.692 Y115.267
M204 S500
G1 F900 X111.304 Y112.655 E785.84254
M204 S2000
G0 F9000 X111.304 Y113.221
M204 S500
G1 F900 X108.692 Y115.833 E785.91625
M204 S2000
G0 F9000 X108.692 Y116.398
M204 S500
G1 F900 X111.304 Y113.786 E785.98997
M204 S2000
G0 F9000 X111.304 Y114.352
M204 S500
G1 F900 X108.692 Y116.964 E786.06368
M204 S2000
G0 F9000 X108.692 Y117.53
M204 S500
G1 F900 X111.304 Y114.918 E786.1374
M204 S2000
G0 F9000 X111.304 Y115.483
M204 S500
G1 F900 X108.692 Y118.095 E786.21112
M204 S2000
G0 F9000 X108.692 Y118.661
M204 S500
G1 F900 X111.304 Y116.049 E786.28483
M204 S2000
G0 F9000 X111.304 Y116.615
M204 S500
G1 F900 X108.725 Y119.193 E786.3576
M204 S2000
G0 F9000 X108.692 Y119.793
M204 S500
G1 F900 X111.304 Y117.181 E786.43132
M204 S2000
G0 F9000 X111.304 Y117.747
M204 S500
G1 F900 X108.692 Y120.359 E786.50504
M204 S2000
G0 F9000 X108.692 Y120.924
M204 S500
G1 F900 X111.304 Y118.312 E786.57875
M204 S2000
G0 F9000 X111.304 Y118.877
M204 S500
G1 F900 X108.692 Y121.49 E786.65248
M204 S2000
G0 F9000 X108.692 Y122.056
M204 S500
G1 F900 X111.304 Y119.443 E786.72621
M204 S2000
G0 F9000 X111.304 Y120.009
M204 S500
G1 F900 X108.692 Y122.621 E786.79993
M204 S2000
G0 F9000 X108.692 Y123.186
M204 S500
G1 F900 X111.304 Y120.574 E786.87365
M204 S2000
G0 F9000 X111.304 Y121.14
M204 S500
G1 F900 X108.692 Y123.752 E786.94736
M204 S2000
G0 F9000 X108.692 Y124.318
M204 S500
G1 F900 X109.819 Y123.191 E786.97917
M204 S2000
G0 F9000 X110.103 Y123.473
M204 S500
G1 F900 X111.304 Y122.271 E787.01308
M204 S2000
G0 F9000 X111.304 Y121.706
M204 S500
G1 F900 X110.123 Y122.887 E787.04641
M204 S2000
G0 F9000 X109.917 Y123.659
M204 S500
G1 F900 X108.692 Y124.884 E787.08098
M204 S2000
G0 F9000 X108.692 Y125.449
M204 S500
G1 F900 X111.304 Y122.837 E787.1547
M204 S2000
G0 F9000 X111.304 Y123.403
M204 S500
G1 F900 X108.692 Y126.015 E787.22841
M204 S2000
G0 F9000 X108.692 Y126.581
M204 S500
G1 F900 X111.304 Y123.969 E787.30213
M204 S2000
G0 F9000 X111.304 Y124.534
M204 S500
G1 F900 X108.692 Y127.146 E787.37585
M204 S2000
G0 F9000 X108.692 Y127.712
M204 S500
G1 F900 X111.304 Y125.101 E787.44955
M204 S2000
G0 F9000 X111.304 Y125.666
M204 S500
G1 F900 X108.692 Y128.278 E787.52326
M204 S2000
G0 F9000 X108.692 Y128.844
M204 S500
G1 F900 X111.304 Y126.232 E787.59698
M204 S2000
G0 F9000 X111.304 Y126.798
M204 S500
G1 F900 X108.981 Y129.12 E787.66253
M204 S2000
G0 F9000 X109.547 Y129.12
M204 S500
G1 F900 X111.304 Y127.363 E787.71211
M204 S2000
G0 F9000 X111.303 Y127.93
M204 S500
G1 F900 X110.113 Y129.12 E787.7457
M204 S2000
G0 F9000 X110.678 Y129.12
M204 S500
G1 F900 X111.303 Y128.495 E787.76334
M204 S2000
G0 F9000 X111.303 Y129.061
M204 S500
G1 F900 X111.244 Y129.12 E787.765
M204 S2000
G0 F9000 X110.976 Y128.79
G1 F2400 E786.965
;MESH:NONMESH
G0 F300 Z4
G0 F9000 X110 Y90.43
G0 X110 Y89.335
G0 X110 Y80.665
G0 X110 Y79.57
G0 X110 Y79.09
G0 X110 Y79.4
;TIME_ELAPSED:1175.353474
;LAYER:19
M204 S500
;TYPE:WALL-INNER
;MESH:Weather_station_stand.STL(3)
G1 F2400 E787.765
G1 F1800 X111.46 Y79.4 E787.81356
G1 X111.46 Y50.6 E788.77145
G1 X110.418 Y50.6 E788.80611
G1 X110.243 Y50.531 E788.81237
G1 X109.998 Y50.161 E788.82713
G1 X109.753 Y50.531 E788.84189
G1 X109.578 Y50.6 E788.84814
G1 X108.536 Y50.6 E788.8828
G1 X108.536 Y79.4 E789.84069
G1 X110 Y79.4 E789.88938
M204 S2000
G0 F9000 X110 Y79.8
M204 S500
;TYPE:WALL-OUTER
G1 F1800 X111.86 Y79.8 E789.95125
G1 X111.86 Y50.2 E790.93575
G1 X110.472 Y50.194 E790.98191
G1 F1551.7 X110.261 Y50.023 E790.99239
G1 F1368.8 X110.262 Y40.262 E791.41931
G1 F1374 X109.738 Y40.262 E791.44214
G1 F1368.8 X109.735 Y50.023 E791.86906
G1 F1551.7 X109.524 Y50.194 E791.87954
G1 F1800 X108.136 Y50.2 E791.9257
G1 X108.136 Y79.8 E792.9102
G1 X110 Y79.8 E792.9722
M204 S2000
G0 F9000 X110 Y79.09
G0 X109.73 Y75.483
G0 X109.511 Y75.482
M204 S500
;TYPE:FILL
G1 F3600 X110.489 Y75.219 E793.00588
M204 S2000
G0 F9000 X110.269 Y75.219
G0 X109.73 Y74.081
G0 X109.51 Y74.08
M204 S500
G1 F3600 X110.489 Y70.427 E793.13167
M204 S2000
G0 F9000 X110.269 Y70.427
G0 X110.269 Y69.008
G0 X110.488 Y69.008
M204 S500
G1 F3600 X109.511 Y69.27 E793.16531
M204 S2000
G0 F9000 X109.73 Y69.271
G0 X109.73 Y72.483
G0 X109.51 Y72.482
M204 S500
G1 F3600 X110.489 Y73.461 E793.21136
M204 S2000
G0 F9000 X110.269 Y73.461
G0 X110.269 Y64.975
G0 X110.489 Y64.975
M204 S500
G1 F3600 X109.51 Y63.997 E793.25739
M204 S2000
G0 F9000 X109.511 Y63.058
M204 S500
G1 F3600 X110.489 Y62.796 E793.29106
M204 S2000
G0 F9000 X110.269 Y62.796
G0 X109.73 Y56.847
G0 X109.511 Y56.846
M204 S500
G1 F3600 X110.489 Y56.584 E793.32474
G1 X110.489 Y56.49
G1 X109.51 Y55.511 E793.37079
M204 S2000
G0 F9000 X109.73 Y55.512
G0 X109.73 Y50.897
G0 X109.511 Y50.896
M204 S500
G1 F3600 X109.566 Y50.688 E793.37794
M204 S2000
G0 F9000 X109.802 Y50.557
M204 S500
G1 F3600 X110.136 Y50.467 E793.38945
M204 S2000
G0 F9000 X110.136 Y50.91
G0 X110.269 Y78.997
G0 X110.571 Y78.997
M204 S500
;TYPE:SKIN
G1 F1481.5 X110.571 Y51.003 E794.52072
G1 X111.057 Y51.003 E794.54036
G1 X111.057 Y78.997 E795.67162
G1 X110.571 Y78.997 E795.69126
M204 S2000
G0 F9000 X110.269 Y78.997
G0 X109.73 Y78.998
G0 X109.425 Y78.997
M204 S500
G1 F1481.5 X108.939 Y78.997 E795.7109
G1 X108.939 Y51.003 E796.84217
G1 X109.425 Y51.003 E796.86181
G1 X109.425 Y78.997 E797.99308
M204 S2000
G0 F9000 X110.03 Y78.79
G1 F2400 E797.19308
;MESH:Weather_station_stand.STL(2)
G0 F9000 X110.341 Y79.228
G0 X111.633 Y79.4
G0 X112.728 Y79.4
G0 X117.271 Y79.402
G0 X118.788 Y79.4
M204 S500
;TYPE:WALL-INNER
G1 F2400 E797.99308
G1 F1800 X121.46 Y79.4 E798.08195
G1 X121.46 Y50.6 E799.03984
G1 X120.418 Y50.6 E799.0745
G1 X120.243 Y50.531 E799.08075
G1 X119.998 Y50.161 E799.09551
G1 X119.753 Y50.531 E799.11027
G1 X119.578 Y50.6 E799.11653
G1 X118.536 Y50.6 E799.15119
G1 X118.536 Y79.4 E800.10908
G1 X118.788 Y79.4 E800.11746
M204 S2000
G0 F9000 X118.762 Y79.8
M204 S500
;TYPE:WALL-OUTER
G1 F1800 X121.86 Y79.8 E800.2205
G1 X121.86 Y50.2 E801.205
G1 X120.472 Y50.194 E801.25117
G1 F1551.7 X120.261 Y50.023 E801.26164
G1 F1368.8 X120.262 Y40.262 E801.68856
G1 F1374 X119.738 Y40.262 E801.71139
G1 F1368.8 X119.735 Y50.023 E802.13831
G1 F1551.7 X119.524 Y50.194 E802.14879
G1 F1800 X118.136 Y50.2 E802.19495
G1 X118.136 Y79.8 E803.17945
G1 X118.762 Y79.8 E803.20028
M204 S2000
G1 F2400 E802.40028
G0 F9000 X118.762 Y79.49
G0 X119.658 Y79.228
G0 X119.73 Y75.482
G0 X119.51 Y75.481
M204 S500
;TYPE:FILL
G1 F2400 E803.20028
G1 F3600 X120.489 Y75.219 E803.23398
M204 S2000
G0 F9000 X120.269 Y75.219
G0 X119.73 Y74.085
G0 X119.51 Y74.084
M204 S500
G1 F3600 X120.489 Y70.431 E803.35977
M204 S2000
G0 F9000 X120.269 Y70.431
G0 X120.269 Y69.008
G0 X120.488 Y69.008
M204 S500
G1 F3600 X119.511 Y69.27 E803.39341
M204 S2000
G0 F9000 X119.73 Y69.271
G0 X119.73 Y72.483
G0 X119.51 Y72.482
M204 S500
G1 F3600 X120.489 Y73.461 E803.43946
M204 S2000
G0 F9000 X120.269 Y73.461
G0 X120.269 Y64.975
G0 X120.489 Y64.975
M204 S500
G1 F3600 X119.51 Y63.997 E803.48549
M204 S2000
G0 F9000 X119.511 Y63.058
M204 S500
G1 F3600 X120.488 Y62.796 E803.51913
M204 S2000
G0 F9000 X120.269 Y62.796
G0 X119.73 Y56.847
G0 X119.511 Y56.846
M204 S500
G1 F3600 X120.489 Y56.584 E803.55281
G1 X120.489 Y56.49
G1 X119.51 Y55.511 E803.59886
M204 S2000
G0 F9000 X119.73 Y55.512
G0 X119.73 Y50.899
G0 X119.511 Y50.898
M204 S500
G1 F3600 X119.567 Y50.687 E803.60612
M204 S2000
G0 F9000 X119.802 Y50.557
M204 S500
G1 F3600 X120.135 Y50.467 E803.61759
M204 S2000
G0 F9000 X120.135 Y50.91
G0 X120.269 Y78.997
G0 X120.571 Y78.997
M204 S500
;TYPE:SKIN
G1 F1481.5 X120.571 Y51.003 E804.74886
G1 X121.057 Y51.003 E804.7685
G1 X121.057 Y78.997 E805.89976
G1 X120.571 Y78.997 E805.9194
M204 S2000
G0 F9000 X120.269 Y78.997
G0 X119.73 Y76.977
G0 X118.939 Y76.976
M204 S500
G1 F1481.5 X118.939 Y51.003 E806.969
G1 X119.425 Y51.003 E806.98864
G1 X119.425 Y78.997 E808.11991
G1 X118.939 Y78.997 E808.13955
G1 X118.939 Y76.976 E808.22122
M204 S2000
G0 F9000 X119.969 Y76.977
G1 F2400 E807.42122
;MESH:Weather_station_stand.STL(1)
G0 F9000 X119.658 Y79.228
G0 X118.536 Y79.57
G0 X118.536 Y80.665
G0 X118.536 Y99.335
G0 X118.536 Y126.104
M204 S500
;TYPE:WALL-INNER
G1 F2400 E808.22122
G1 F1800 X118.536 Y129.4 E808.33084
G1 X121.46 Y129.4 E808.4281
G1 X121.46 Y100.6 E809.38599
G1 X120.418 Y100.6 E809.42065
G1 X120.243 Y100.531 E809.4269
G1 X119.998 Y100.161 E809.44166
G1 X119.753 Y100.531 E809.45642
G1 X119.578 Y100.6 E809.46268
G1 X118.536 Y100.6 E809.49733
G1 X118.536 Y126.104 E810.3456
M204 S2000
G1 F2400 E809.5456
G0 F9000 X118.416 Y129.52
G0 X118.2 Y129.8
M204 S500
;TYPE:WALL-OUTER
G1 F2400 E810.3456
G1 F1800 X121.86 Y129.8 E810.46733
G1 X121.86 Y100.2 E811.45183
G1 X120.472 Y100.194 E811.498
G1 F1551.7 X120.261 Y100.023 E811.50848
G1 F1368.8 X120.262 Y90.262 E811.93539
G1 F1374 X119.738 Y90.262 E811.95823
G1 F1368.8 X119.735 Y100.023 E812.38514
G1 F1551.7 X119.524 Y100.194 E812.39562
G1 F1800 X118.136 Y100.2 E812.44179
G1 X118.136 Y129.8 E813.42629
G1 X118.2 Y129.8 E813.42842
M204 S2000
G1 F2400 E812.62842
G0 F9000 X118.416 Y129.52
G0 X119.658 Y129.228
G0 X119.73 Y125.483
G0 X119.51 Y125.482
M204 S500
;TYPE:FILL
G1 F2400 E813.42842
G1 F3600 X120.489 Y125.22 E813.46212
M204 S2000
G0 F9000 X120.269 Y125.22
G0 X119.73 Y124.085
G0 X119.51 Y124.084
M204 S500
G1 F3600 X120.489 Y120.431 E813.58791
M204 S2000
G0 F9000 X120.269 Y120.431
G0 X120.269 Y119.008
G0 X120.488 Y119.008
M204 S500
G1 F3600 X119.511 Y119.27 E813.62155
M204 S2000
G0 F9000 X119.73 Y119.271
G0 X119.73 Y122.482
G0 X119.51 Y122.481
M204 S500
G1 F3600 X120.49 Y123.461 E813.66765
M204 S2000
G0 F9000 X120.269 Y123.461
G0 X120.269 Y114.976
G0 X120.49 Y114.976
M204 S500
G1 F3600 X119.51 Y113.996 E813.71375
M204 S2000
G0 F9000 X119.511 Y113.059
M204 S500
G1 F3600 X120.488 Y112.797 E813.74739
M204 S2000
G0 F9000 X120.269 Y112.797
G0 X119.73 Y106.848
G0 X119.511 Y106.847
M204 S500
G1 F3600 X120.489 Y106.585 E813.78106
G1 X120.49 Y106.49
G1 X119.51 Y105.511 E813.82714
M204 S2000
G0 F9000 X119.73 Y105.512
G0 X119.73 Y100.9
G0 X119.511 Y100.899
M204 S500
G1 F3600 X119.567 Y100.688 E813.8344
M204 S2000
G0 F9000 X119.802 Y100.557
M204 S500
G1 F3600 X120.137 Y100.468 E813.84593
M204 S2000
G0 F9000 X120.137 Y100.91
G0 X120.269 Y128.997
G0 X120.571 Y128.997
M204 S500
;TYPE:SKIN
G1 F1481.5 X120.571 Y101.003 E814.97719
G1 X121.057 Y101.003 E814.99683
G1 X121.057 Y128.997 E816.1281
G1 X120.571 Y128.997 E816.14774
M204 S2000
G0 F9000 X120.269 Y128.997
G0 X119.73 Y121.672
G0 X118.939 Y121.671
M204 S500
G1 F1481.5 X118.939 Y101.003 E816.98296
G1 X119.425 Y101.003 E817.0026
G1 X119.425 Y128.997 E818.13386
G1 X118.939 Y128.997 E818.1535
G1 X118.939 Y121.671 E818.44956
M204 S2000
G0 F9000 X119.969 Y121.672
G1 F2400 E817.64956
;MESH:Weather_station_stand.STL
G0 F9000 X119.658 Y129.228
G0 X118.803 Y129.228
G0 X118.366 Y129.092
G0 X117.271 Y129.092
G0 X112.728 Y129.092
G0 X111.633 Y129.092
G0 X111.288 Y129.228
G0 X110.436 Y129.228
G0 X110 Y129.09
G0 X110 Y129.4
M204 S500
;TYPE:WALL-INNER
G1 F2400 E818.44956
G1 F1800 X111.46 Y129.4 E818.49812
G1 X111.46 Y100.6 E819.45601
G1 X110.418 Y100.6 E819.49066
G1 X110.243 Y100.531 E819.49692
G1 X109.998 Y100.161 E819.51168
G1 X109.753 Y100.531 E819.52644
G1 X109.578 Y100.6 E819.5327
G1 X108.536 Y100.6 E819.56735
G1 X108.536 Y129.4 E820.52525
G1 X110 Y129.4 E820.57394
M204 S2000
G0 F9000 X110 Y129.8
M204 S500
;TYPE:WALL-OUTER
G1 F1800 X111.86 Y129.8 E820.6358
G1 X111.86 Y100.2 E821.6203
G1 X110.472 Y100.194 E821.66647
G1 F1551.7 X110.261 Y100.023 E821.67695
G1 F1368.8 X110.262 Y90.262 E822.10386
G1 F1374 X109.738 Y90.262 E822.12669
G1 F1368.8 X109.735 Y100.023 E822.55361
G1 F1551.7 X109.524 Y100.194 E822.56409
G1 F1800 X108.136 Y100.2 E822.61026
G1 X108.136 Y129.8 E823.59476
G1 X110 Y129.8 E823.65675
M204 S2000
G0 F9000 X110 Y129.09
G0 X109.73 Y125.482
G0 X109.51 Y125.481
M204 S500
;TYPE:FILL
G1 F3600 X110.489 Y125.219 E823.69046
M204 S2000
G0 F9000 X110.269 Y125.219
G0 X109.73 Y124.08
G0 X109.51 Y124.079
M204 S500
G1 F3600 X110.489 Y120.427 E823.81622
M204 S2000
G0 F9000 X110.269 Y120.427
G0 X110.269 Y119.008
G0 X110.488 Y119.008
M204 S500
G1 F3600 X109.511 Y119.27 E823.84986
M204 S2000
G0 F9000 X109.73 Y119.271
G0 X109.73 Y122.482
G0 X109.51 Y122.481
M204 S500
G1 F3600 X110.489 Y123.46 E823.89591
M204 S2000
G0 F9000 X110.269 Y123.46
G0 X110.269 Y114.975
G0 X110.489 Y114.975
M204 S500
G1 F3600 X109.51 Y113.996 E823.94196
M204 S2000
G0 F9000 X109.511 Y113.058
M204 S500
G1 F3600 X110.489 Y112.796 E823.97563
M204 S2000
G0 F9000 X110.269 Y112.796
G0 X109.73 Y106.847
G0 X109.511 Y106.846
M204 S500
G1 F3600 X110.489 Y106.584 E824.00931
G1 X110.489 Y106.49
G1 X109.51 Y105.511 E824.05536
M204 S2000
G0 F9000 X109.73 Y105.512
G0 X109.73 Y100.896
G0 X109.511 Y100.895
M204 S500
G1 F3600 X109.566 Y100.688 E824.06248
M204 S2000
G0 F9000 X109.803 Y100.556
M204 S500
G1 F3600 X110.136 Y100.467 E824.07395
M204 S2000
G0 F9000 X110.136 Y100.91
G0 X110.269 Y128.997
G0 X110.571 Y128.997
M204 S500
;TYPE:SKIN
G1 F1481.5 X110.571 Y101.003 E825.20521
G1 X111.057 Y101.003 E825.22485
G1 X111.057 Y128.997 E826.35612
G1 X110.571 Y128.997 E826.37576
M204 S2000
G0 F9000 X110.269 Y128.997
G0 X109.73 Y128.998
G0 X109.425 Y128.997
M204 S500
G1 F1481.5 X108.939 Y128.997 E826.3954
G1 X108.939 Y101.003 E827.52667
G1 X109.425 Y101.003 E827.54631
G1 X109.425 Y128.997 E828.67757
M204 S2000
G0 F9000 X110.03 Y128.79
G1 F2400 E827.87757
;MESH:NONMESH
G0 F300 Z4.2
G0 F9000 X110 Y90.43
G0 X110 Y89.335
G0 X110 Y80.665
G0 X110 Y79.57
G0 X110 Y79.09
G0 X110 Y79.4
;TIME_ELAPSED:1232.298412
;LAYER:20
M204 S500
;TYPE:WALL-INNER
;MESH:Weather_station_stand.STL(3)
G1 F2400 E828.67757
G1 F1800 X111.308 Y79.4 E828.72108
G1 X111.308 Y50.6 E829.67897
G1 X108.688 Y50.6 E829.76611
G1 X108.688 Y79.4 E830.724
G1 X110 Y79.4 E830.76764
M204 S2000
G0 F9000 X110 Y79.8
M204 S500
;TYPE:WALL-OUTER
G1 F1800 X111.708 Y79.8 E830.82445
G1 X111.708 Y50.2 E831.80895
G1 X108.288 Y50.2 E831.9227
G1 X108.288 Y79.8 E832.9072
G1 X110 Y79.8 E832.96414
M204 S2000
G0 F9000 X110 Y79.04
M204 S500
;TYPE:SKIN
G1 F1800 X109.048 Y79.04 E832.9958
G1 X109.048 Y50.96 E833.92975
G1 X110.948 Y50.96 E833.99294
G1 X110.948 Y79.04 E834.92689
G1 X110 Y79.04 E834.95842
M204 S2000
G0 F9000 X109.248 Y78.701
M204 S500
G1 F1800 X109.387 Y78.84 E834.96496
M204 S2000
G0 F9000 X109.952 Y78.84
M204 S500
G1 F1800 X109.248 Y78.135 E834.99809
M204 S2000
G0 F9000 X109.248 Y77.57
M204 S500
G1 F1800 X110.518 Y78.84 E835.05783
M204 S2000
G0 F9000 X110.748 Y78.504
M204 S500
G1 F1800 X109.248 Y77.004 E835.12839
M204 S2000
G0 F9000 X109.248 Y76.438
M204 S500
G1 F1800 X110.748 Y77.938 E835.19894
M204 S2000
G0 F9000 X110.748 Y77.372
M204 S500
G1 F1800 X109.248 Y75.873 E835.26947
M204 S2000
G0 F9000 X109.248 Y75.307
M204 S500
G1 F1800 X110.748 Y76.807 E835.34003
M204 S2000
G0 F9000 X110.748 Y76.241
M204 S500
G1 F1800 X109.248 Y74.741 E835.41058
M204 S2000
G0 F9000 X109.248 Y74.176
M204 S500
G1 F1800 X110.748 Y75.675 E835.48112
M204 S2000
G0 F9000 X110.748 Y75.11
M204 S500
G1 F1800 X109.248 Y73.61 E835.55167
M204 S2000
G0 F9000 X109.248 Y73.044
M204 S500
G1 F1800 X110.748 Y74.544 E835.62223
M204 S2000
G0 F9000 X110.748 Y73.978
M204 S500
G1 F1800 X109.248 Y72.478 E835.69278
M204 S2000
G0 F9000 X109.248 Y71.913
M204 S500
G1 F1800 X110.748 Y73.413 E835.76334
M204 S2000
G0 F9000 X110.748 Y72.847
M204 S500
G1 F1800 X109.248 Y71.347 E835.83389
M204 S2000
G0 F9000 X109.248 Y70.781
M204 S500
G1 F1800 X110.748 Y72.281 E835.90445
M204 S2000
G0 F9000 X110.748 Y71.715
M204 S500
G1 F1800 X109.248 Y70.216 E835.97498
M204 S2000
G0 F9000 X109.248 Y69.65
M204 S500
G1 F1800 X110.748 Y71.15 E836.04554
M204 S2000
G0 F9000 X110.748 Y70.584
M204 S500
G1 F1800 X109.248 Y69.084 E836.11609
M204 S2000
G0 F9000 X109.248 Y68.519
M204 S500
G1 F1800 X110.748 Y70.018 E836.18662
M204 S2000
G0 F9000 X110.748 Y69.453
M204 S500
G1 F1800 X109.248 Y67.953 E836.25718
M204 S2000
G0 F9000 X109.248 Y67.387
M204 S500
G1 F1800 X110.748 Y68.887 E836.32773
M204 S2000
G0 F9000 X110.748 Y68.321
M204 S500
G1 F1800 X109.248 Y66.822 E836.39827
M204 S2000
G0 F9000 X109.248 Y66.256
M204 S500
G1 F1800 X110.748 Y67.756 E836.46882
M204 S2000
G0 F9000 X110.748 Y67.19
M204 S500
G1 F1800 X109.248 Y65.69 E836.53938
M204 S2000
G0 F9000 X109.248 Y65.125
M204 S500
G1 F1800 X110.748 Y66.624 E836.60991
M204 S2000
G0 F9000 X110.748 Y66.059
M204 S500
G1 F1800 X109.248 Y64.559 E836.68046
M204 S2000
G0 F9000 X109.248 Y63.993
M204 S500
G1 F1800 X110.748 Y65.493 E836.75102
M204 S2000
G0 F9000 X110.748 Y64.927
M204 S500
G1 F1800 X109.248 Y63.427 E836.82157
M204 S2000
G0 F9000 X109.248 Y62.862
M204 S500
G1 F1800 X110.748 Y64.362 E836.89213
M204 S2000
G0 F9000 X110.748 Y63.796
M204 S500
G1 F1800 X109.248 Y62.296 E836.96269
M204 S2000
G0 F9000 X109.248 Y61.73
M204 S500
G1 F1800 X110.748 Y63.23 E837.03324
M204 S2000
G0 F9000 X110.748 Y62.665
M204 S500
G1 F1800 X109.248 Y61.165 E837.1038
M204 S2000
G0 F9000 X109.248 Y60.599
M204 S500
G1 F1800 X110.748 Y62.099 E837.17435
M204 S2000
G0 F9000 X110.748 Y61.533
M204 S500
G1 F1800 X109.248 Y60.033 E837.24491
M204 S2000
G0 F9000 X109.248 Y59.468
M204 S500
G1 F1800 X110.748 Y60.967 E837.31544
M204 S2000
G0 F9000 X110.748 Y60.402
M204 S500
G1 F1800 X109.248 Y58.902 E837.38599
M204 S2000
G0 F9000 X109.248 Y58.336
M204 S500
G1 F1800 X110.748 Y59.836 E837.45655
M204 S2000
G0 F9000 X110.748 Y59.27
M204 S500
G1 F1800 X109.248 Y57.771 E837.52708
M204 S2000
G0 F9000 X109.248 Y57.205
M204 S500
G1 F1800 X110.748 Y58.705 E837.59764
M204 S2000
G0 F9000 X110.748 Y58.139
M204 S500
G1 F1800 X109.248 Y56.639 E837.66819
M204 S2000
G0 F9000 X109.248 Y56.074
M204 S500
G1 F1800 X110.748 Y57.573 E837.73872
M204 S2000
G0 F9000 X110.748 Y57.008
M204 S500
G1 F1800 X109.248 Y55.508 E837.80928
M204 S2000
G0 F9000 X109.248 Y54.942
M204 S500
G1 F1800 X110.748 Y56.442 E837.87983
M204 S2000
G0 F9000 X110.748 Y55.876
M204 S500
G1 F1800 X109.248 Y54.377 E837.95037
M204 S2000
G0 F9000 X109.248 Y53.811
M204 S500
G1 F1800 X110.748 Y55.311 E838.02092
M204 S2000
G0 F9000 X110.748 Y54.745
M204 S500
G1 F1800 X109.248 Y53.245 E838.09148
M204 S2000
G0 F9000 X109.248 Y52.679
M204 S500
G1 F1800 X110.748 Y54.179 E838.16203
M204 S2000
G0 F9000 X110.748 Y53.614
M204 S500
G1 F1800 X109.248 Y52.114 E838.23259
M204 S2000
G0 F9000 X109.248 Y51.548
M204 S500
G1 F1800 X110.748 Y53.048 E838.30314
M204 S2000
G0 F9000 X110.748 Y52.482
M204 S500
G1 F1800 X109.426 Y51.161 E838.3653
M204 S2000
G0 F9000 X109.992 Y51.161
M204 S500
G1 F1800 X110.748 Y51.916 E838.40084
M204 S2000
G0 F9000 X110.748 Y51.351
M204 S500
G1 F1800 X110.558 Y51.161 E838.40978
M204 S2000
G1 F2400 E837.60978
;MESH:Weather_station_stand.STL(2)
G0 F9000 X110.558 Y50.7
G0 X111.136 Y50.772
G0 X111.48 Y79.4
G0 X112.575 Y79.4
G0 X117.424 Y79.402
G0 X118.788 Y79.4
M204 S500
;TYPE:WALL-INNER
G1 F2400 E838.40978
G1 F1800 X121.308 Y79.4 E838.49359
G1 X121.308 Y50.6 E839.45148
G1 X118.688 Y50.6 E839.53863
G1 X118.688 Y79.4 E840.49652
G1 X118.788 Y79.4 E840.49984
M204 S2000
G0 F9000 X118.762 Y79.8
M204 S500
;TYPE:WALL-OUTER
G1 F1800 X121.708 Y79.8 E840.59783
G1 X121.708 Y50.2 E841.58233
G1 X118.288 Y50.2 E841.69608
G1 X118.288 Y79.8 E842.68058
G1 X118.762 Y79.8 E842.69634
M204 S2000
G1 F2400 E841.89634
G0 F9000 X118.762 Y79.49
G0 X118.788 Y75.232
G0 X119.048 Y75.232
M204 S500
;TYPE:SKIN
G1 F2400 E842.69634
G1 F1800 X119.048 Y50.96 E843.50363
G1 X120.948 Y50.96 E843.56683
G1 X120.948 Y79.04 E844.50077
G1 X119.048 Y79.04 E844.56397
G1 X119.048 Y75.232 E844.69062
M204 S2000
G1 F2400 E843.89062
G0 F9000 X118.788 Y75.232
G0 X118.788 Y78.519
G0 X119.248 Y78.519
M204 S500
G1 F2400 E844.69062
G1 F1800 X119.569 Y78.84 E844.70572
M204 S2000
G0 F9000 X120.135 Y78.84
M204 S500
G1 F1800 X119.248 Y77.953 E844.74744
M204 S2000
G0 F9000 X119.248 Y77.387
M204 S500
G1 F1800 X120.7 Y78.84 E844.81576
M204 S2000
G0 F9000 X120.748 Y78.321
M204 S500
G1 F1800 X119.248 Y76.821 E844.88632
M204 S2000
G0 F9000 X119.248 Y76.256
M204 S500
G1 F1800 X120.748 Y77.756 E844.95687
M204 S2000
G0 F9000 X120.748 Y77.19
M204 S500
G1 F1800 X119.248 Y75.69 E845.02743
M204 S2000
G0 F9000 X119.248 Y75.124
M204 S500
G1 F1800 X120.748 Y76.624 E845.09798
M204 S2000
G0 F9000 X120.748 Y76.059
M204 S500
G1 F1800 X119.248 Y74.559 E845.16854
M204 S2000
G0 F9000 X119.248 Y73.993
M204 S500
G1 F1800 X120.748 Y75.493 E845.23909
M204 S2000
G0 F9000 X120.748 Y74.927
M204 S500
G1 F1800 X119.248 Y73.427 E845.30965
M204 S2000
G0 F9000 X119.248 Y72.862
M204 S500
G1 F1800 X120.748 Y74.361 E845.38018
M204 S2000
G0 F9000 X120.748 Y73.796
M204 S500
G1 F1800 X119.248 Y72.296 E845.45074
M204 S2000
G0 F9000 X119.248 Y71.73
M204 S500
G1 F1800 X120.748 Y73.23 E845.52129
M204 S2000
G0 F9000 X120.748 Y72.664
M204 S500
G1 F1800 X119.248 Y71.165 E845.59182
M204 S2000
G0 F9000 X119.248 Y70.599
M204 S500
G1 F1800 X120.748 Y72.099 E845.66238
M204 S2000
G0 F9000 X120.748 Y71.533
M204 S500
G1 F1800 X119.248 Y70.033 E845.73294
M204 S2000
G0 F9000 X119.248 Y69.468
M204 S500
G1 F1800 X120.748 Y70.967 E845.80347
M204 S2000
G0 F9000 X120.748 Y70.402
M204 S500
G1 F1800 X119.248 Y68.902 E845.87402
M204 S2000
G0 F9000 X119.248 Y68.336
M204 S500
G1 F1800 X120.748 Y69.836 E845.94458
M204 S2000
G0 F9000 X120.748 Y69.27
M204 S500
G1 F1800 X119.248 Y67.771 E846.01511
M204 S2000
G0 F9000 X119.248 Y67.205
M204 S500
G1 F1800 X120.748 Y68.705 E846.08567
M204 S2000
G0 F9000 X120.748 Y68.139
M204 S500
G1 F1800 X119.248 Y66.639 E846.15622
M204 S2000
G0 F9000 X119.248 Y66.073
M204 S500
G1 F1800 X120.748 Y67.573 E846.22678
M204 S2000
G0 F9000 X120.748 Y67.008
M204 S500
G1 F1800 X119.248 Y65.508 E846.29733
M204 S2000
G0 F9000 X119.248 Y64.942
M204 S500
G1 F1800 X120.748 Y66.442 E846.36789
M204 S2000
G0 F9000 X120.748 Y65.876
M204 S500
G1 F1800 X119.248 Y64.376 E846.43844
M204 S2000
G0 F9000 X119.248 Y63.811
M204 S500
G1 F1800 X120.748 Y65.311 E846.509
M204 S2000
G0 F9000 X120.748 Y64.745
M204 S500
G1 F1800 X119.248 Y63.245 E846.57955
M204 S2000
G0 F9000 X119.248 Y62.679
M204 S500
G1 F1800 X120.748 Y64.179 E846.65011
M204 S2000
G0 F9000 X120.748 Y63.613
M204 S500
G1 F1800 X119.248 Y62.114 E846.72064
M204 S2000
G0 F9000 X119.248 Y61.548
M204 S500
G1 F1800 X120.748 Y63.048 E846.7912
M204 S2000
G0 F9000 X120.748 Y62.482
M204 S500
G1 F1800 X119.248 Y60.982 E846.86175
M204 S2000
G0 F9000 X119.248 Y60.417
M204 S500
G1 F1800 X120.748 Y61.916 E846.93228
M204 S2000
G0 F9000 X120.748 Y61.351
M204 S500
G1 F1800 X119.248 Y59.851 E847.00284
M204 S2000
G0 F9000 X119.248 Y59.285
M204 S500
G1 F1800 X120.748 Y60.785 E847.07339
M204 S2000
G0 F9000 X120.748 Y60.219
M204 S500
G1 F1800 X119.248 Y58.72 E847.14393
M204 S2000
G0 F9000 X119.248 Y58.154
M204 S500
G1 F1800 X120.748 Y59.654 E847.21448
M204 S2000
G0 F9000 X120.748 Y59.088
M204 S500
G1 F1800 X119.248 Y57.588 E847.28504
M204 S2000
G0 F9000 X119.248 Y57.023
M204 S500
G1 F1800 X120.748 Y58.522 E847.35557
M204 S2000
G0 F9000 X120.748 Y57.957
M204 S500
G1 F1800 X119.248 Y56.457 E847.42612
M204 S2000
G0 F9000 X119.248 Y55.891
M204 S500
G1 F1800 X120.748 Y57.391 E847.49668
M204 S2000
G0 F9000 X120.748 Y56.825
M204 S500
G1 F1800 X119.248 Y55.325 E847.56723
M204 S2000
G0 F9000 X119.248 Y54.76
M204 S500
G1 F1800 X120.748 Y56.26 E847.63779
M204 S2000
G0 F9000 X120.748 Y55.694
M204 S500
G1 F1800 X119.248 Y54.194 E847.70835
M204 S2000
G0 F9000 X119.248 Y53.628
M204 S500
G1 F1800 X120.748 Y55.128 E847.7789
M204 S2000
G0 F9000 X120.748 Y54.562
M204 S500
G1 F1800 X119.248 Y53.063 E847.84943
M204 S2000
G0 F9000 X119.248 Y52.497
M204 S500
G1 F1800 X120.748 Y53.997 E847.91999
M204 S2000
G0 F9000 X120.748 Y53.431
M204 S500
G1 F1800 X119.248 Y51.931 E847.99054
M204 S2000
G0 F9000 X119.248 Y51.366
M204 S500
G1 F1800 X120.748 Y52.865 E848.06108
M204 S2000
G0 F9000 X120.748 Y52.3
M204 S500
G1 F1800 X119.609 Y51.161 E848.11465
M204 S2000
G0 F9000 X120.174 Y51.161
M204 S500
G1 F1800 X120.748 Y51.734 E848.14163
M204 S2000
G1 F2400 E847.34163
;MESH:Weather_station_stand.STL(1)
G0 F9000 X121.208 Y51.734
G0 X121.136 Y79.228
G0 X118.688 Y79.57
G0 X118.688 Y80.665
G0 X118.688 Y99.335
G0 X118.688 Y124.432
M204 S500
;TYPE:WALL-INNER
G1 F2400 E848.14163
G1 F1800 X118.688 Y129.4 E848.30686
G1 X121.308 Y129.4 E848.394
G1 X121.308 Y100.6 E849.3519
G1 X118.688 Y100.6 E849.43904
G1 X118.688 Y124.432 E850.23169
M204 S2000
G1 F2400 E849.43169
G0 F9000 X118.599 Y128.833
G0 X118.288 Y128.832
M204 S500
;TYPE:WALL-OUTER
G1 F2400 E850.23169
G1 F1800 X118.288 Y129.8 E850.26389
G1 X121.708 Y129.8 E850.37764
G1 X121.708 Y100.2 E851.36214
G1 X118.288 Y100.2 E851.47589
G1 X118.288 Y128.832 E852.42819
M204 S2000
G1 F2400 E851.62819
G0 F9000 X118.599 Y128.833
G0 X118.788 Y120.472
G0 X119.048 Y120.472
M204 S500
;TYPE:SKIN
G1 F2400 E852.42819
G1 F1800 X119.048 Y100.96 E853.07716
G1 X120.948 Y100.96 E853.14036
G1 X120.948 Y129.04 E854.0743
G1 X119.048 Y129.04 E854.1375
G1 X119.048 Y120.472 E854.42247
M204 S2000
G1 F2400 E853.62247
G0 F9000 X118.788 Y120.472
G0 X118.788 Y128.299
G0 X119.248 Y128.299
M204 S500
G1 F2400 E854.42247
G1 F1800 X119.789 Y128.84 E854.44792
M204 S2000
G0 F9000 X120.355 Y128.84
M204 S500
G1 F1800 X119.248 Y127.733 E854.49999
M204 S2000
G0 F9000 X119.248 Y127.167
M204 S500
G1 F1800 X120.748 Y128.668 E854.57057
M204 S2000
G0 F9000 X120.748 Y128.102
M204 S500
G1 F1800 X119.248 Y126.602 E854.64112
M204 S2000
G0 F9000 X119.248 Y126.036
M204 S500
G1 F1800 X120.748 Y127.537 E854.7117
M204 S2000
G0 F9000 X120.748 Y126.971
M204 S500
G1 F1800 X119.248 Y125.47 E854.78228
M204 S2000
G0 F9000 X119.248 Y124.905
M204 S500
G1 F1800 X120.748 Y126.405 E854.85283
M204 S2000
G0 F9000 X120.748 Y125.84
M204 S500
G1 F1800 X119.248 Y124.339 E854.92341
M204 S2000
G0 F9000 X119.248 Y123.773
M204 S500
G1 F1800 X120.748 Y125.274 E854.99399
M204 S2000
G0 F9000 X120.748 Y124.708
M204 S500
G1 F1800 X119.248 Y123.208 E855.06455
M204 S2000
G0 F9000 X119.248 Y122.642
M204 S500
G1 F1800 X120.748 Y124.142 E855.1351
M204 S2000
G0 F9000 X120.748 Y123.577
M204 S500
G1 F1800 X119.248 Y122.076 E855.20568
M204 S2000
G0 F9000 X119.248 Y121.511
M204 S500
G1 F1800 X120.748 Y123.011 E855.27624
M204 S2000
G0 F9000 X120.748 Y122.445
M204 S500
G1 F1800 X119.248 Y120.945 E855.34679
M204 S2000
G0 F9000 X119.248 Y120.379
M204 S500
G1 F1800 X120.748 Y121.88 E855.41737
M204 S2000
G0 F9000 X120.748 Y121.314
M204 S500
G1 F1800 X119.248 Y119.814 E855.48793
M204 S2000
G0 F9000 X119.248 Y119.248
M204 S500
G1 F1800 X120.748 Y120.748 E855.55848
M204 S2000
G0 F9000 X120.748 Y120.183
M204 S500
G1 F1800 X119.248 Y118.682 E855.62906
M204 S2000
G0 F9000 X119.248 Y118.117
M204 S500
G1 F1800 X120.748 Y119.617 E855.69962
M204 S2000
G0 F9000 X120.748 Y119.051
M204 S500
G1 F1800 X119.248 Y117.551 E855.77017
M204 S2000
G0 F9000 X119.248 Y116.985
M204 S500
G1 F1800 X120.748 Y118.486 E855.84075
M204 S2000
G0 F9000 X120.748 Y117.92
M204 S500
G1 F1800 X119.248 Y116.419 E855.91133
M204 S2000
G0 F9000 X119.248 Y115.854
M204 S500
G1 F1800 X120.748 Y117.354 E855.98189
M204 S2000
G0 F9000 X120.748 Y116.789
M204 S500
G1 F1800 X119.248 Y115.288 E856.05246
M204 S2000
G0 F9000 X119.248 Y114.722
M204 S500
G1 F1800 X120.748 Y116.223 E856.12304
M204 S2000
G0 F9000 X120.748 Y115.657
M204 S500
G1 F1800 X119.248 Y114.157 E856.1936
M204 S2000
G0 F9000 X119.248 Y113.591
M204 S500
G1 F1800 X120.748 Y115.092 E856.26418
M204 S2000
G0 F9000 X120.748 Y114.526
M204 S500
G1 F1800 X119.248 Y113.025 E856.33476
M204 S2000
G0 F9000 X119.248 Y112.46
M204 S500
G1 F1800 X120.748 Y113.96 E856.40531
M204 S2000
G0 F9000 X120.748 Y113.394
M204 S500
G1 F1800 X119.248 Y111.894 E856.47587
M204 S2000
G0 F9000 X119.248 Y111.328
M204 S500
G1 F1800 X120.748 Y112.829 E856.54645
M204 S2000
G0 F9000 X120.748 Y112.263
M204 S500
G1 F1800 X119.248 Y110.763 E856.617
M204 S2000
G0 F9000 X119.248 Y110.197
M204 S500
G1 F1800 X120.748 Y111.697 E856.68756
M204 S2000
G0 F9000 X120.748 Y111.132
M204 S500
G1 F1800 X119.248 Y109.631 E856.75814
M204 S2000
G0 F9000 X119.248 Y109.066
M204 S500
G1 F1800 X120.748 Y110.566 E856.82869
M204 S2000
G0 F9000 X120.748 Y110
M204 S500
G1 F1800 X119.248 Y108.5 E856.89925
M204 S2000
G0 F9000 X119.248 Y107.934
M204 S500
G1 F1800 X120.748 Y109.435 E856.96983
M204 S2000
G0 F9000 X120.748 Y108.869
M204 S500
G1 F1800 X119.248 Y107.369 E857.04038
M204 S2000
G0 F9000 X119.248 Y106.803
M204 S500
G1 F1800 X120.748 Y108.303 E857.11094
M204 S2000
G0 F9000 X120.748 Y107.738
M204 S500
G1 F1800 X119.248 Y106.237 E857.18152
M204 S2000
G0 F9000 X119.248 Y105.671
M204 S500
G1 F1800 X120.748 Y107.172 E857.25209
M204 S2000
G0 F9000 X120.748 Y106.606
M204 S500
G1 F1800 X119.248 Y105.106 E857.32265
M204 S2000
G0 F9000 X119.248 Y104.54
M204 S500
G1 F1800 X120.748 Y106.041 E857.39323
M204 S2000
G0 F9000 X120.748 Y105.475
M204 S500
G1 F1800 X119.248 Y103.974 E857.46381
M204 S2000
G0 F9000 X119.248 Y103.409
M204 S500
G1 F1800 X120.748 Y104.909 E857.53436
M204 S2000
G0 F9000 X120.748 Y104.344
M204 S500
G1 F1800 X119.248 Y102.843 E857.60494
M204 S2000
G0 F9000 X119.248 Y102.277
M204 S500
G1 F1800 X120.748 Y103.778 E857.67552
M204 S2000
G0 F9000 X120.748 Y103.212
M204 S500
G1 F1800 X119.248 Y101.712 E857.74608
M204 S2000
G0 F9000 X119.262 Y101.16
M204 S500
G1 F1800 X120.748 Y102.646 E857.81597
M204 S2000
G0 F9000 X120.748 Y102.081
M204 S500
G1 F1800 X119.828 Y101.16 E857.85927
M204 S2000
G0 F9000 X120.393 Y101.16
M204 S500
G1 F1800 X120.748 Y101.515 E857.87597
M204 S2000
G1 F2400 E857.07597
;MESH:Weather_station_stand.STL
G0 F9000 X121.208 Y101.515
G0 X121.136 Y100.772
G0 X118.86 Y100.772
G0 X118.519 Y129.402
G0 X117.424 Y129.402
G0 X112.575 Y129.402
G0 X110 Y129.4
M204 S500
;TYPE:WALL-INNER
G1 F2400 E857.87597
G1 F1800 X111.308 Y129.4 E857.91947
G1 X111.308 Y100.6 E858.87737
G1 X108.688 Y100.6 E858.96451
G1 X108.688 Y129.4 E859.9224
G1 X110 Y129.4 E859.96604
M204 S2000
G0 F9000 X110 Y129.8
M204 S500
;TYPE:WALL-OUTER
G1 F1800 X111.708 Y129.8 E860.02284
G1 X111.708 Y100.2 E861.00734
G1 X108.288 Y100.2 E861.12109
G1 X108.288 Y129.8 E862.10559
G1 X110 Y129.8 E862.16254
M204 S2000
G0 F9000 X110 Y129.04
M204 S500
;TYPE:SKIN
G1 F1800 X109.048 Y129.04 E862.1942
G1 X109.048 Y100.96 E863.12814
G1 X110.948 Y100.96 E863.19134
G1 X110.948 Y129.04 E864.12528
G1 X110 Y129.04 E864.15681
M204 S2000
G0 F9000 X109.248 Y128.481
M204 S500
G1 F1800 X109.607 Y128.84 E864.1737
M204 S2000
G0 F9000 X110.172 Y128.84
M204 S500
G1 F1800 X109.248 Y127.916 E864.21716
M204 S2000
G0 F9000 X109.248 Y127.35
M204 S500
G1 F1800 X110.738 Y128.84 E864.28725
M204 S2000
G0 F9000 X110.748 Y128.285
M204 S500
G1 F1800 X109.248 Y126.784 E864.35783
M204 S2000
G0 F9000 X109.248 Y126.219
M204 S500
G1 F1800 X110.748 Y127.719 E864.42838
M204 S2000
G0 F9000 X110.748 Y127.153
M204 S500
G1 F1800 X109.248 Y125.653 E864.49894
M204 S2000
G0 F9000 X109.248 Y125.087
M204 S500
G1 F1800 X110.748 Y126.588 E864.56951
M204 S2000
G0 F9000 X110.748 Y126.022
M204 S500
G1 F1800 X109.248 Y124.522 E864.64007
M204 S2000
G0 F9000 X109.248 Y123.956
M204 S500
G1 F1800 X110.748 Y125.456 E864.71063
M204 S2000
G0 F9000 X110.748 Y124.891
M204 S500
G1 F1800 X109.248 Y123.39 E864.7812
M204 S2000
G0 F9000 X109.248 Y122.824
M204 S500
G1 F1800 X110.748 Y124.325 E864.85178
M204 S2000
G0 F9000 X110.748 Y123.759
M204 S500
G1 F1800 X109.248 Y122.259 E864.92234
M204 S2000
G0 F9000 X109.248 Y121.693
M204 S500
G1 F1800 X110.748 Y123.194 E864.99292
M204 S2000
G0 F9000 X110.748 Y122.628
M204 S500
G1 F1800 X109.248 Y121.127 E865.0635
M204 S2000
G0 F9000 X109.248 Y120.562
M204 S500
G1 F1800 X110.748 Y122.062 E865.13405
M204 S2000
G0 F9000 X110.748 Y121.497
M204 S500
G1 F1800 X109.248 Y119.996 E865.20463
M204 S2000
G0 F9000 X109.248 Y119.43
M204 S500
G1 F1800 X110.748 Y120.931 E865.27521
M204 S2000
G0 F9000 X110.748 Y120.365
M204 S500
G1 F1800 X109.248 Y118.865 E865.34577
M204 S2000
G0 F9000 X109.248 Y118.299
M204 S500
G1 F1800 X110.748 Y119.799 E865.41632
M204 S2000
G0 F9000 X110.748 Y119.234
M204 S500
G1 F1800 X109.248 Y117.733 E865.4869
M204 S2000
G0 F9000 X109.248 Y117.168
M204 S500
G1 F1800 X110.748 Y118.668 E865.55746
M204 S2000
G0 F9000 X110.748 Y118.102
M204 S500
G1 F1800 X109.248 Y116.602 E865.62801
M204 S2000
G0 F9000 X109.248 Y116.036
M204 S500
G1 F1800 X110.748 Y117.537 E865.69859
M204 S2000
G0 F9000 X110.748 Y116.971
M204 S500
G1 F1800 X109.248 Y115.471 E865.76914
M204 S2000
G0 F9000 X109.248 Y114.905
M204 S500
G1 F1800 X110.748 Y116.405 E865.8397
M204 S2000
G0 F9000 X110.748 Y115.84
M204 S500
G1 F1800 X109.248 Y114.339 E865.91028
M204 S2000
G0 F9000 X109.248 Y113.773
M204 S500
G1 F1800 X110.748 Y115.274 E865.98086
M204 S2000
G0 F9000 X110.748 Y114.708
M204 S500
G1 F1800 X109.248 Y113.208 E866.05141
M204 S2000
G0 F9000 X109.248 Y112.642
M204 S500
G1 F1800 X110.748 Y114.143 E866.12199
M204 S2000
G0 F9000 X110.748 Y113.577
M204 S500
G1 F1800 X109.248 Y112.076 E866.19257
M204 S2000
G0 F9000 X109.248 Y111.511
M204 S500
G1 F1800 X110.748 Y113.011 E866.26313
M204 S2000
G0 F9000 X110.748 Y112.446
M204 S500
G1 F1800 X109.248 Y110.945 E866.33371
M204 S2000
G0 F9000 X109.248 Y110.379
M204 S500
G1 F1800 X110.748 Y111.88 E866.40428
M204 S2000
G0 F9000 X110.748 Y111.314
M204 S500
G1 F1800 X109.248 Y109.814 E866.47484
M204 S2000
G0 F9000 X109.248 Y109.248
M204 S500
G1 F1800 X110.748 Y110.748 E866.5454
M204 S2000
G0 F9000 X110.748 Y110.183
M204 S500
G1 F1800 X109.248 Y108.682 E866.61597
M204 S2000
G0 F9000 X109.248 Y108.117
M204 S500
G1 F1800 X110.748 Y109.617 E866.68653
M204 S2000
G0 F9000 X110.748 Y109.051
M204 S500
G1 F1800 X109.248 Y107.551 E866.75709
M204 S2000
G0 F9000 X109.248 Y106.985
M204 S500
G1 F1800 X110.748 Y108.486 E866.82766
M204 S2000
G0 F9000 X110.748 Y107.92
M204 S500
G1 F1800 X109.248 Y106.42 E866.89822
M204 S2000
G0 F9000 X109.248 Y105.854
M204 S500
G1 F1800 X110.748 Y107.354 E866.96877
M204 S2000
G0 F9000 X110.748 Y106.789
M204 S500
G1 F1800 X109.248 Y105.288 E867.03935
M204 S2000
G0 F9000 X109.248 Y104.723
M204 S500
G1 F1800 X110.748 Y106.223 E867.10991
M204 S2000
G0 F9000 X110.748 Y105.657
M204 S500
G1 F1800 X109.248 Y104.157 E867.18046
M204 S2000
G0 F9000 X109.248 Y103.591
M204 S500
G1 F1800 X110.748 Y105.092 E867.25104
M204 S2000
G0 F9000 X110.748 Y104.526
M204 S500
G1 F1800 X109.248 Y103.025 E867.32162
M204 S2000
G0 F9000 X109.248 Y102.46
M204 S500
G1 F1800 X110.748 Y103.96 E867.39218
M204 S2000
G0 F9000 X110.748 Y103.395
M204 S500
G1 F1800 X109.248 Y101.894 E867.46276
M204 S2000
G0 F9000 X109.248 Y101.328
M204 S500
G1 F1800 X110.748 Y102.829 E867.53334
M204 S2000
G0 F9000 X110.748 Y102.263
M204 S500
G1 F1800 X109.645 Y101.16 E867.58522
M204 S2000
G0 F9000 X110.211 Y101.16
M204 S500
G1 F1800 X110.748 Y101.698 E867.6105
M204 S2000
G1 F2400 E866.8105
;MESH:NONMESH
G0 F300 Z4.4
G0 F9000 X111.208 Y101.698
G0 X111.136 Y100.772
G0 X110 Y100.43
G0 X110 Y99.335
G0 X110 Y80.665
G0 X110 Y79.4
;TIME_ELAPSED:1297.190822
;LAYER:21
M204 S500
;TYPE:WALL-INNER
;MESH:Weather_station_stand.STL(3)
G1 F2400 E867.6105
G1 F1800 X111.132 Y79.4 E867.64815
G1 X111.132 Y50.6 E868.60604
G1 X108.864 Y50.6 E868.68148
G1 X108.864 Y79.4 E869.63937
G1 X110 Y79.4 E869.67715
M204 S2000
G0 F9000 X110 Y79.8
M204 S500
;TYPE:WALL-OUTER
G1 F1800 X111.532 Y79.8 E869.72811
G1 X111.532 Y50.2 E870.71261
G1 X108.464 Y50.2 E870.81465
G1 X108.464 Y79.8 E871.79915
G1 X110 Y79.8 E871.85024
M204 S2000
G0 F9000 X110 Y79.04
M204 S500
;TYPE:SKIN
G1 F1800 X109.224 Y79.04 E871.87605
G1 X109.224 Y50.96 E872.80999
G1 X110.772 Y50.96 E872.86148
G1 X110.772 Y79.04 E873.79542
G1 X110 Y79.04 E873.8211
M204 S2000
G0 F9000 X110.099 Y78.84
M204 S500
G1 F1800 X110.572 Y78.367 E873.84335
M204 S2000
G0 F9000 X110.572 Y77.801
M204 S500
G1 F1800 X109.533 Y78.84 E873.89222
M204 S2000
G0 F9000 X109.424 Y78.383
M204 S500
G1 F1800 X110.572 Y77.235 E873.94622
M204 S2000
G0 F9000 X110.572 Y76.669
M204 S500
G1 F1800 X109.424 Y77.818 E874.00024
M204 S2000
G0 F9000 X109.424 Y77.252
M204 S500
G1 F1800 X110.572 Y76.104 E874.05424
M204 S2000
G0 F9000 X110.572 Y75.538
M204 S500
G1 F1800 X109.424 Y76.686 E874.10824
M204 S2000
G0 F9000 X109.424 Y76.121
M204 S500
G1 F1800 X110.572 Y74.972 E874.16226
M204 S2000
G0 F9000 X110.572 Y74.407
M204 S500
G1 F1800 X109.424 Y75.555 E874.21626
M204 S2000
G0 F9000 X109.424 Y74.989
M204 S500
G1 F1800 X110.572 Y73.841 E874.27025
M204 S2000
G0 F9000 X110.572 Y73.275
M204 S500
G1 F1800 X109.424 Y74.424 E874.32428
M204 S2000
G0 F9000 X109.424 Y73.858
M204 S500
G1 F1800 X110.572 Y72.71 E874.37827
M204 S2000
G0 F9000 X110.572 Y72.144
M204 S500
G1 F1800 X109.424 Y73.292 E874.43227
M204 S2000
G0 F9000 X109.424 Y72.727
M204 S500
G1 F1800 X110.572 Y71.578 E874.48629
M204 S2000
G0 F9000 X110.572 Y71.013
M204 S500
G1 F1800 X109.424 Y72.161 E874.54029
M204 S2000
G0 F9000 X109.424 Y71.595
M204 S500
G1 F1800 X110.572 Y70.447 E874.59429
M204 S2000
G0 F9000 X110.572 Y69.881
M204 S500
G1 F1800 X109.424 Y71.03 E874.64831
M204 S2000
G0 F9000 X109.424 Y70.464
M204 S500
G1 F1800 X110.572 Y69.316 E874.70231
M204 S2000
G0 F9000 X110.572 Y68.75
M204 S500
G1 F1800 X109.424 Y69.898 E874.75631
M204 S2000
G0 F9000 X109.424 Y69.333
M204 S500
G1 F1800 X110.572 Y68.184 E874.81033
M204 S2000
G0 F9000 X110.572 Y67.619
M204 S500
G1 F1800 X109.424 Y68.767 E874.86433
M204 S2000
G0 F9000 X109.424 Y68.201
M204 S500
G1 F1800 X110.572 Y67.053 E874.91833
M204 S2000
G0 F9000 X110.572 Y66.487
M204 S500
G1 F1800 X109.424 Y67.635 E874.97233
M204 S2000
G0 F9000 X109.424 Y67.07
M204 S500
G1 F1800 X110.572 Y65.921 E875.02635
M204 S2000
G0 F9000 X110.572 Y65.356
M204 S500
G1 F1800 X109.424 Y66.504 E875.08035
M204 S2000
G0 F9000 X109.424 Y65.938
M204 S500
G1 F1800 X110.572 Y64.79 E875.13435
M204 S2000
G0 F9000 X110.572 Y64.224
M204 S500
G1 F1800 X109.424 Y65.373 E875.18837
M204 S2000
G0 F9000 X109.424 Y64.807
M204 S500
G1 F1800 X110.572 Y63.659 E875.24237
M204 S2000
G0 F9000 X110.572 Y63.093
M204 S500
G1 F1800 X109.424 Y64.241 E875.29636
M204 S2000
G0 F9000 X109.424 Y63.676
M204 S500
G1 F1800 X110.572 Y62.527 E875.35039
M204 S2000
G0 F9000 X110.572 Y61.962
M204 S500
G1 F1800 X109.424 Y63.11 E875.40439
M204 S2000
G0 F9000 X109.424 Y62.544
M204 S500
G1 F1800 X110.572 Y61.396 E875.45838
M204 S2000
G0 F9000 X110.572 Y60.83
M204 S500
G1 F1800 X109.424 Y61.979 E875.51241
M204 S2000
G0 F9000 X109.424 Y61.413
M204 S500
G1 F1800 X110.572 Y60.265 E875.5664
M204 S2000
G0 F9000 X110.572 Y59.699
M204 S500
G1 F1800 X109.424 Y60.847 E875.6204
M204 S2000
G0 F9000 X109.424 Y60.282
M204 S500
G1 F1800 X110.572 Y59.133 E875.67442
M204 S2000
G0 F9000 X110.572 Y58.568
M204 S500
G1 F1800 X109.424 Y59.716 E875.72842
M204 S2000
G0 F9000 X109.424 Y59.15
M204 S500
G1 F1800 X110.572 Y58.002 E875.78242
M204 S2000
G0 F9000 X110.572 Y57.436
M204 S500
G1 F1800 X109.424 Y58.585 E875.83644
M204 S2000
G0 F9000 X109.424 Y58.019
M204 S500
G1 F1800 X110.572 Y56.87 E875.89046
M204 S2000
G0 F9000 X110.572 Y56.305
M204 S500
G1 F1800 X109.424 Y57.453 E875.94446
M204 S2000
G0 F9000 X109.424 Y56.887
M204 S500
G1 F1800 X110.572 Y55.739 E875.99846
M204 S2000
G0 F9000 X110.572 Y55.173
M204 S500
G1 F1800 X109.424 Y56.322 E876.05248
M204 S2000
G0 F9000 X109.424 Y55.756
M204 S500
G1 F1800 X110.572 Y54.608 E876.10648
M204 S2000
G0 F9000 X110.572 Y54.042
M204 S500
G1 F1800 X109.424 Y55.19 E876.16048
M204 S2000
G0 F9000 X109.424 Y54.625
M204 S500
G1 F1800 X110.572 Y53.476 E876.2145
M204 S2000
G0 F9000 X110.572 Y52.911
M204 S500
G1 F1800 X109.424 Y54.059 E876.2685
M204 S2000
G0 F9000 X109.424 Y53.493
M204 S500
G1 F1800 X110.572 Y52.345 E876.3225
M204 S2000
G0 F9000 X110.572 Y51.779
M204 S500
G1 F1800 X109.424 Y52.928 E876.37652
M204 S2000
G0 F9000 X109.424 Y52.362
M204 S500
G1 F1800 X110.572 Y51.214 E876.43052
M204 S2000
G0 F9000 X110.06 Y51.16
M204 S500
G1 F1800 X109.424 Y51.796 E876.46043
M204 S2000
G0 F9000 X109.424 Y51.231
M204 S500
G1 F1800 X109.495 Y51.16 E876.46377
M204 S2000
G1 F2400 E875.66377
;MESH:Weather_station_stand.STL(2)
G0 F9000 X109.495 Y50.7
G0 X110.96 Y50.772
G0 X111.304 Y78.176
G0 X112.399 Y78.176
G0 X117.6 Y78.178
G0 X118.864 Y78.176
M204 S500
;TYPE:WALL-INNER
G1 F2400 E876.46377
G1 F1800 X118.864 Y79.4 E876.50448
G1 X121.132 Y79.4 E876.57992
G1 X121.132 Y50.6 E877.53781
G1 X118.864 Y50.6 E877.61324
G1 X118.864 Y78.176 E878.53043
M204 S2000
G1 F2400 E877.73043
G0 F9000 X118.762 Y79.49
G0 X118.762 Y79.8
M204 S500
;TYPE:WALL-OUTER
G1 F2400 E878.53043
G1 F1800 X121.532 Y79.8 E878.62256
G1 X121.532 Y50.2 E879.60706
G1 X118.464 Y50.2 E879.7091
G1 X118.464 Y79.8 E880.6936
G1 X118.762 Y79.8 E880.70351
M204 S2000
G1 F2400 E879.90351
G0 F9000 X118.762 Y79.49
G0 X118.964 Y72.416
G0 X119.224 Y72.416
M204 S500
;TYPE:SKIN
G1 F2400 E880.70351
G1 F1800 X119.224 Y50.96 E881.41714
G1 X120.772 Y50.96 E881.46863
G1 X120.772 Y79.04 E882.40257
G1 X119.224 Y79.04 E882.45406
G1 X119.224 Y72.416 E882.67437
M204 S2000
G1 F2400 E881.87437
G0 F9000 X118.964 Y72.416
G0 X119.036 Y79.228
G0 X120.281 Y79.3
G0 X120.281 Y78.84
M204 S500
G1 F2400 E882.67437
G1 F1800 X120.572 Y78.549 E882.68806
M204 S2000
G0 F9000 X120.572 Y77.983
M204 S500
G1 F1800 X119.715 Y78.84 E882.72837
M204 S2000
G0 F9000 X119.424 Y78.566
M204 S500
G1 F1800 X120.572 Y77.418 E882.78237
M204 S2000
G0 F9000 X120.572 Y76.852
M204 S500
G1 F1800 X119.424 Y78 E882.83637
M204 S2000
G0 F9000 X119.424 Y77.435
M204 S500
G1 F1800 X120.572 Y76.286 E882.89039
M204 S2000
G0 F9000 X120.572 Y75.721
M204 S500
G1 F1800 X119.424 Y76.869 E882.94439
M204 S2000
G0 F9000 X119.424 Y76.303
M204 S500
G1 F1800 X120.572 Y75.155 E882.99839
M204 S2000
G0 F9000 X120.572 Y74.589
M204 S500
G1 F1800 X119.424 Y75.738 E883.05241
M204 S2000
G0 F9000 X119.424 Y75.172
M204 S500
G1 F1800 X120.572 Y74.023 E883.10643
M204 S2000
G0 F9000 X120.572 Y73.458
M204 S500
G1 F1800 X119.424 Y74.606 E883.16043
M204 S2000
G0 F9000 X119.424 Y74.04
M204 S500
G1 F1800 X120.572 Y72.892 E883.21443
M204 S2000
G0 F9000 X120.572 Y72.326
M204 S500
G1 F1800 X119.424 Y73.475 E883.26845
M204 S2000
G0 F9000 X119.424 Y72.909
M204 S500
G1 F1800 X120.572 Y71.761 E883.32245
M204 S2000
G0 F9000 X120.572 Y71.195
M204 S500
G1 F1800 X119.424 Y72.343 E883.37645
M204 S2000
G0 F9000 X119.424 Y71.778
M204 S500
G1 F1800 X120.572 Y70.629 E883.43047
M204 S2000
G0 F9000 X120.572 Y70.064
M204 S500
G1 F1800 X119.424 Y71.212 E883.48447
M204 S2000
G0 F9000 X119.424 Y70.646
M204 S500
G1 F1800 X120.572 Y69.498 E883.53846
M204 S2000
G0 F9000 X120.572 Y68.932
M204 S500
G1 F1800 X119.424 Y70.081 E883.59249
M204 S2000
G0 F9000 X119.424 Y69.515
M204 S500
G1 F1800 X120.572 Y68.367 E883.64649
M204 S2000
G0 F9000 X120.572 Y67.801
M204 S500
G1 F1800 X119.424 Y68.949 E883.70048
M204 S2000
G0 F9000 X119.424 Y68.384
M204 S500
G1 F1800 X120.572 Y67.235 E883.75451
M204 S2000
G0 F9000 X120.572 Y66.67
M204 S500
G1 F1800 X119.424 Y67.818 E883.8085
M204 S2000
G0 F9000 X119.424 Y67.252
M204 S500
G1 F1800 X120.572 Y66.104 E883.8625
M204 S2000
G0 F9000 X120.572 Y65.538
M204 S500
G1 F1800 X119.424 Y66.687 E883.91652
M204 S2000
G0 F9000 X119.424 Y66.121
M204 S500
G1 F1800 X120.572 Y64.973 E883.97052
M204 S2000
G0 F9000 X120.572 Y64.407
M204 S500
G1 F1800 X119.424 Y65.555 E884.02452
M204 S2000
G0 F9000 X119.424 Y64.989
M204 S500
G1 F1800 X120.572 Y63.841 E884.07852
M204 S2000
G0 F9000 X120.572 Y63.275
M204 S500
G1 F1800 X119.424 Y64.424 E884.13254
M204 S2000
G0 F9000 X119.424 Y63.858
M204 S500
G1 F1800 X120.572 Y62.71 E884.18654
M204 S2000
G0 F9000 X120.572 Y62.144
M204 S500
G1 F1800 X119.424 Y63.292 E884.24054
M204 S2000
G0 F9000 X119.424 Y62.727
M204 S500
G1 F1800 X120.572 Y61.578 E884.29456
M204 S2000
G0 F9000 X120.572 Y61.013
M204 S500
G1 F1800 X119.424 Y62.161 E884.34856
M204 S2000
G0 F9000 X119.424 Y61.595
M204 S500
G1 F1800 X120.572 Y60.447 E884.40256
M204 S2000
G0 F9000 X120.572 Y59.881
M204 S500
G1 F1800 X119.424 Y61.03 E884.45658
M204 S2000
G0 F9000 X119.424 Y60.464
M204 S500
G1 F1800 X120.572 Y59.316 E884.51058
M204 S2000
G0 F9000 X120.572 Y58.75
M204 S500
G1 F1800 X119.424 Y59.898 E884.56458
M204 S2000
G0 F9000 X119.424 Y59.333
M204 S500
G1 F1800 X120.572 Y58.184 E884.6186
M204 S2000
G0 F9000 X120.572 Y57.619
M204 S500
G1 F1800 X119.424 Y58.767 E884.6726
M204 S2000
G0 F9000 X119.424 Y58.201
M204 S500
G1 F1800 X120.572 Y57.053 E884.72659
M204 S2000
G0 F9000 X120.572 Y56.487
M204 S500
G1 F1800 X119.424 Y57.636 E884.78062
M204 S2000
G0 F9000 X119.424 Y57.07
M204 S500
G1 F1800 X120.572 Y55.922 E884.83461
M204 S2000
G0 F9000 X120.572 Y55.356
M204 S500
G1 F1800 X119.424 Y56.504 E884.88861
M204 S2000
G0 F9000 X119.424 Y55.939
M204 S500
G1 F1800 X120.572 Y54.79 E884.94264
M204 S2000
G0 F9000 X120.572 Y54.224
M204 S500
G1 F1800 X119.424 Y55.373 E884.99666
M204 S2000
G0 F9000 X119.424 Y54.807
M204 S500
G1 F1800 X120.572 Y53.659 E885.05066
M204 S2000
G0 F9000 X120.572 Y53.093
M204 S500
G1 F1800 X119.424 Y54.241 E885.10465
M204 S2000
G0 F9000 X119.424 Y53.676
M204 S500
G1 F1800 X120.572 Y52.527 E885.15868
M204 S2000
G0 F9000 X120.572 Y51.962
M204 S500
G1 F1800 X119.424 Y53.11 E885.21267
M204 S2000
G0 F9000 X119.424 Y52.544
M204 S500
G1 F1800 X120.572 Y51.396 E885.26667
M204 S2000
G0 F9000 X120.243 Y51.16
M204 S500
G1 F1800 X119.424 Y51.979 E885.3052
M204 S2000
G0 F9000 X119.424 Y51.413
M204 S500
G1 F1800 X119.677 Y51.16 E885.3171
M204 S2000
G1 F2400 E884.5171
;MESH:Weather_station_stand.STL(1)
G0 F9000 X119.677 Y50.7
G0 X119.036 Y50.772
G0 X118.864 Y79.57
G0 X118.864 Y80.665
G0 X118.864 Y99.335
G0 X118.864 Y122.496
M204 S500
;TYPE:WALL-INNER
G1 F2400 E885.3171
G1 F1800 X118.864 Y129.4 E885.54672
G1 X121.132 Y129.4 E885.62216
G1 X121.132 Y100.6 E886.58005
G1 X118.864 Y100.6 E886.65548
G1 X118.864 Y122.496 E887.38375
M204 S2000
G1 F2400 E886.58375
G0 F9000 X118.775 Y126.897
G0 X118.464 Y126.896
M204 S500
;TYPE:WALL-OUTER
G1 F2400 E887.38375
G1 F1800 X118.464 Y129.8 E887.48034
G1 X121.532 Y129.8 E887.58238
G1 X121.532 Y100.2 E888.56688
G1 X118.464 Y100.2 E888.66892
G1 X118.464 Y126.896 E889.55683
M204 S2000
G1 F2400 E888.75683
G0 F9000 X118.775 Y126.897
G0 X118.964 Y118.536
G0 X119.224 Y118.536
M204 S500
;TYPE:SKIN
G1 F2400 E889.55683
G1 F1800 X119.224 Y100.96 E890.14141
G1 X120.772 Y100.96 E890.1929
G1 X120.772 Y129.04 E891.12684
G1 X119.224 Y129.04 E891.17833
G1 X119.224 Y118.536 E891.52769
M204 S2000
G1 F2400 E890.72769
G0 F9000 X118.964 Y118.536
G0 X119.036 Y129.228
G0 X120.062 Y129.3
G0 X120.062 Y128.84
M204 S500
G1 F2400 E891.52769
G1 F1800 X120.572 Y128.33 E891.55168
M204 S2000
G0 F9000 X120.572 Y127.764
M204 S500
G1 F1800 X119.496 Y128.84 E891.6023
M204 S2000
G0 F9000 X119.424 Y128.346
M204 S500
G1 F1800 X120.572 Y127.199 E891.65627
M204 S2000
G0 F9000 X120.572 Y126.633
M204 S500
G1 F1800 X119.424 Y127.781 E891.71027
M204 S2000
G0 F9000 X119.424 Y127.215
M204 S500
G1 F1800 X120.572 Y126.067 E891.76427
M204 S2000
G0 F9000 X120.572 Y125.502
M204 S500
G1 F1800 X119.424 Y126.649 E891.81824
M204 S2000
G0 F9000 X119.424 Y126.084
M204 S500
G1 F1800 X120.572 Y124.936 E891.87224
M204 S2000
G0 F9000 X120.572 Y124.37
M204 S500
G1 F1800 X119.424 Y125.518 E891.92624
M204 S2000
G0 F9000 X119.424 Y124.952
M204 S500
G1 F1800 X120.572 Y123.804 E891.98024
M204 S2000
G0 F9000 X120.572 Y123.239
M204 S500
G1 F1800 X119.424 Y124.386 E892.03421
M204 S2000
G0 F9000 X119.424 Y123.821
M204 S500
G1 F1800 X120.572 Y122.673 E892.08821
M204 S2000
G0 F9000 X120.572 Y122.107
M204 S500
G1 F1800 X119.424 Y123.255 E892.14221
M204 S2000
G0 F9000 X119.424 Y122.689
M204 S500
G1 F1800 X120.572 Y121.542 E892.19618
M204 S2000
G0 F9000 X120.572 Y120.976
M204 S500
G1 F1800 X119.424 Y122.124 E892.25018
M204 S2000
G0 F9000 X119.424 Y121.558
M204 S500
G1 F1800 X120.572 Y120.41 E892.30418
M204 S2000
G0 F9000 X120.572 Y119.845
M204 S500
G1 F1800 X119.424 Y120.992 E892.35816
M204 S2000
G0 F9000 X119.424 Y120.427
M204 S500
G1 F1800 X120.572 Y119.279 E892.41215
M204 S2000
G0 F9000 X120.572 Y118.713
M204 S500
G1 F1800 X119.424 Y119.861 E892.46615
M204 S2000
G0 F9000 X119.424 Y119.295
M204 S500
G1 F1800 X120.572 Y118.148 E892.52013
M204 S2000
G0 F9000 X120.572 Y117.582
M204 S500
G1 F1800 X119.424 Y118.73 E892.57413
M204 S2000
G0 F9000 X119.424 Y118.164
M204 S500
G1 F1800 X120.572 Y117.016 E892.62812
M204 S2000
G0 F9000 X120.572 Y116.451
M204 S500
G1 F1800 X119.424 Y117.598 E892.6821
M204 S2000
G0 F9000 X119.424 Y117.033
M204 S500
G1 F1800 X120.572 Y115.885 E892.7361
M204 S2000
G0 F9000 X120.572 Y115.319
M204 S500
G1 F1800 X119.424 Y116.467 E892.7901
M204 S2000
G0 F9000 X119.424 Y115.901
M204 S500
G1 F1800 X120.572 Y114.754 E892.84407
M204 S2000
G0 F9000 X120.572 Y114.188
M204 S500
G1 F1800 X119.424 Y115.335 E892.89805
M204 S2000
G0 F9000 X119.424 Y114.77
M204 S500
G1 F1800 X120.572 Y113.622 E892.95204
M204 S2000
G0 F9000 X120.572 Y113.056
M204 S500
G1 F1800 X119.424 Y114.204 E893.00604
M204 S2000
G0 F9000 X119.424 Y113.638
M204 S500
G1 F1800 X120.572 Y112.491 E893.06002
M204 S2000
G0 F9000 X120.572 Y111.925
M204 S500
G1 F1800 X119.424 Y113.073 E893.11402
M204 S2000
G0 F9000 X119.424 Y112.507
M204 S500
G1 F1800 X120.572 Y111.359 E893.16801
M204 S2000
G0 F9000 X120.572 Y110.794
M204 S500
G1 F1800 X119.424 Y111.941 E893.22199
M204 S2000
G0 F9000 X119.424 Y111.376
M204 S500
G1 F1800 X120.572 Y110.228 E893.27599
M204 S2000
G0 F9000 X120.572 Y109.662
M204 S500
G1 F1800 X119.424 Y110.81 E893.32999
M204 S2000
G0 F9000 X119.424 Y110.244
M204 S500
G1 F1800 X120.572 Y109.097 E893.38396
M204 S2000
G0 F9000 X120.572 Y108.531
M204 S500
G1 F1800 X119.424 Y109.679 E893.43796
M204 S2000
G0 F9000 X119.424 Y109.113
M204 S500
G1 F1800 X120.572 Y107.965 E893.49196
M204 S2000
G0 F9000 X120.572 Y107.4
M204 S500
G1 F1800 X119.424 Y108.547 E893.54593
M204 S2000
G0 F9000 X119.424 Y107.982
M204 S500
G1 F1800 X120.572 Y106.834 E893.59993
M204 S2000
G0 F9000 X120.572 Y106.268
M204 S500
G1 F1800 X119.424 Y107.416 E893.65393
M204 S2000
G0 F9000 X119.424 Y106.85
M204 S500
G1 F1800 X120.572 Y105.703 E893.7079
M204 S2000
G0 F9000 X120.572 Y105.137
M204 S500
G1 F1800 X119.424 Y106.285 E893.7619
M204 S2000
G0 F9000 X119.424 Y105.719
M204 S500
G1 F1800 X120.572 Y104.571 E893.8159
M204 S2000
G0 F9000 X120.572 Y104.006
M204 S500
G1 F1800 X119.424 Y105.153 E893.86988
M204 S2000
G0 F9000 X119.424 Y104.587
M204 S500
G1 F1800 X120.572 Y103.44 E893.92385
M204 S2000
G0 F9000 X120.572 Y102.874
M204 S500
G1 F1800 X119.424 Y104.022 E893.97785
M204 S2000
G0 F9000 X119.424 Y103.456
M204 S500
G1 F1800 X120.572 Y102.308 E894.03185
M204 S2000
G0 F9000 X120.572 Y101.743
M204 S500
G1 F1800 X119.424 Y102.89 E894.08582
M204 S2000
G0 F9000 X119.424 Y102.325
M204 S500
G1 F1800 X120.572 Y101.177 E894.13982
M204 S2000
G0 F9000 X120.024 Y101.159
M204 S500
G1 F1800 X119.424 Y101.759 E894.16804
M204 S2000
G1 F2400 E893.36804
;MESH:Weather_station_stand.STL
G0 F9000 X118.964 Y101.759
G0 X118.695 Y129.402
G0 X117.6 Y129.402
G0 X112.399 Y129.402
G0 X110 Y129.4
M204 S500
;TYPE:WALL-INNER
G1 F2400 E894.16804
G1 F1800 X111.132 Y129.4 E894.20569
G1 X111.132 Y100.6 E895.16358
G1 X108.864 Y100.6 E895.23902
G1 X108.864 Y129.4 E896.19691
G1 X110 Y129.4 E896.23469
M204 S2000
G0 F9000 X110 Y129.8
M204 S500
;TYPE:WALL-OUTER
G1 F1800 X111.532 Y129.8 E896.28565
G1 X111.532 Y100.2 E897.27015
G1 X108.464 Y100.2 E897.37219
G1 X108.464 Y129.8 E898.35669
G1 X110 Y129.8 E898.40778
M204 S2000
G0 F9000 X110 Y129.04
M204 S500
;TYPE:SKIN
G1 F1800 X109.224 Y129.04 E898.43359
G1 X109.224 Y100.96 E899.36753
G1 X110.772 Y100.96 E899.41902
G1 X110.772 Y129.04 E900.35296
G1 X110 Y129.04 E900.37864
M204 S2000
G0 F9000 X110.445 Y128.84
M204 S500
G1 F1800 X110.572 Y128.713 E900.38461
M204 S2000
G0 F9000 X110.572 Y128.148
M204 S500
G1 F1800 X109.879 Y128.84 E900.41719
M204 S2000
G0 F9000 X109.424 Y128.729
M204 S500
G1 F1800 X110.572 Y127.582 E900.47116
M204 S2000
G0 F9000 X110.572 Y127.016
M204 S500
G1 F1800 X109.424 Y128.164 E900.52516
M204 S2000
G0 F9000 X109.424 Y127.598
M204 S500
G1 F1800 X110.572 Y126.45 E900.57916
M204 S2000
G0 F9000 X110.572 Y125.885
M204 S500
G1 F1800 X109.424 Y127.032 E900.63313
M204 S2000
G0 F9000 X109.424 Y126.467
M204 S500
G1 F1800 X110.572 Y125.319 E900.68713
M204 S2000
G0 F9000 X110.572 Y124.753
M204 S500
G1 F1800 X109.424 Y125.901 E900.74113
M204 S2000
G0 F9000 X109.424 Y125.335
M204 S500
G1 F1800 X110.572 Y124.188 E900.79511
M204 S2000
G0 F9000 X110.572 Y123.622
M204 S500
G1 F1800 X109.424 Y124.77 E900.8491
M204 S2000
G0 F9000 X109.424 Y124.204
M204 S500
G1 F1800 X110.572 Y123.056 E900.9031
M204 S2000
G0 F9000 X110.572 Y122.491
M204 S500
G1 F1800 X109.424 Y123.638 E900.95708
M204 S2000
G0 F9000 X109.424 Y123.073
M204 S500
G1 F1800 X110.572 Y121.925 E901.01108
M204 S2000
G0 F9000 X110.572 Y121.359
M204 S500
G1 F1800 X109.424 Y122.507 E901.06507
M204 S2000
G0 F9000 X109.424 Y121.941
M204 S500
G1 F1800 X110.572 Y120.794 E901.11905
M204 S2000
G0 F9000 X110.572 Y120.228
M204 S500
G1 F1800 X109.424 Y121.376 E901.17305
M204 S2000
G0 F9000 X109.424 Y120.81
M204 S500
G1 F1800 X110.572 Y119.662 E901.22705
M204 S2000
G0 F9000 X110.572 Y119.097
M204 S500
G1 F1800 X109.424 Y120.244 E901.28102
M204 S2000
G0 F9000 X109.424 Y119.679
M204 S500
G1 F1800 X110.572 Y118.531 E901.33502
M204 S2000
G0 F9000 X110.572 Y117.965
M204 S500
G1 F1800 X109.424 Y119.113 E901.38902
M204 S2000
G0 F9000 X109.424 Y118.547
M204 S500
G1 F1800 X110.572 Y117.4 E901.44299
M204 S2000
G0 F9000 X110.572 Y116.834
M204 S500
G1 F1800 X109.424 Y117.981 E901.49697
M204 S2000
G0 F9000 X109.424 Y117.416
M204 S500
G1 F1800 X110.572 Y116.268 E901.55097
M204 S2000
G0 F9000 X110.572 Y115.702
M204 S500
G1 F1800 X109.424 Y116.85 E901.60496
M204 S2000
G0 F9000 X109.424 Y116.284
M204 S500
G1 F1800 X110.572 Y115.137 E901.65894
M204 S2000
G0 F9000 X110.572 Y114.571
M204 S500
G1 F1800 X109.424 Y115.719 E901.71294
M204 S2000
G0 F9000 X109.424 Y115.153
M204 S500
G1 F1800 X110.572 Y114.005 E901.76694
M204 S2000
G0 F9000 X110.572 Y113.44
M204 S500
G1 F1800 X109.424 Y114.587 E901.82091
M204 S2000
G0 F9000 X109.424 Y114.022
M204 S500
G1 F1800 X110.572 Y112.874 E901.87491
M204 S2000
G0 F9000 X110.572 Y112.308
M204 S500
G1 F1800 X109.424 Y113.456 E901.92891
M204 S2000
G0 F9000 X109.424 Y112.89
M204 S500
G1 F1800 X110.572 Y111.743 E901.98288
M204 S2000
G0 F9000 X110.572 Y111.177
M204 S500
G1 F1800 X109.424 Y112.325 E902.03688
M204 S2000
G0 F9000 X109.424 Y111.759
M204 S500
G1 F1800 X110.572 Y110.611 E902.09088
M204 S2000
G0 F9000 X110.572 Y110.046
M204 S500
G1 F1800 X109.424 Y111.193 E902.14485
M204 S2000
G0 F9000 X109.424 Y110.628
M204 S500
G1 F1800 X110.572 Y109.48 E902.19885
M204 S2000
G0 F9000 X110.572 Y108.914
M204 S500
G1 F1800 X109.424 Y110.062 E902.25285
M204 S2000
G0 F9000 X109.424 Y109.496
M204 S500
G1 F1800 X110.572 Y108.349 E902.30683
M204 S2000
G0 F9000 X110.572 Y107.783
M204 S500
G1 F1800 X109.424 Y108.931 E902.36082
M204 S2000
G0 F9000 X109.424 Y108.365
M204 S500
G1 F1800 X110.572 Y107.217 E902.41482
M204 S2000
G0 F9000 X110.572 Y106.652
M204 S500
G1 F1800 X109.424 Y107.799 E902.4688
M204 S2000
G0 F9000 X109.424 Y107.233
M204 S500
G1 F1800 X110.572 Y106.086 E902.52277
M204 S2000
G0 F9000 X110.572 Y105.52
M204 S500
G1 F1800 X109.424 Y106.668 E902.57677
M204 S2000
G0 F9000 X109.424 Y106.102
M204 S500
G1 F1800 X110.572 Y104.954 E902.63077
M204 S2000
G0 F9000 X110.572 Y104.389
M204 S500
G1 F1800 X109.424 Y105.536 E902.68474
M204 S2000
G0 F9000 X109.424 Y104.971
M204 S500
G1 F1800 X110.572 Y103.823 E902.73874
M204 S2000
G0 F9000 X110.572 Y103.257
M204 S500
G1 F1800 X109.424 Y104.405 E902.79274
M204 S2000
G0 F9000 X109.424 Y103.839
M204 S500
G1 F1800 X110.572 Y102.692 E902.84672
M204 S2000
G0 F9000 X110.572 Y102.126
M204 S500
G1 F1800 X109.424 Y103.274 E902.90071
M204 S2000
G0 F9000 X109.424 Y102.708
M204 S500
G1 F1800 X110.572 Y101.56 E902.95471
M204 S2000
G0 F9000 X110.407 Y101.159
M204 S500
G1 F1800 X109.424 Y102.142 E903.00095
M204 S2000
G0 F9000 X109.424 Y101.577
M204 S500
G1 F1800 X109.841 Y101.159 E903.02059
M204 S2000
G1 F2400 E902.22059
;MESH:NONMESH
G0 F300 Z4.6
G0 F9000 X109.841 Y100.7
G0 X110 Y100.43
G0 X110 Y99.335
G0 X110 Y80.665
G0 X110 Y79.4
;TIME_ELAPSED:1358.139050
;LAYER:22
M204 S500
;TYPE:WALL-INNER
;MESH:Weather_station_stand.STL(3)
G1 F2400 E903.02059
G1 F1800 X110.884 Y79.4 E903.04999
G1 X110.884 Y50.6 E904.00788
G1 X109.112 Y50.6 E904.06682
G1 X109.112 Y79.4 E905.02471
G1 X110 Y79.4 E905.05425
M204 S2000
G0 F9000 X110 Y79.8
M204 S500
;TYPE:WALL-OUTER
G1 F1800 X111.284 Y79.8 E905.09695
G1 X111.284 Y50.2 E906.08145
G1 X108.712 Y50.2 E906.167
G1 X108.712 Y79.8 E907.1515
G1 X110 Y79.8 E907.19434
M204 S2000
G1 F2400 E906.39434
G0 F9000 X110 Y79.49
G0 X109.998 Y79.2
G0 X109.998 Y80.665
G0 X107.859 Y80.653
G0 X107.847 Y51.486
G0 X109.998 Y51.486
M204 S500
;TYPE:SKIN
G1 F2400 E907.19434
G1 F1104.3 X109.998 Y78.514 E908.65963
M204 S2000
G0 F9000 X110 Y79.04
M204 S500
G1 F1800 X109.472 Y79.04 E908.67719
G1 X109.472 Y50.96 E909.61114
G1 X110.524 Y50.96 E909.64613
G1 X110.524 Y79.04 E910.58007
G1 X110 Y79.04 E910.5975
M204 S2000
G1 F2400 E909.7975
;MESH:Weather_station_stand.STL(2)
G0 F9000 X110 Y79.3
G0 X110.712 Y79.228
G0 X111.057 Y74.208
G0 X112.152 Y74.208
G0 X117.847 Y74.21
G0 X119.112 Y74.208
M204 S500
;TYPE:WALL-INNER
G1 F2400 E910.5975
G1 F1800 X119.112 Y79.4 E910.77019
G1 X120.884 Y79.4 E910.82912
G1 X120.884 Y50.6 E911.78702
G1 X119.112 Y50.6 E911.84595
G1 X119.112 Y74.208 E912.63116
M204 S2000
G1 F2400 E911.83116
G0 F9000 X118.992 Y79.52
G0 X118.762 Y79.8
M204 S500
;TYPE:WALL-OUTER
G1 F2400 E912.63116
G1 F1800 X121.284 Y79.8 E912.71504
G1 X121.284 Y50.2 E913.69954
G1 X118.712 Y50.2 E913.78509
G1 X118.712 Y79.8 E914.76959
G1 X118.762 Y79.8 E914.77125
M204 S2000
G1 F2400 E913.97125
G0 F9000 X118.992 Y79.52
G0 X119.212 Y68.448
G0 X119.472 Y68.448
M204 S500
;TYPE:SKIN
G1 F2400 E914.77125
G1 F1800 X119.472 Y50.96 E915.3529
G1 X120.524 Y50.96 E915.38789
G1 X120.524 Y79.04 E916.32184
G1 X119.472 Y79.04 E916.35683
G1 X119.472 Y68.448 E916.70912
M204 S2000
G1 F2400 E915.90912
G0 F9000 X119.212 Y68.448
G0 X119.312 Y51.486
G0 X119.998 Y51.486
M204 S500
G1 F2400 E916.70912
G1 F1104.3 X119.998 Y78.514 E918.17441
M204 S2000
G1 F2400 E917.37441
;MESH:Weather_station_stand.STL(1)
G0 F9000 X119.998 Y80.665
G0 X119.998 Y99.335
G0 X119.112 Y119.768
M204 S500
;TYPE:WALL-INNER
G1 F2400 E918.17441
G1 F1800 X119.112 Y129.4 E918.49478
G1 X120.884 Y129.4 E918.55371
G1 X120.884 Y100.6 E919.5116
G1 X119.112 Y100.6 E919.57054
G1 X119.112 Y119.768 E920.20807
M204 S2000
G1 F2400 E919.40807
G0 F9000 X119.022 Y124.169
G0 X118.712 Y124.168
M204 S500
;TYPE:WALL-OUTER
G1 F2400 E920.20807
G1 F1800 X118.712 Y129.8 E920.39539
G1 X121.284 Y129.8 E920.48094
G1 X121.284 Y100.2 E921.46544
G1 X118.712 Y100.2 E921.55098
G1 X118.712 Y124.168 E922.34816
M204 S2000
G1 F2400 E921.54816
G0 F9000 X119.022 Y124.169
G0 X119.212 Y115.808
G0 X119.472 Y115.808
M204 S500
;TYPE:SKIN
G1 F2400 E922.34816
G1 F1800 X119.472 Y100.96 E922.84201
G1 X120.524 Y100.96 E922.877
G1 X120.524 Y129.04 E923.81094
G1 X119.472 Y129.04 E923.84593
G1 X119.472 Y115.808 E924.28603
M204 S2000
G1 F2400 E923.48603
G0 F9000 X119.212 Y115.808
G0 X119.312 Y101.486
G0 X119.998 Y101.486
M204 S500
G1 F2400 E924.28603
G1 F1104.3 X119.998 Y128.514 E925.75133
M204 S2000
G1 F2400 E924.95133
;MESH:Weather_station_stand.STL
G0 F9000 X117.847 Y128.514
G0 X112.152 Y128.514
G0 X110 Y129.4
M204 S500
;TYPE:WALL-INNER
G1 F2400 E925.75133
G1 F1800 X110.884 Y129.4 E925.78073
G1 X110.884 Y100.6 E926.73862
G1 X109.112 Y100.6 E926.79756
G1 X109.112 Y129.4 E927.75545
G1 X110 Y129.4 E927.78498
M204 S2000
G0 F9000 X110 Y129.8
M204 S500
;TYPE:WALL-OUTER
G1 F1800 X111.284 Y129.8 E927.82769
G1 X111.284 Y100.2 E928.81219
G1 X108.712 Y100.2 E928.89774
G1 X108.712 Y129.8 E929.88224
G1 X110 Y129.8 E929.92507
M204 S2000
G1 F2400 E929.12507
G0 F9000 X110 Y129.49
G0 X109.998 Y129.2
G0 X109.998 Y130.665
G0 X107.859 Y130.653
G0 X107.847 Y101.486
G0 X109.998 Y101.486
M204 S500
;TYPE:SKIN
G1 F2400 E929.92507
G1 F1104.3 X109.998 Y128.514 E931.39037
M204 S2000
G0 F9000 X110 Y129.04
M204 S500
G1 F1800 X109.472 Y129.04 E931.40793
G1 X109.472 Y100.96 E932.34188
G1 X110.524 Y100.96 E932.37687
G1 X110.524 Y129.04 E933.31081
G1 X110 Y129.04 E933.32824
M204 S2000
G1 F2400 E932.52824
;MESH:NONMESH
G0 F300 Z4.8
G0 F9000 X110 Y129.3
G0 X110.712 Y129.228
G0 X110.712 Y100.772
G0 X110 Y100.43
G0 X110 Y99.335
G0 X110 Y80.665
G0 X110 Y79.4
;TIME_ELAPSED:1397.860115
;LAYER:23
M204 S500
;TYPE:WALL-INNER
;MESH:Weather_station_stand.STL(3)
G1 F2400 E933.32824
G1 F1800 X110.568 Y79.4 E933.34713
G1 X110.568 Y50.6 E934.30502
G1 X109.428 Y50.6 E934.34294
G1 X109.428 Y79.4 E935.30083
G1 X110 Y79.4 E935.31986
M204 S2000
G0 F9000 X110 Y79.8
M204 S500
;TYPE:WALL-OUTER
G1 F1800 X110.968 Y79.8 E935.35205
G1 X110.968 Y50.2 E936.33655
G1 X109.028 Y50.2 E936.40108
G1 X109.028 Y79.8 E937.38558
G1 X110 Y79.8 E937.41791
M204 S2000
G0 F9000 X110 Y79.035
M204 S500
;TYPE:SKIN
G1 F1756.1 X109.793 Y79.035 E937.42496
G1 X109.793 Y50.965 E938.38191
G1 X110.203 Y50.965 E938.39589
G1 X110.203 Y79.035 E939.35284
G1 X110 Y79.035 E939.35977
M204 S2000
G1 F2400 E938.55977
;MESH:Weather_station_stand.STL(2)
G0 F9000 X110 Y79.3
G0 X110.396 Y79.228
G0 X110.739 Y69.152
G0 X111.834 Y69.152
G0 X118.165 Y69.154
G0 X119.428 Y69.152
M204 S500
;TYPE:WALL-INNER
G1 F2400 E939.35977
G1 F1800 X119.428 Y79.4 E939.70062
G1 X120.568 Y79.4 E939.73853
G1 X120.568 Y50.6 E940.69642
G1 X119.428 Y50.6 E940.73434
G1 X119.428 Y69.152 E941.35138
M204 S2000
G1 F2400 E940.55138
G0 F9000 X119.34 Y75.553
G0 X119.028 Y75.552
M204 S500
;TYPE:WALL-OUTER
G1 F2400 E941.35138
G1 F1800 X119.028 Y79.8 E941.49267
G1 X120.968 Y79.8 E941.5572
G1 X120.968 Y50.2 E942.5417
G1 X119.028 Y50.2 E942.60622
G1 X119.028 Y75.552 E943.44943
M204 S2000
G1 F2400 E942.64943
G0 F9000 X119.34 Y75.553
G0 X119.528 Y63.312
G0 X119.793 Y63.312
M204 S500
;TYPE:SKIN
G1 F2400 E943.44943
G1 F1756.1 X119.793 Y50.965 E943.87036
G1 X120.203 Y50.965 E943.88434
G1 X120.203 Y79.035 E944.84129
G1 X119.793 Y79.035 E944.85527
G1 X119.793 Y63.312 E945.39129
M204 S2000
G1 F2400 E944.59129
;MESH:Weather_station_stand.STL(1)
G0 F9000 X119.528 Y63.312
G0 X119.428 Y79.57
G0 X119.428 Y80.665
G0 X119.428 Y99.335
G0 X119.428 Y116.292
M204 S500
;TYPE:WALL-INNER
G1 F2400 E945.39129
G1 F1800 X119.428 Y129.4 E945.82727
G1 X120.568 Y129.4 E945.86518
G1 X120.568 Y100.6 E946.82307
G1 X119.428 Y100.6 E946.86099
G1 X119.428 Y116.292 E947.38291
M204 S2000
G1 F2400 E946.58291
G0 F9000 X119.34 Y120.693
G0 X119.028 Y120.692
M204 S500
;TYPE:WALL-OUTER
G1 F2400 E947.38291
G1 F1800 X119.028 Y129.8 E947.68584
G1 X120.968 Y129.8 E947.75037
G1 X120.968 Y100.2 E948.73487
G1 X119.028 Y100.2 E948.79939
G1 X119.028 Y120.692 E949.48096
M204 S2000
G1 F2400 E948.68096
G0 F9000 X119.34 Y120.693
G0 X119.528 Y112.277
G0 X119.793 Y112.277
M204 S500
;TYPE:SKIN
G1 F2400 E949.48096
G1 F1756.1 X119.793 Y100.965 E949.8666
G1 X120.203 Y100.965 E949.88058
G1 X120.203 Y129.035 E950.83753
G1 X119.793 Y129.035 E950.85151
G1 X119.793 Y112.277 E951.42282
M204 S2000
G1 F2400 E950.62282
;MESH:Weather_station_stand.STL
G0 F9000 X119.528 Y112.277
G0 X119.26 Y129.402
G0 X118.165 Y129.402
G0 X111.834 Y129.402
G0 X110 Y129.4
M204 S500
;TYPE:WALL-INNER
G1 F2400 E951.42282
G1 F1800 X110.568 Y129.4 E951.44171
G1 X110.568 Y100.6 E952.3996
G1 X109.428 Y100.6 E952.43752
G1 X109.428 Y129.4 E953.39541
G1 X110 Y129.4 E953.41443
M204 S2000
G0 F9000 X110 Y129.8
M204 S500
;TYPE:WALL-OUTER
G1 F1800 X110.968 Y129.8 E953.44663
G1 X110.968 Y100.2 E954.43113
G1 X109.028 Y100.2 E954.49565
G1 X109.028 Y129.8 E955.48015
G1 X110 Y129.8 E955.51248
M204 S2000
G0 F9000 X110 Y129.035
M204 S500
;TYPE:SKIN
G1 F1756.1 X109.793 Y129.035 E955.51954
G1 X109.793 Y100.965 E956.47649
G1 X110.203 Y100.965 E956.49047
G1 X110.203 Y129.035 E957.44742
G1 X110 Y129.035 E957.45434
M204 S2000
G1 F2400 E956.65434
;MESH:NONMESH
G0 F300 Z5
G0 F9000 X110 Y129.3
G0 X110.396 Y129.228
G0 X110.396 Y100.772
G0 X109.998 Y100.43
G0 X109.998 Y99.335
G0 X109.998 Y80.665
G0 X109.998 Y50.682
;TIME_ELAPSED:1429.098019
;LAYER:24
M204 S500
;TYPE:WALL-INNER
;MESH:Weather_station_stand.STL(3)
G1 F2400 E957.45434
G1 F1276.6 X109.998 Y79.318 E958.79728
M204 S2000
G0 F9000 X110 Y79.8
M204 S500
;TYPE:WALL-OUTER
G1 F1800 X110.48 Y79.8 E958.81324
G1 X110.48 Y50.2 E959.79774
G1 X109.516 Y50.2 E959.82981
G1 X109.516 Y79.8 E960.81431
G1 X110 Y79.8 E960.83041
M204 S2000
G1 F2400 E960.03041
;MESH:Weather_station_stand.STL(2)
G0 F9000 X110 Y79.49
G0 X110.253 Y79.318
G0 X111.348 Y79.318
G0 X118.651 Y79.32
G0 X119.998 Y79.318
M204 S500
;TYPE:WALL-INNER
G1 F2400 E960.83041
G1 F1276.6 X119.998 Y50.682 E962.17334
M204 S2000
G1 F2400 E961.37334
G0 F9000 X119.826 Y67.745
G1 F2400 E962.17334
G0 F9000 X119.516 Y67.744
G0 E961.37334
M204 S500
;TYPE:WALL-OUTER
G1 F2400 E962.17334
G1 F1800 X119.516 Y79.8 E962.57433
G1 X120.48 Y79.8 E962.60639
G1 X120.48 Y50.2 E963.59089
G1 X119.516 Y50.2 E963.62295
G1 X119.516 Y67.744 E964.20647
M204 S2000
G1 F2400 E963.40647
;MESH:Weather_station_stand.STL(1)
G0 F9000 X119.826 Y67.745
G0 X119.998 Y79.57
G0 X119.998 Y80.665
G0 X119.998 Y99.335
G0 X119.998 Y100.682
M204 S500
;TYPE:WALL-INNER
G1 F2400 E964.20647
G1 F1276.6 X119.998 Y129.318 E965.5494
M204 S2000
G1 F2400 E964.7494
G0 F9000 X119.826 Y115.325
G1 F2400 E965.5494
G0 F9000 X119.516 Y115.324
G0 E964.7494
M204 S500
;TYPE:WALL-OUTER
G1 F2400 E965.5494
G1 F1800 X119.516 Y129.8 E966.03088
G1 X120.48 Y129.8 E966.06294
G1 X120.48 Y100.2 E967.04744
G1 X119.516 Y100.2 E967.0795
G1 X119.516 Y115.324 E967.58253
M204 S2000
G1 F2400 E966.78253
;MESH:Weather_station_stand.STL
G0 F9000 X119.826 Y115.325
G0 X119.746 Y129.32
G0 X118.651 Y129.32
G0 X111.348 Y129.32
G0 X109.998 Y129.318
M204 S500
;TYPE:WALL-INNER
G1 F2400 E967.58253
G1 F1276.6 X109.998 Y100.682 E968.92547
M204 S2000
G1 F2400 E968.12547
G0 F9000 X110 Y129.49
G1 F2400 E968.92547
G0 F9000 X110 Y129.8
G0 E968.12547
M204 S500
;TYPE:WALL-OUTER
G1 F2400 E968.92547
G1 F1800 X110.48 Y129.8 E968.94143
G1 X110.48 Y100.2 E969.92593
G1 X109.516 Y100.2 E969.95799
G1 X109.516 Y129.8 E970.94249
G1 X110 Y129.8 E970.95859
;TIME_ELAPSED:1446.670498
G1 F2400 E970.15859
M140 S0
M107
G91 ;Relative positioning
G1 E-2 F2700 ;Retract a bit
G1 E-2 Z0.2 F2400 ;Retract and raise Z
G1 X5 Y5 F3000 ;Wipe out
G1 Z10 ;Raise Z more
G90 ;Absolute positioning

G1 X0 Y220 ;Present print
M106 S0 ;Turn-off fan
M104 S0 ;Turn-off hotend
M140 S0 ;Turn-off bed

M84 X Y E ;Disable all steppers but Z

M82 ;absolute extrusion mode
M104 S0
;End of Gcode
;SETTING_3 {"global_quality": "[general]\\nversion = 4\\nname = Standard Quality
;SETTING_3  #2\\ndefinition = creality_ender3s1pro\\n\\n[metadata]\\ntype = qual
;SETTING_3 ity_changes\\nquality_type = standard\\nsetting_version = 26\\n\\n[va
;SETTING_3 lues]\\nadhesion_type = brim\\n\\n", "extruder_quality": ["[general]\
;SETTING_3 \nversion = 4\\nname = Standard Quality #2\\ndefinition = creality_ba
;SETTING_3 se\\n\\n[metadata]\\ntype = quality_changes\\nquality_type = standard
;SETTING_3 \\nsetting_version = 26\\nposition = 0\\n\\n[values]\\n\\n"]}
